iter,x_k,f(x_k)=pN-4,pN'(x_k)
0,2.0,0.25,4.0
1,1.9375,0.020295427939646338,3.6000176227719587
2,1.9318624087250942,3.857493076253604e-05,3.5863280344541586
3,1.931851652617345,1.4061374287166473e-10,3.586301888767506
4,1.9318516525781364,-8.881784197001252e-16,3.586301888672191
