N1,N2,Linf_on_fine,L2_on_fine
48,96,5.867528685143952e-14,3.1897811706869086e-14
