0.1353352832366127,0.13806923731089277,0.14085842092104495,0.14370394977770293,0.14660696213035015,0.14956861922263506,0.1525901057568839,0.15567263036799733,0.15881742610692068,0.16202575093388072,0.1652988882215865,0.16863814726859552,0.17204486382305048,0.17552040061699684,0.1790661479114932,0.18268352405273466,0.1863739760394099,0.19013898010152053,0.19398004229089186,0.1978986990836147,0.20189651799465536,0.2059750982048834,0.2101360712007647,0.214381101426978,0.2187118869522149,0.22313016014842993,0.22763768838381274,0.23223627472975883,0.23692775868212174,0.2417140168970364,0.24659696394160638,0.25157855305975646,0.2566607769535559,0.26184566858032593,0.2671353019658502,0.2725317930340126,0.2780373004531941,0.2836540264997703,0.2893842179390506,0.2952301669240143,0.30119421191220214,0.3072787386011312,0.31348618088260516,0.3198190218163039,0.32627979462303947,0.3328710836980796,0.3395955256449392,0.3464558103300574,0.3534546819587801,0.3605949401730783,0.3678794411714424,0.3753110988513995,0.38289288597511195,0.390627835358521,0.3985190410845143,0.40656965974059917,0.4147829116815815,0.4231620823177489,0.43171052342907973,0.4404316545059992,0.44932896411722156,0.4584060113052236,0.46766642700990907,0.4771139155210344,0.4867522559599716,0.4965853037914098,0.5066169923655897,0.5168513344916993,0.5272924240430484,0.5379444375946745,0.5488116360940263,0.5598983665654023,0.5712090638488151,0.5827482523739896,0.5945205479701944,0.6065306597126334,0.6187833918061406,0.6312836455069258,0.6440364210831413,0.6570468198150569,0.670320046035639,0.6838614092123557,0.697676326071031,0.7117703227626093,0.726149037073691,0.7408182206817177,0.7557837414557259,0.7710515858035659,0.7866278610665536,0.8025187979624783,0.8187307530779816,0.8352702114112724,0.8521437889662111,0.8693582353988056,0.8869204367171574,0.9048374180359595,0.9231163463866354,0.9417645335842488,0.9607894391523233,0.9801986733067553,1.0
0.13806923731089277,0.14085842092104495,0.1437039497777029,0.14660696213035013,0.1495686192226351,0.15259010575688384,0.1556726303679973,0.15881742610692082,0.16202575093388086,0.16529888822158667,0.16863814726859555,0.1720448638230505,0.1755204006169968,0.17906614791149314,0.18268352405273466,0.18637397603940997,0.19013898010152055,0.19398004229089197,0.19789869908361477,0.20189651799465566,0.20597509820488363,0.210136071200765,0.21438110142697808,0.2187118869522151,0.22313016014843007,0.227637688383813,0.23223627472975902,0.23692775868212199,0.2417140168970367,0.24659696394160666,0.25157855305975674,0.2566607769535561,0.26184566858032626,0.2671353019658506,0.2725317930340128,0.27803730045319425,0.2836540264997705,0.2893842179390505,0.2952301669240142,0.3011942119122021,0.30727873860113114,0.31348618088260505,0.31981902181630406,0.32627979462303947,0.3328710836980798,0.3395955256449395,0.34645581033005796,0.35345468195878055,0.3605949401730788,0.367879441171443,0.3753110988514003,0.3828928859751127,0.39062783535852186,0.3985190410845145,0.40656965974059944,0.41478291168158143,0.4231620823177487,0.43171052342907956,0.4404316545059989,0.4493289641172211,0.4584060113052233,0.46766642700990885,0.47711391552103405,0.48675225595997135,0.49658530379140964,0.5066169923655898,0.5168513344916998,0.5272924240430492,0.537944437594675,0.5488116360940268,0.5598983665654026,0.5712090638488155,0.58274825237399,0.5945205479701944,0.6065306597126331,0.6187833918061404,0.6312836455069251,0.6440364210831405,0.6570468198150563,0.6703200460356387,0.6838614092123557,0.6976763260710308,0.7117703227626102,0.7261490370736908,0.7408182206817183,0.7557837414557264,0.771051585803567,0.7866278610665532,0.802518797962479,0.8187307530779818,0.8352702114112718,0.8521437889662116,0.8693582353988061,0.8869204367171575,0.9048374180359591,0.9231163463866354,0.941764533584248,0.9607894391523225,0.9801986733067549,1.0000000000000009,1.0202013400267558
0.14085842092104495,0.14370394977770282,0.14660696213035004,0.14956861922263504,0.15259010575688386,0.15567263036799736,0.15881742610692073,0.16202575093388086,0.16529888822158664,0.16863814726859566,0.17204486382305065,0.17552040061699703,0.17906614791149336,0.18268352405273486,0.1863739760394102,0.19013898010152086,0.1939800422908921,0.19789869908361493,0.20189651799465563,0.2059750982048838,0.21013607120076502,0.21438110142697828,0.218711886952215,0.22313016014843018,0.22763768838381312,0.23223627472975916,0.2369277586821221,0.24171401689703684,0.2465969639416069,0.2515785530597569,0.2566607769535563,0.2618456685803264,0.2671353019658508,0.2725317930340129,0.2780373004531944,0.2836540264997706,0.28938421793905095,0.2952301669240143,0.30119421191220225,0.30727873860113153,0.3134861808826055,0.31981902181630395,0.3262797946230396,0.3328710836980799,0.33959552564493956,0.34645581033005796,0.3534546819587808,0.36059494017307886,0.36787944117144294,0.37531109885140046,0.38289288597511284,0.3906278353585218,0.39851904108451497,0.4065696597405997,0.41478291168158204,0.42316208231774927,0.4317105234290803,0.44043165450599975,0.44932896411722184,0.45840601130522374,0.46766642700990974,0.47711391552103477,0.486752255959972,0.49658530379141025,0.5066169923655905,0.5168513344917001,0.52729242404305,0.5379444375946759,0.5488116360940276,0.5598983665654031,0.5712090638488158,0.5827482523739911,0.5945205479701952,0.6065306597126341,0.6187833918061411,0.6312836455069262,0.6440364210831412,0.6570468198150563,0.6703200460356392,0.6838614092123555,0.6976763260710309,0.7117703227626095,0.726149037073691,0.7408182206817175,0.7557837414557259,0.7710515858035668,0.7866278610665539,0.8025187979624783,0.8187307530779825,0.835270211411272,0.8521437889662115,0.8693582353988062,0.8869204367171583,0.9048374180359597,0.9231163463866359,0.9417645335842488,0.9607894391523231,0.9801986733067551,0.9999999999999999,1.020201340026756,1.0408107741923882
0.14370394977770293,0.14660696213035,0.14956861922263495,0.15259010575688392,0.15567263036799742,0.15881742610692082,0.16202575093388086,0.1652988882215867,0.16863814726859563,0.1720448638230507,0.17552040061699714,0.17906614791149358,0.182683524052735,0.1863739760394104,0.190138980101521,0.1939800422908924,0.19789869908361515,0.20189651799465586,0.2059750982048838,0.21013607120076516,0.21438110142697828,0.21871188695221516,0.22313016014843012,0.22763768838381324,0.23223627472975944,0.2369277586821223,0.24171401689703698,0.2465969639416071,0.2515785530597571,0.25666077695355644,0.2618456685803266,0.2671353019658509,0.2725317930340131,0.27803730045319464,0.28365402649977084,0.28938421793905117,0.29523016692401477,0.30119421191220247,0.30727873860113175,0.3134861808826059,0.3198190218163045,0.32627979462303996,0.33287108369808,0.3395955256449397,0.3464558103300582,0.353454681958781,0.3605949401730792,0.3678794411714431,0.37531109885140046,0.38289288597511306,0.39062783535852225,0.398519041084515,0.4065696597406002,0.4147829116815824,0.42316208231775,0.43171052342908084,0.44043165450600047,0.44932896411722273,0.4584060113052246,0.46766642700991023,0.47711391552103555,0.4867522559599731,0.49658530379141086,0.5066169923655913,0.516851334491701,0.5272924240430503,0.5379444375946768,0.5488116360940285,0.5598983665654039,0.5712090638488168,0.5827482523739913,0.5945205479701964,0.6065306597126348,0.6187833918061425,0.6312836455069271,0.6440364210831423,0.6570468198150575,0.6703200460356398,0.6838614092123565,0.6976763260710312,0.71177032276261,0.7261490370736912,0.7408182206817183,0.7557837414557251,0.7710515858035666,0.7866278610665536,0.8025187979624792,0.8187307530779818,0.8352702114112728,0.8521437889662117,0.8693582353988062,0.8869204367171581,0.9048374180359605,0.9231163463866365,0.9417645335842496,0.9607894391523241,0.9801986733067559,1.000000000000001,1.0202013400267562,1.0408107741923882,1.0618365465453599
0.14660696213035015,0.14956861922263495,0.15259010575688378,0.1556726303679974,0.15881742610692082,0.1620257509338809,0.16529888822158667,0.16863814726859572,0.1720448638230507,0.17552040061699706,0.17906614791149356,0.18268352405273505,0.18637397603941036,0.19013898010152094,0.19398004229089244,0.1978986990836152,0.20189651799465588,0.2059750982048839,0.2101360712007651,0.2143811014269784,0.21871188695221508,0.22313016014843026,0.2276376883838131,0.23223627472975933,0.2369277586821224,0.24171401689703703,0.24659696394160707,0.2515785530597572,0.25666077695355644,0.2618456685803266,0.267135301965851,0.2725317930340131,0.27803730045319464,0.283654026499771,0.2893842179390511,0.2952301669240147,0.3011942119122027,0.3072787386011318,0.313486180882606,0.31981902181630467,0.3262797946230403,0.3328710836980802,0.3395955256449398,0.3464558103300583,0.3534546819587811,0.36059494017307936,0.36787944117144333,0.37531109885140046,0.3828928859751131,0.39062783535852225,0.39851904108451547,0.4065696597406003,0.4147829116815828,0.42316208231775004,0.43171052342908106,0.4404316545060006,0.449328964117223,0.45840601130522496,0.4676664270099107,0.4771139155210359,0.48675225595997323,0.49658530379141136,0.5066169923655913,0.5168513344917014,0.5272924240430507,0.5379444375946766,0.548811636094029,0.5598983665654043,0.5712090638488172,0.5827482523739917,0.5945205479701964,0.6065306597126358,0.6187833918061426,0.6312836455069277,0.6440364210831429,0.6570468198150582,0.6703200460356404,0.6838614092123566,0.6976763260710319,0.7117703227626103,0.7261490370736913,0.7408182206817182,0.755783741455726,0.7710515858035656,0.7866278610665538,0.8025187979624786,0.8187307530779825,0.835270211411272,0.8521437889662123,0.8693582353988063,0.8869204367171578,0.9048374180359606,0.9231163463866365,0.9417645335842496,0.9607894391523243,0.980198673306756,1.0000000000000009,1.020201340026757,1.0408107741923887,1.0618365465453594,1.0832870676749584
0.14956861922263506,0.15259010575688386,0.15567263036799725,0.15881742610692076,0.16202575093388083,0.16529888822158664,0.16863814726859563,0.17204486382305073,0.17552040061699706,0.17906614791149345,0.18268352405273494,0.18637397603941036,0.19013898010152092,0.19398004229089227,0.19789869908361513,0.20189651799465594,0.20597509820488388,0.21013607120076516,0.2143811014269783,0.21871188695221513,0.22313016014843018,0.22763768838381312,0.23223627472975916,0.23692775868212226,0.24171401689703706,0.24659696394160707,0.25157855305975707,0.2566607769535565,0.26184566858032643,0.2671353019658509,0.27253179303401315,0.2780373004531947,0.2836540264997709,0.2893842179390513,0.2952301669240147,0.3011942119122027,0.30727873860113186,0.3134861808826058,0.31981902181630456,0.32627979462304024,0.33287108369808033,0.33959552564493983,0.3464558103300583,0.3534546819587809,0.36059494017307925,0.3678794411714435,0.3753110988514006,0.3828928859751132,0.3906278353585223,0.39851904108451547,0.4065696597406005,0.41478291168158277,0.42316208231775027,0.43171052342908106,0.4404316545060007,0.44932896411722306,0.458406011305225,0.4676664270099107,0.4771139155210358,0.48675225595997323,0.49658530379141114,0.5066169923655915,0.5168513344917012,0.5272924240430508,0.5379444375946768,0.5488116360940287,0.5598983665654047,0.5712090638488173,0.582748252373992,0.5945205479701964,0.6065306597126356,0.6187833918061431,0.6312836455069276,0.6440364210831431,0.6570468198150582,0.6703200460356405,0.6838614092123567,0.6976763260710318,0.7117703227626104,0.7261490370736914,0.7408182206817182,0.7557837414557257,0.7710515858035668,0.7866278610665527,0.8025187979624788,0.8187307530779818,0.8352702114112727,0.8521437889662111,0.8693582353988066,0.8869204367171578,0.9048374180359599,0.9231163463866368,0.941764533584249,0.9607894391523238,0.9801986733067561,1.0000000000000009,1.0202013400267562,1.040810774192389,1.0618365465453594,1.0832870676749582,1.1051709180756475
0.1525901057568839,0.1556726303679974,0.15881742610692073,0.16202575093388086,0.1652988882215866,0.16863814726859558,0.17204486382305068,0.1755204006169971,0.17906614791149345,0.18268352405273489,0.18637397603941025,0.19013898010152086,0.19398004229089225,0.19789869908361502,0.2018965179946558,0.20597509820488383,0.2101360712007651,0.21438110142697833,0.21871188695221505,0.22313016014843015,0.22763768838381304,0.23223627472975916,0.23692775868212204,0.24171401689703684,0.24659696394160707,0.25157855305975707,0.2566607769535564,0.2618456685803266,0.26713530196585084,0.2725317930340131,0.2780373004531947,0.28365402649977095,0.2893842179390513,0.2952301669240149,0.30119421191220264,0.30727873860113186,0.3134861808826058,0.31981902181630445,0.3262797946230402,0.33287108369808033,0.3395955256449399,0.34645581033005823,0.35345468195878105,0.36059494017307925,0.3678794411714434,0.3753110988514008,0.3828928859751132,0.39062783535852236,0.3985190410845155,0.4065696597406005,0.4147829116815829,0.4231620823177503,0.4317105234290812,0.4404316545060007,0.449328964117223,0.45840601130522507,0.4676664270099106,0.47711391552103605,0.486752255959973,0.49658530379141125,0.5066169923655914,0.5168513344917011,0.5272924240430505,0.5379444375946768,0.5488116360940288,0.5598983665654044,0.5712090638488178,0.582748252373992,0.5945205479701967,0.6065306597126355,0.6187833918061428,0.631283645506928,0.6440364210831431,0.6570468198150585,0.6703200460356408,0.683861409212357,0.6976763260710318,0.7117703227626102,0.7261490370736917,0.7408182206817184,0.7557837414557259,0.7710515858035666,0.786627861066554,0.8025187979624779,0.8187307530779824,0.8352702114112723,0.8521437889662122,0.8693582353988057,0.8869204367171581,0.9048374180359599,0.9231163463866358,0.9417645335842496,0.9607894391523237,0.9801986733067558,1.0000000000000004,1.0202013400267567,1.0408107741923882,1.06183654654536,1.083287067674958,1.1051709180756473,1.1274968515793757
0.15567263036799733,0.1588174261069209,0.16202575093388083,0.16529888822158653,0.16863814726859555,0.17204486382305062,0.175520400616997,0.17906614791149342,0.18268352405273489,0.1863739760394102,0.19013898010152086,0.19398004229089216,0.19789869908361496,0.2018965179946557,0.2059750982048838,0.2101360712007651,0.21438110142697828,0.21871188695221513,0.22313016014843012,0.22763768838381304,0.2322362747297592,0.23692775868212207,0.24171401689703667,0.2465969639416068,0.251578553059757,0.25666077695355627,0.26184566858032643,0.26713530196585095,0.27253179303401304,0.2780373004531945,0.28365402649977084,0.28938421793905117,0.2952301669240148,0.3011942119122028,0.30727873860113175,0.31348618088260594,0.31981902181630456,0.32627979462304,0.3328710836980803,0.33959552564493983,0.34645581033005823,0.3534546819587809,0.3605949401730793,0.3678794411714434,0.37531109885140057,0.3828928859751134,0.39062783535852247,0.3985190410845155,0.4065696597406004,0.4147829116815829,0.42316208231775027,0.43171052342908117,0.4404316545060009,0.449328964117223,0.45840601130522507,0.4676664270099108,0.47711391552103577,0.48675225595997323,0.49658530379141086,0.5066169923655913,0.516851334491701,0.5272924240430504,0.5379444375946764,0.5488116360940286,0.5598983665654045,0.5712090638488173,0.5827482523739923,0.5945205479701968,0.6065306597126358,0.6187833918061427,0.6312836455069278,0.6440364210831431,0.6570468198150583,0.6703200460356408,0.683861409212357,0.6976763260710319,0.7117703227626103,0.7261490370736917,0.7408182206817185,0.7557837414557262,0.7710515858035668,0.7866278610665538,0.8025187979624792,0.8187307530779816,0.8352702114112724,0.8521437889662116,0.8693582353988065,0.8869204367171574,0.90483741803596,0.9231163463866358,0.9417645335842486,0.9607894391523237,0.9801986733067557,1.0000000000000004,1.0202013400267558,1.0408107741923889,1.0618365465453592,1.0832870676749586,1.1051709180756466,1.127496851579375,1.1502737988572274
0.15881742610692068,0.1620257509338809,0.16529888822158656,0.16863814726859552,0.17204486382305048,0.17552040061699686,0.17906614791149333,0.1826835240527348,0.18637397603941017,0.19013898010152075,0.19398004229089214,0.19789869908361485,0.20189651799465566,0.2059750982048837,0.21013607120076505,0.2143811014269783,0.218711886952215,0.2231301601484302,0.22763768838381299,0.23223627472975908,0.23692775868212196,0.24171401689703662,0.24659696394160666,0.2515785530597568,0.25666077695355627,0.2618456685803263,0.2671353019658507,0.2725317930340131,0.2780373004531945,0.2836540264997708,0.289384217939051,0.2952301669240148,0.3011942119122027,0.3072787386011318,0.31348618088260577,0.3198190218163045,0.3262797946230401,0.33287108369808,0.3395955256449398,0.3464558103300581,0.3534546819587809,0.360594940173079,0.3678794411714433,0.37531109885140046,0.38289288597511295,0.3906278353585223,0.3985190410845154,0.4065696597406003,0.4147829116815825,0.42316208231775027,0.431710523429081,0.44043165450600075,0.44932896411722306,0.45840601130522496,0.4676664270099106,0.4771139155210357,0.486752255959973,0.496585303791411,0.5066169923655909,0.5168513344917008,0.5272924240430502,0.5379444375946765,0.5488116360940283,0.5598983665654043,0.5712090638488174,0.582748252373992,0.5945205479701968,0.6065306597126359,0.6187833918061431,0.6312836455069277,0.6440364210831429,0.6570468198150583,0.6703200460356407,0.6838614092123568,0.697676326071032,0.7117703227626105,0.7261490370736913,0.7408182206817183,0.7557837414557259,0.7710515858035671,0.786627861066554,0.8025187979624788,0.8187307530779825,0.8352702114112718,0.8521437889662117,0.869358235398806,0.886920436717158,0.9048374180359591,0.923116346386636,0.9417645335842482,0.9607894391523227,0.9801986733067555,1.0,1.0202013400267558,1.040810774192388,1.06183654654536,1.0832870676749577,1.1051709180756468,1.1274968515793744,1.1502737988572265,1.1735108709918103
0.16202575093388072,0.16529888822158662,0.16863814726859547,0.17204486382305054,0.17552040061699686,0.17906614791149325,0.18268352405273472,0.18637397603941008,0.1901389801015206,0.1939800422908921,0.19789869908361485,0.20189651799465558,0.2059750982048837,0.21013607120076502,0.2143811014269783,0.21871188695221513,0.22313016014843018,0.2276376883838131,0.23223627472975913,0.236927758682122,0.2417140168970367,0.24659696394160668,0.2515785530597566,0.2566607769535561,0.2618456685803264,0.2671353019658507,0.2725317930340129,0.2780373004531947,0.28365402649977084,0.2893842179390511,0.29523016692401466,0.30119421191220275,0.30727873860113186,0.3134861808826059,0.3198190218163045,0.3262797946230402,0.33287108369808016,0.33959552564493967,0.34645581033005823,0.353454681958781,0.3605949401730792,0.36787944117144317,0.37531109885140046,0.38289288597511295,0.390627835358522,0.3985190410845154,0.40656965974060033,0.4147829116815826,0.42316208231774993,0.43171052342908117,0.4404316545060007,0.44932896411722284,0.4584060113052248,0.46766642700991057,0.4771139155210359,0.48675225595997307,0.49658530379141097,0.5066169923655912,0.516851334491701,0.5272924240430501,0.5379444375946764,0.5488116360940284,0.5598983665654038,0.5712090638488172,0.5827482523739922,0.5945205479701968,0.6065306597126359,0.6187833918061433,0.6312836455069282,0.644036421083143,0.6570468198150582,0.6703200460356409,0.6838614092123573,0.6976763260710321,0.7117703227626108,0.7261490370736917,0.7408182206817182,0.755783741455726,0.7710515858035668,0.7866278610665544,0.8025187979624793,0.8187307530779824,0.8352702114112728,0.8521437889662117,0.8693582353988063,0.8869204367171577,0.9048374180359599,0.9231163463866353,0.9417645335842487,0.9607894391523227,0.9801986733067548,0.9999999999999998,1.020201340026756,1.0408107741923884,1.0618365465453592,1.0832870676749589,1.105170918075647,1.127496851579375,1.1502737988572258,1.1735108709918096,1.1972173631218102
0.1652988882215865,0.16863814726859552,0.17204486382305045,0.17552040061699684,0.17906614791149325,0.18268352405273472,0.18637397603941006,0.19013898010152067,0.19398004229089194,0.19789869908361485,0.20189651799465558,0.2059750982048837,0.21013607120076497,0.2143811014269783,0.21871188695221516,0.22313016014843032,0.2276376883838131,0.2322362747297592,0.23692775868212215,0.24171401689703673,0.24659696394160666,0.25157855305975674,0.256660776953556,0.2618456685803263,0.2671353019658508,0.27253179303401304,0.2780373004531945,0.2836540264997709,0.2893842179390511,0.29523016692401477,0.30119421191220264,0.3072787386011319,0.313486180882606,0.3198190218163045,0.32627979462304,0.33287108369808033,0.33959552564493994,0.346455810330058,0.353454681958781,0.3605949401730792,0.3678794411714432,0.37531109885140046,0.3828928859751129,0.3906278353585221,0.3985190410845152,0.4065696597406004,0.4147829116815825,0.42316208231774993,0.4317105234290808,0.4404316545060007,0.4493289641172229,0.4584060113052249,0.4676664270099107,0.47711391552103594,0.48675225595997335,0.496585303791411,0.5066169923655913,0.5168513344917011,0.5272924240430504,0.5379444375946763,0.5488116360940284,0.5598983665654041,0.5712090638488168,0.5827482523739921,0.5945205479701968,0.6065306597126359,0.6187833918061434,0.6312836455069284,0.6440364210831436,0.6570468198150586,0.6703200460356408,0.6838614092123576,0.6976763260710325,0.7117703227626109,0.7261490370736922,0.7408182206817185,0.7557837414557261,0.771051585803567,0.7866278610665541,0.8025187979624799,0.818730753077983,0.8352702114112728,0.8521437889662126,0.8693582353988065,0.886920436717158,0.9048374180359601,0.923116346386636,0.9417645335842484,0.9607894391523233,0.9801986733067544,0.9999999999999993,1.0202013400267556,1.0408107741923887,1.06183654654536,1.0832870676749586,1.1051709180756477,1.1274968515793755,1.1502737988572265,1.1735108709918092,1.19721736312181,1.22140275816017
0.16863814726859552,0.1720448638230505,0.17552040061699678,0.17906614791149328,0.1826835240527347,0.18637397603941003,0.19013898010152064,0.19398004229089205,0.19789869908361477,0.2018965179946556,0.20597509820488374,0.2101360712007651,0.2143811014269783,0.2187118869522153,0.22313016014843035,0.22763768838381332,0.23223627472975927,0.23692775868212224,0.24171401689703687,0.24659696394160677,0.25157855305975685,0.2566607769535562,0.26184566858032626,0.26713530196585084,0.2725317930340132,0.27803730045319464,0.28365402649977084,0.2893842179390512,0.29523016692401477,0.3011942119122027,0.3072787386011319,0.31348618088260594,0.31981902181630456,0.3262797946230401,0.3328710836980802,0.33959552564494,0.34645581033005846,0.35345468195878094,0.36059494017307936,0.36787944117144344,0.3753110988514007,0.38289288597511306,0.390627835358522,0.39851904108451525,0.4065696597406002,0.4147829116815826,0.42316208231775004,0.43171052342908084,0.44043165450600047,0.44932896411722295,0.45840601130522507,0.4676664270099106,0.4771139155210359,0.4867522559599733,0.49658530379141136,0.5066169923655913,0.5168513344917014,0.5272924240430508,0.5379444375946767,0.5488116360940283,0.5598983665654044,0.5712090638488171,0.5827482523739916,0.5945205479701969,0.606530659712636,0.6187833918061434,0.6312836455069287,0.6440364210831439,0.6570468198150593,0.6703200460356414,0.6838614092123577,0.6976763260710332,0.7117703227626117,0.7261490370736923,0.7408182206817193,0.7557837414557267,0.7710515858035673,0.7866278610665546,0.8025187979624795,0.8187307530779836,0.8352702114112738,0.8521437889662126,0.8693582353988074,0.8869204367171587,0.9048374180359606,0.9231163463866366,0.9417645335842495,0.960789439152323,0.9801986733067558,0.9999999999999996,1.0202013400267556,1.0408107741923884,1.0618365465453599,1.0832870676749595,1.105170918075648,1.1274968515793762,1.1502737988572274,1.17351087099181,1.1972173631218093,1.2214027581601703,1.2460767305873812
0.17204486382305048,0.17552040061699672,0.17906614791149308,0.18268352405273466,0.18637397603941006,0.1901389801015206,0.193980042290892,0.19789869908361477,0.20189651799465544,0.20597509820488355,0.21013607120076497,0.2143811014269783,0.2187118869522151,0.22313016014843032,0.22763768838381324,0.23223627472975933,0.23692775868212218,0.24171401689703687,0.24659696394160682,0.2515785530597569,0.2566607769535561,0.2618456685803263,0.2671353019658506,0.2725317930340131,0.27803730045319475,0.2836540264997709,0.2893842179390511,0.2952301669240148,0.30119421191220264,0.30727873860113186,0.3134861808826058,0.31981902181630445,0.32627979462303996,0.33287108369808016,0.33959552564493967,0.34645581033005823,0.3534546819587811,0.36059494017307914,0.36787944117144333,0.3753110988514007,0.38289288597511323,0.39062783535852225,0.3985190410845152,0.4065696597406001,0.4147829116815825,0.42316208231775015,0.43171052342908073,0.4404316545060004,0.4493289641172227,0.45840601130522474,0.46766642700991073,0.4771139155210357,0.4867522559599732,0.4965853037914112,0.5066169923655917,0.5168513344917008,0.5272924240430507,0.5379444375946766,0.5488116360940287,0.5598983665654039,0.5712090638488171,0.5827482523739917,0.5945205479701965,0.606530659712636,0.6187833918061432,0.6312836455069284,0.6440364210831439,0.6570468198150591,0.6703200460356415,0.6838614092123579,0.697676326071033,0.711770322762612,0.7261490370736928,0.7408182206817194,0.755783741455727,0.7710515858035674,0.7866278610665544,0.8025187979624796,0.8187307530779828,0.8352702114112737,0.8521437889662129,0.8693582353988074,0.8869204367171591,0.9048374180359608,0.9231163463866369,0.9417645335842496,0.9607894391523237,0.9801986733067549,1.0000000000000002,1.0202013400267553,1.0408107741923875,1.0618365465453594,1.083287067674959,1.1051709180756484,1.1274968515793762,1.1502737988572274,1.17351087099181,1.19721736312181,1.2214027581601692,1.2460767305873817,1.2712491503214043
0.17552040061699684,0.1790661479114931,0.18268352405273455,0.18637397603941006,0.19013898010152064,0.19398004229089194,0.1978986990836148,0.2018965179946555,0.20597509820488352,0.21013607120076486,0.21438110142697817,0.2187118869522152,0.22313016014843018,0.22763768838381332,0.2322362747297593,0.23692775868212232,0.24171401689703687,0.2465969639416069,0.25157855305975685,0.2566607769535562,0.2618456685803262,0.2671353019658508,0.2725317930340129,0.2780373004531948,0.28365402649977106,0.2893842179390513,0.2952301669240148,0.3011942119122028,0.30727873860113186,0.3134861808826059,0.31981902181630445,0.32627979462304,0.3328710836980801,0.33959552564493983,0.34645581033005796,0.3534546819587808,0.3605949401730792,0.36787944117144333,0.3753110988514007,0.3828928859751131,0.3906278353585224,0.39851904108451536,0.4065696597406002,0.4147829116815825,0.42316208231775,0.431710523429081,0.44043165450600036,0.44932896411722284,0.45840601130522485,0.4676664270099104,0.4771139155210358,0.4867522559599732,0.4965853037914112,0.5066169923655913,0.5168513344917013,0.5272924240430503,0.5379444375946767,0.5488116360940286,0.5598983665654044,0.5712090638488168,0.5827482523739919,0.5945205479701964,0.6065306597126355,0.6187833918061432,0.6312836455069281,0.6440364210831435,0.6570468198150593,0.6703200460356417,0.6838614092123584,0.6976763260710332,0.7117703227626118,0.7261490370736934,0.7408182206817199,0.7557837414557272,0.7710515858035679,0.7866278610665547,0.8025187979624796,0.8187307530779832,0.8352702114112731,0.8521437889662128,0.8693582353988074,0.8869204367171593,0.9048374180359613,0.9231163463866372,0.9417645335842505,0.9607894391523242,0.9801986733067564,1.0,1.0202013400267562,1.040810774192388,1.061836546545359,1.0832870676749589,1.1051709180756484,1.1274968515793766,1.1502737988572278,1.17351087099181,1.1972173631218104,1.2214027581601692,1.2460767305873806,1.2712491503214063,1.2969300866657716
0.1790661479114932,0.18268352405273464,0.18637397603940994,0.19013898010152064,0.19398004229089208,0.19789869908361474,0.20189651799465552,0.20597509820488355,0.21013607120076486,0.21438110142697814,0.21871188695221502,0.2231301601484303,0.22763768838381312,0.23223627472975936,0.23692775868212232,0.241714016897037,0.2465969639416069,0.25157855305975696,0.2566607769535562,0.2618456685803264,0.26713530196585067,0.27253179303401315,0.2780373004531947,0.2836540264997712,0.28938421793905145,0.29523016692401494,0.3011942119122028,0.30727873860113203,0.31348618088260594,0.31981902181630456,0.32627979462303996,0.33287108369808,0.33959552564493983,0.346455810330058,0.35345468195878066,0.360594940173079,0.3678794411714433,0.37531109885140046,0.3828928859751131,0.3906278353585223,0.3985190410845155,0.40656965974060044,0.4147829116815826,0.42316208231774993,0.43171052342908106,0.4404316545060007,0.44932896411722284,0.4584060113052248,0.4676664270099106,0.47711391552103566,0.4867522559599731,0.496585303791411,0.5066169923655914,0.5168513344917011,0.5272924240430507,0.5379444375946765,0.5488116360940287,0.5598983665654044,0.5712090638488174,0.5827482523739915,0.5945205479701964,0.6065306597126354,0.618783391806143,0.6312836455069284,0.6440364210831434,0.6570468198150591,0.670320046035642,0.6838614092123583,0.6976763260710336,0.711770322762612,0.7261490370736932,0.7408182206817208,0.7557837414557276,0.7710515858035683,0.786627861066555,0.8025187979624799,0.818730753077983,0.8352702114112733,0.8521437889662126,0.8693582353988073,0.8869204367171593,0.9048374180359612,0.9231163463866379,0.94176453358425,0.960789439152325,0.9801986733067563,1.0000000000000013,1.0202013400267558,1.040810774192389,1.0618365465453599,1.0832870676749584,1.1051709180756482,1.1274968515793766,1.1502737988572285,1.1735108709918112,1.19721736312181,1.2214027581601694,1.24607673058738,1.2712491503214052,1.2969300866657738,1.323129812337437
0.18268352405273466,0.18637397603941003,0.19013898010152067,0.1939800422908921,0.19789869908361488,0.20189651799465552,0.20597509820488355,0.2101360712007649,0.21438110142697808,0.21871188695221497,0.22313016014843007,0.2276376883838132,0.23223627472975922,0.2369277586821223,0.241714016897037,0.246596963941607,0.2515785530597569,0.2566607769535563,0.2618456685803264,0.26713530196585084,0.272531793034013,0.27803730045319464,0.2836540264997709,0.2893842179390515,0.29523016692401516,0.30119421191220297,0.3072787386011319,0.31348618088260616,0.31981902181630456,0.32627979462304013,0.3328710836980801,0.3395955256449396,0.34645581033005807,0.3534546819587808,0.36059494017307897,0.367879441171443,0.3753110988514005,0.38289288597511295,0.3906278353585223,0.3985190410845154,0.40656965974060044,0.4147829116815827,0.42316208231775015,0.43171052342908095,0.44043165450600064,0.44932896411722323,0.45840601130522485,0.4676664270099107,0.4771139155210358,0.48675225595997296,0.4965853037914112,0.5066169923655914,0.5168513344917012,0.5272924240430505,0.5379444375946766,0.5488116360940284,0.5598983665654044,0.5712090638488172,0.582748252373992,0.5945205479701963,0.6065306597126356,0.6187833918061427,0.6312836455069281,0.6440364210831436,0.6570468198150587,0.6703200460356412,0.6838614092123586,0.6976763260710335,0.7117703227626122,0.7261490370736932,0.7408182206817201,0.7557837414557282,0.7710515858035688,0.7866278610665554,0.8025187979624802,0.8187307530779833,0.8352702114112731,0.8521437889662126,0.8693582353988071,0.8869204367171589,0.9048374180359612,0.9231163463866375,0.9417645335842506,0.9607894391523246,0.9801986733067571,1.0000000000000013,1.020201340026757,1.0408107741923887,1.061836546545361,1.0832870676749589,1.1051709180756477,1.1274968515793764,1.150273798857228,1.1735108709918114,1.1972173631218113,1.2214027581601696,1.2460767305873806,1.2712491503214036,1.2969300866657718,1.323129812337439,1.3498588075760036
0.1863739760394099,0.19013898010152064,0.19398004229089197,0.1978986990836148,0.2018965179946555,0.2059750982048835,0.21013607120076475,0.214381101426978,0.21871188695221483,0.22313016014842998,0.2276376883838129,0.2322362747297592,0.23692775868212199,0.2417140168970368,0.24659696394160688,0.2515785530597569,0.2566607769535561,0.2618456685803264,0.2671353019658506,0.2725317930340129,0.2780373004531944,0.28365402649977084,0.2893842179390511,0.295230166924015,0.3011942119122029,0.307278738601132,0.31348618088260605,0.31981902181630456,0.3262797946230401,0.33287108369808005,0.33959552564493956,0.34645581033005773,0.35345468195878066,0.3605949401730787,0.36787944117144283,0.3753110988514,0.3828928859751128,0.39062783535852186,0.3985190410845152,0.4065696597406003,0.4147829116815826,0.4231620823177499,0.4317105234290809,0.44043165450600036,0.44932896411722295,0.4584060113052249,0.46766642700991035,0.47711391552103577,0.48675225595997296,0.49658530379141075,0.506616992365591,0.5168513344917008,0.5272924240430503,0.5379444375946761,0.5488116360940282,0.5598983665654038,0.5712090638488169,0.5827482523739916,0.5945205479701963,0.606530659712635,0.6187833918061427,0.6312836455069274,0.644036421083143,0.6570468198150586,0.6703200460356409,0.6838614092123576,0.6976763260710335,0.7117703227626117,0.726149037073693,0.7408182206817199,0.7557837414557275,0.7710515858035686,0.7866278610665555,0.8025187979624802,0.8187307530779833,0.835270211411273,0.852143788966212,0.8693582353988066,0.8869204367171584,0.9048374180359605,0.9231163463866366,0.9417645335842497,0.9607894391523246,0.9801986733067563,1.0000000000000016,1.0202013400267567,1.040810774192389,1.0618365465453599,1.08328706767496,1.1051709180756482,1.1274968515793753,1.150273798857228,1.173510870991811,1.1972173631218106,1.2214027581601696,1.2460767305873803,1.2712491503214034,1.2969300866657703,1.3231298123374369,1.3498588075760045,1.3771277643359567
0.19013898010152053,0.1939800422908921,0.1978986990836149,0.2018965179946556,0.20597509820488363,0.21013607120076486,0.21438110142697803,0.21871188695221488,0.22313016014842996,0.22763768838381296,0.23223627472975905,0.23692775868212212,0.24171401689703675,0.24659696394160688,0.251578553059757,0.2566607769535563,0.2618456685803263,0.2671353019658507,0.27253179303401287,0.27803730045319464,0.28365402649977073,0.28938421793905117,0.29523016692401477,0.30119421191220286,0.30727873860113214,0.3134861808826061,0.3198190218163048,0.3262797946230402,0.3328710836980802,0.3395955256449398,0.346455810330058,0.35345468195878055,0.36059494017307897,0.3678794411714429,0.3753110988514001,0.3828928859751126,0.39062783535852186,0.39851904108451497,0.40656965974060005,0.41478291168158266,0.42316208231775015,0.4317105234290809,0.44043165450600064,0.44932896411722284,0.458406011305225,0.4676664270099109,0.4771139155210359,0.4867522559599731,0.4965853037914109,0.5066169923655911,0.5168513344917008,0.5272924240430503,0.5379444375946764,0.5488116360940283,0.5598983665654039,0.5712090638488168,0.5827482523739917,0.5945205479701964,0.6065306597126354,0.6187833918061425,0.631283645506928,0.644036421083143,0.6570468198150586,0.6703200460356412,0.6838614092123575,0.6976763260710329,0.711770322762612,0.726149037073693,0.7408182206817199,0.7557837414557272,0.7710515858035684,0.7866278610665557,0.8025187979624805,0.8187307530779835,0.8352702114112733,0.8521437889662127,0.8693582353988066,0.8869204367171584,0.9048374180359606,0.9231163463866369,0.9417645335842497,0.9607894391523244,0.9801986733067565,1.0000000000000009,1.0202013400267573,1.0408107741923889,1.061836546545361,1.0832870676749589,1.1051709180756493,1.1274968515793762,1.1502737988572278,1.1735108709918112,1.197217363121811,1.2214027581601705,1.2460767305873808,1.2712491503214038,1.2969300866657698,1.3231298123374349,1.3498588075760027,1.3771277643359578,1.404947590563594
0.19398004229089186,0.1978986990836149,0.20189651799465552,0.20597509820488358,0.21013607120076486,0.21438110142697797,0.2187118869522147,0.22313016014842996,0.2276376883838129,0.23223627472975897,0.23692775868212185,0.24171401689703673,0.24659696394160674,0.2515785530597568,0.25666077695355627,0.26184566858032643,0.26713530196585056,0.27253179303401287,0.27803730045319436,0.2836540264997707,0.28938421793905095,0.2952301669240146,0.3011942119122025,0.3072787386011319,0.3134861808826061,0.31981902181630456,0.32627979462304013,0.3328710836980802,0.3395955256449397,0.3464558103300579,0.35345468195878066,0.36059494017307847,0.36787944117144294,0.37531109885140007,0.3828928859751127,0.3906278353585217,0.39851904108451486,0.4065696597405998,0.4147829116815821,0.42316208231774993,0.43171052342908084,0.4404316545060003,0.44932896411722295,0.45840601130522457,0.4676664270099108,0.477113915521036,0.48675225595997296,0.4965853037914111,0.5066169923655909,0.5168513344917006,0.5272924240430501,0.5379444375946761,0.5488116360940283,0.5598983665654036,0.5712090638488164,0.5827482523739913,0.594520547970196,0.6065306597126351,0.6187833918061427,0.6312836455069274,0.644036421083143,0.6570468198150582,0.6703200460356408,0.6838614092123574,0.6976763260710325,0.7117703227626111,0.7261490370736928,0.7408182206817195,0.7557837414557269,0.7710515858035676,0.786627861066555,0.8025187979624804,0.8187307530779833,0.8352702114112733,0.8521437889662123,0.8693582353988069,0.886920436717158,0.9048374180359599,0.9231163463866363,0.9417645335842489,0.9607894391523234,0.9801986733067559,1.0000000000000007,1.0202013400267562,1.040810774192389,1.0618365465453603,1.08328706767496,1.1051709180756473,1.1274968515793768,1.1502737988572276,1.1735108709918103,1.1972173631218106,1.22140275816017,1.2460767305873806,1.2712491503214043,1.2969300866657707,1.3231298123374344,1.3498588075760007,1.3771277643359563,1.4049475905635935,1.43332941456034
0.1978986990836147,0.20189651799465572,0.2059750982048837,0.2101360712007649,0.21438110142697808,0.21871188695221486,0.22313016014842985,0.22763768838381288,0.23223627472975897,0.23692775868212196,0.24171401689703662,0.24659696394160674,0.2515785530597568,0.25666077695355616,0.26184566858032643,0.2671353019658508,0.2725317930340129,0.27803730045319447,0.28365402649977073,0.28938421793905106,0.29523016692401455,0.30119421191220247,0.30727873860113164,0.31348618088260594,0.3198190218163048,0.3262797946230403,0.3328710836980803,0.3395955256449398,0.3464558103300582,0.35345468195878077,0.3605949401730789,0.3678794411714427,0.37531109885140024,0.38289288597511256,0.39062783535852186,0.3985190410845148,0.4065696597405999,0.41478291168158204,0.4231620823177498,0.431710523429081,0.4404316545060004,0.44932896411722284,0.4584060113052248,0.46766642700991046,0.477113915521036,0.4867522559599734,0.49658530379141097,0.5066169923655913,0.5168513344917006,0.5272924240430501,0.537944437594676,0.5488116360940283,0.5598983665654038,0.5712090638488164,0.5827482523739911,0.5945205479701963,0.6065306597126351,0.6187833918061427,0.6312836455069276,0.644036421083143,0.6570468198150586,0.6703200460356409,0.6838614092123575,0.6976763260710327,0.7117703227626112,0.7261490370736924,0.7408182206817198,0.7557837414557275,0.7710515858035677,0.7866278610665549,0.8025187979624798,0.8187307530779837,0.8352702114112736,0.8521437889662127,0.8693582353988067,0.8869204367171587,0.9048374180359603,0.9231163463866364,0.9417645335842494,0.9607894391523237,0.9801986733067558,1.0000000000000004,1.0202013400267564,1.0408107741923884,1.0618365465453605,1.083287067674959,1.1051709180756488,1.1274968515793755,1.1502737988572285,1.1735108709918112,1.1972173631218113,1.2214027581601705,1.2460767305873817,1.271249150321405,1.2969300866657716,1.3231298123374362,1.3498588075760005,1.377127764335955,1.4049475905635924,1.4333294145603395,1.4622845894342242
0.20189651799465536,0.20597509820488372,0.2101360712007649,0.21438110142697805,0.21871188695221486,0.2231301601484299,0.22763768838381276,0.2322362747297589,0.23692775868212182,0.24171401689703667,0.24659696394160657,0.2515785530597568,0.25666077695355605,0.26184566858032626,0.2671353019658507,0.272531793034013,0.2780373004531944,0.2836540264997708,0.28938421793905095,0.29523016692401455,0.30119421191220236,0.30727873860113164,0.3134861808826056,0.3198190218163044,0.3262797946230402,0.3328710836980803,0.3395955256449398,0.346455810330058,0.3534546819587807,0.36059494017307886,0.3678794411714429,0.3753110988513999,0.38289288597511273,0.39062783535852164,0.39851904108451486,0.4065696597405998,0.4147829116815821,0.4231620823177495,0.43171052342908056,0.44043165450600047,0.44932896411722273,0.4584060113052247,0.4676664270099104,0.47711391552103566,0.4867522559599733,0.4965853037914113,0.5066169923655911,0.5168513344917008,0.5272924240430498,0.5379444375946761,0.548811636094028,0.5598983665654036,0.5712090638488166,0.5827482523739913,0.5945205479701958,0.606530659712635,0.6187833918061425,0.6312836455069275,0.644036421083143,0.6570468198150582,0.670320046035641,0.6838614092123572,0.6976763260710325,0.7117703227626111,0.7261490370736923,0.7408182206817191,0.7557837414557272,0.7710515858035676,0.7866278610665547,0.8025187979624796,0.818730753077983,0.8352702114112737,0.8521437889662126,0.8693582353988069,0.8869204367171585,0.9048374180359608,0.9231163463866361,0.9417645335842494,0.9607894391523236,0.980198673306756,1.0000000000000004,1.0202013400267562,1.0408107741923884,1.0618365465453594,1.0832870676749589,1.1051709180756475,1.1274968515793766,1.1502737988572265,1.1735108709918107,1.1972173631218104,1.2214027581601703,1.2460767305873812,1.271249150321405,1.2969300866657716,1.3231298123374362,1.349858807576002,1.377127764335955,1.4049475905635915,1.4333294145603386,1.4622845894342231,1.4918246976412701
0.2059750982048834,0.21013607120076494,0.21438110142697814,0.2187118869522149,0.22313016014842996,0.22763768838381288,0.23223627472975886,0.23692775868212196,0.2417140168970366,0.24659696394160666,0.2515785530597567,0.2566607769535562,0.2618456685803262,0.2671353019658506,0.27253179303401304,0.2780373004531947,0.28365402649977084,0.2893842179390511,0.29523016692401466,0.3011942119122025,0.30727873860113164,0.3134861808826058,0.3198190218163042,0.3262797946230399,0.33287108369808044,0.3395955256449399,0.3464558103300581,0.35345468195878077,0.36059494017307897,0.36787944117144294,0.3753110988514003,0.38289288597511256,0.39062783535852197,0.39851904108451486,0.40656965974059983,0.4147829116815822,0.4231620823177497,0.4317105234290805,0.4404316545060004,0.44932896411722295,0.45840601130522474,0.46766642700991057,0.47711391552103555,0.48675225595997307,0.49658530379141114,0.5066169923655915,0.5168513344917012,0.5272924240430502,0.537944437594676,0.5488116360940283,0.5598983665654038,0.5712090638488168,0.5827482523739916,0.5945205479701959,0.6065306597126351,0.6187833918061425,0.631283645506928,0.6440364210831431,0.6570468198150584,0.6703200460356407,0.6838614092123576,0.697676326071033,0.7117703227626113,0.7261490370736928,0.7408182206817197,0.755783741455727,0.771051585803568,0.786627861066555,0.8025187979624799,0.8187307530779829,0.8352702114112732,0.8521437889662131,0.8693582353988073,0.8869204367171587,0.9048374180359606,0.9231163463866373,0.9417645335842494,0.9607894391523241,0.9801986733067558,1.0000000000000007,1.0202013400267564,1.040810774192389,1.06183654654536,1.0832870676749584,1.1051709180756484,1.127496851579376,1.1502737988572287,1.1735108709918096,1.1972173631218106,1.2214027581601703,1.2460767305873814,1.2712491503214056,1.2969300866657723,1.3231298123374367,1.3498588075760027,1.377127764335957,1.4049475905635922,1.4333294145603384,1.4622845894342227,1.4918246976412683,1.5219615556186334
0.2101360712007647,0.21438110142697797,0.2187118869522148,0.22313016014842987,0.22763768838381276,0.2322362747297589,0.23692775868212176,0.2417140168970366,0.24659696394160655,0.2515785530597567,0.256660776953556,0.2618456685803262,0.2671353019658506,0.27253179303401287,0.2780373004531945,0.2836540264997709,0.28938421793905095,0.2952301669240146,0.3011942119122023,0.3072787386011316,0.31348618088260555,0.3198190218163042,0.3262797946230397,0.3328710836980799,0.33959552564493983,0.3464558103300582,0.35345468195878066,0.36059494017307886,0.36787944117144283,0.3753110988514002,0.3828928859751126,0.3906278353585216,0.3985190410845149,0.40656965974059955,0.414782911681582,0.42316208231774943,0.4317105234290804,0.44043165450599986,0.4493289641172227,0.45840601130522485,0.46766642700991046,0.47711391552103566,0.48675225595997285,0.4965853037914109,0.5066169923655912,0.5168513344917012,0.5272924240430503,0.5379444375946761,0.5488116360940278,0.5598983665654036,0.5712090638488165,0.5827482523739912,0.5945205479701963,0.606530659712635,0.6187833918061424,0.6312836455069275,0.6440364210831432,0.6570468198150586,0.6703200460356408,0.6838614092123574,0.6976763260710326,0.7117703227626113,0.7261490370736923,0.7408182206817194,0.755783741455727,0.7710515858035675,0.7866278610665549,0.8025187979624798,0.8187307530779832,0.8352702114112728,0.8521437889662122,0.8693582353988072,0.8869204367171588,0.9048374180359605,0.9231163463866364,0.9417645335842499,0.9607894391523234,0.9801986733067561,1.0000000000000002,1.0202013400267564,1.0408107741923889,1.06183654654536,1.0832870676749586,1.1051709180756473,1.1274968515793757,1.150273798857227,1.1735108709918112,1.1972173631218095,1.2214027581601699,1.246076730587381,1.2712491503214052,1.2969300866657723,1.3231298123374369,1.349858807576003,1.3771277643359565,1.4049475905635933,1.433329414560339,1.4622845894342227,1.491824697641268,1.5219615556186308,1.5527072185113358
0.214381101426978,0.2187118869522148,0.22313016014842987,0.22763768838381296,0.23223627472975902,0.236927758682122,0.24171401689703664,0.24659696394160677,0.25157855305975674,0.25666077695355616,0.2618456685803263,0.2671353019658508,0.272531793034013,0.2780373004531945,0.28365402649977106,0.2893842179390513,0.29523016692401477,0.30119421191220275,0.3072787386011318,0.31348618088260594,0.3198190218163044,0.32627979462304,0.33287108369808,0.3395955256449398,0.3464558103300584,0.35345468195878094,0.36059494017307897,0.36787944117144306,0.37531109885140024,0.3828928859751129,0.39062783535852197,0.39851904108451486,0.4065696597406001,0.41478291168158193,0.4231620823177496,0.43171052342908073,0.4404316545060002,0.44932896411722256,0.4584060113052249,0.4676664270099108,0.47711391552103594,0.4867522559599731,0.49658530379141086,0.5066169923655913,0.5168513344917012,0.5272924240430508,0.5379444375946766,0.5488116360940283,0.5598983665654039,0.5712090638488169,0.5827482523739916,0.5945205479701964,0.6065306597126356,0.6187833918061426,0.6312836455069278,0.6440364210831433,0.657046819815059,0.6703200460356414,0.6838614092123578,0.697676326071033,0.7117703227626117,0.7261490370736932,0.7408182206817195,0.7557837414557277,0.7710515858035684,0.7866278610665552,0.8025187979624804,0.8187307530779839,0.8352702114112734,0.8521437889662125,0.8693582353988073,0.8869204367171595,0.9048374180359613,0.9231163463866371,0.9417645335842502,0.9607894391523252,0.980198673306756,1.000000000000001,1.0202013400267567,1.0408107741923893,1.0618365465453607,1.08328706767496,1.1051709180756486,1.1274968515793762,1.1502737988572278,1.1735108709918107,1.1972173631218115,1.2214027581601692,1.246076730587381,1.271249150321405,1.2969300866657723,1.3231298123374378,1.3498588075760038,1.3771277643359578,1.4049475905635944,1.4333294145603406,1.4622845894342245,1.4918246976412695,1.5219615556186323,1.5527072185113342,1.5840739849944816
0.2187118869522149,0.22313016014842982,0.22763768838381276,0.23223627472975902,0.23692775868212199,0.24171401689703678,0.24659696394160674,0.25157855305975685,0.25666077695355616,0.2618456685803263,0.26713530196585084,0.2725317930340132,0.2780373004531947,0.283654026499771,0.2893842179390514,0.2952301669240149,0.3011942119122028,0.30727873860113203,0.3134861808826059,0.31981902181630445,0.3262797946230401,0.33287108369808016,0.3395955256449396,0.3464558103300582,0.35345468195878116,0.36059494017307925,0.3678794411714432,0.3753110988514004,0.38289288597511284,0.39062783535852197,0.3985190410845151,0.4065696597405999,0.41478291168158227,0.4231620823177495,0.4317105234290807,0.4404316545060004,0.44932896411722273,0.4584060113052248,0.46766642700991073,0.4771139155210361,0.4867522559599733,0.4965853037914112,0.5066169923655913,0.5168513344917011,0.5272924240430507,0.5379444375946767,0.5488116360940287,0.559898366565404,0.5712090638488169,0.5827482523739919,0.5945205479701966,0.6065306597126356,0.6187833918061431,0.631283645506928,0.6440364210831435,0.657046819815059,0.6703200460356418,0.6838614092123583,0.6976763260710334,0.7117703227626119,0.7261490370736929,0.7408182206817202,0.7557837414557277,0.7710515858035686,0.7866278610665559,0.8025187979624805,0.8187307530779842,0.8352702114112744,0.8521437889662133,0.8693582353988073,0.8869204367171591,0.9048374180359614,0.9231163463866379,0.9417645335842502,0.9607894391523247,0.9801986733067576,1.0000000000000013,1.0202013400267573,1.0408107741923895,1.0618365465453612,1.0832870676749604,1.1051709180756495,1.1274968515793773,1.1502737988572282,1.1735108709918114,1.1972173631218108,1.2214027581601716,1.2460767305873806,1.271249150321405,1.2969300866657725,1.323129812337438,1.349858807576004,1.3771277643359583,1.4049475905635949,1.4333294145603415,1.4622845894342256,1.4918246976412712,1.5219615556186343,1.552707218511335,1.5840739849944807,1.6160744021928943
0.22313016014842993,0.22763768838381251,0.2322362747297587,0.23692775868212185,0.24171401689703662,0.24659696394160674,0.2515785530597568,0.2566607769535562,0.2618456685803263,0.26713530196585067,0.27253179303401304,0.27803730045319464,0.28365402649977084,0.2893842179390512,0.2952301669240149,0.30119421191220275,0.30727873860113186,0.31348618088260594,0.3198190218163044,0.32627979462303996,0.33287108369808005,0.3395955256449398,0.34645581033005773,0.3534546819587808,0.3605949401730792,0.3678794411714432,0.3753110988514003,0.3828928859751129,0.3906278353585218,0.3985190410845149,0.4065696597405998,0.4147829116815821,0.4231620823177497,0.43171052342908034,0.4404316545060001,0.44932896411722256,0.45840601130522446,0.46766642700991035,0.47711391552103594,0.48675225595997323,0.49658530379141114,0.5066169923655913,0.516851334491701,0.5272924240430503,0.5379444375946764,0.5488116360940284,0.5598983665654039,0.5712090638488168,0.5827482523739916,0.5945205479701963,0.6065306597126354,0.6187833918061428,0.6312836455069282,0.644036421083143,0.6570468198150591,0.6703200460356414,0.6838614092123583,0.6976763260710335,0.7117703227626118,0.7261490370736929,0.74081822068172,0.7557837414557279,0.7710515858035683,0.7866278610665559,0.8025187979624807,0.8187307530779838,0.835270211411274,0.8521437889662132,0.8693582353988076,0.8869204367171589,0.9048374180359607,0.9231163463866376,0.9417645335842505,0.9607894391523245,0.9801986733067565,1.000000000000002,1.0202013400267567,1.0408107741923895,1.0618365465453605,1.0832870676749602,1.1051709180756493,1.1274968515793773,1.1502737988572282,1.1735108709918112,1.1972173631218108,1.2214027581601705,1.2460767305873823,1.271249150321404,1.2969300866657716,1.3231298123374367,1.3498588075760032,1.3771277643359574,1.4049475905635946,1.4333294145603415,1.4622845894342258,1.4918246976412715,1.521961555618635,1.5527072185113364,1.5840739849944807,1.6160744021928921,1.6487212707001284
0.22763768838381274,0.23223627472975852,0.23692775868212154,0.2417140168970365,0.24659696394160666,0.2515785530597568,0.2566607769535561,0.2618456685803264,0.2671353019658505,0.27253179303401287,0.2780373004531944,0.28365402649977084,0.28938421793905117,0.29523016692401466,0.30119421191220264,0.30727873860113175,0.3134861808826058,0.3198190218163044,0.32627979462303985,0.3328710836980799,0.33959552564493944,0.3464558103300579,0.3534546819587804,0.36059494017307886,0.3678794411714431,0.3753110988514003,0.38289288597511256,0.3906278353585217,0.39851904108451464,0.4065696597405997,0.41478291168158193,0.4231620823177493,0.4317105234290802,0.4404316545059998,0.4493289641172221,0.4584060113052243,0.46766642700991007,0.4771139155210353,0.486752255959973,0.4965853037914108,0.5066169923655911,0.5168513344917006,0.52729242404305,0.537944437594676,0.548811636094028,0.5598983665654037,0.5712090638488165,0.5827482523739911,0.5945205479701959,0.6065306597126351,0.6187833918061424,0.6312836455069276,0.6440364210831432,0.6570468198150583,0.670320046035641,0.6838614092123575,0.6976763260710332,0.711770322762612,0.7261490370736926,0.7408182206817198,0.7557837414557274,0.7710515858035681,0.7866278610665549,0.8025187979624807,0.818730753077984,0.835270211411274,0.852143788966213,0.8693582353988077,0.8869204367171588,0.9048374180359607,0.923116346386637,0.9417645335842504,0.9607894391523243,0.9801986733067561,1.0000000000000009,1.0202013400267576,1.0408107741923889,1.0618365465453603,1.083287067674959,1.1051709180756486,1.1274968515793773,1.1502737988572285,1.1735108709918118,1.1972173631218104,1.2214027581601705,1.2460767305873812,1.2712491503214054,1.2969300866657711,1.3231298123374358,1.3498588075760023,1.3771277643359563,1.4049475905635933,1.4333294145603401,1.4622845894342256,1.4918246976412708,1.5219615556186346,1.5527072185113366,1.5840739849944823,1.6160744021928923,1.648721270700127,1.6820276496988862
0.23223627472975883,0.2369277586821214,0.24171401689703623,0.24659696394160657,0.25157855305975674,0.2566607769535562,0.2618456685803263,0.26713530196585067,0.27253179303401287,0.27803730045319447,0.2836540264997708,0.2893842179390512,0.2952301669240147,0.30119421191220264,0.3072787386011318,0.3134861808826058,0.31981902181630434,0.3262797946230401,0.33287108369807983,0.33959552564493956,0.34645581033005785,0.3534546819587806,0.3605949401730784,0.3678794411714429,0.3753110988514003,0.3828928859751128,0.3906278353585216,0.3985190410845149,0.4065696597405997,0.41478291168158193,0.4231620823177494,0.4317105234290802,0.4404316545059998,0.4493289641172221,0.45840601130522407,0.46766642700991,0.47711391552103527,0.4867522559599725,0.496585303791411,0.506616992365591,0.5168513344917008,0.5272924240430501,0.5379444375946761,0.5488116360940282,0.5598983665654037,0.5712090638488164,0.5827482523739913,0.5945205479701958,0.606530659712635,0.6187833918061425,0.6312836455069277,0.6440364210831431,0.6570468198150585,0.670320046035641,0.6838614092123577,0.6976763260710328,0.711770322762612,0.726149037073693,0.74081822068172,0.7557837414557272,0.7710515858035683,0.7866278610665554,0.8025187979624803,0.818730753077984,0.8352702114112743,0.8521437889662132,0.8693582353988074,0.8869204367171595,0.904837418035961,0.9231163463866372,0.94176453358425,0.960789439152325,0.9801986733067568,1.000000000000001,1.0202013400267567,1.0408107741923898,1.06183654654536,1.0832870676749589,1.1051709180756482,1.1274968515793768,1.1502737988572291,1.1735108709918114,1.1972173631218115,1.2214027581601703,1.2460767305873812,1.2712491503214052,1.2969300866657727,1.3231298123374362,1.3498588075760023,1.3771277643359565,1.4049475905635929,1.4333294145603392,1.4622845894342245,1.4918246976412708,1.5219615556186343,1.5527072185113369,1.5840739849944832,1.6160744021928946,1.6487212707001282,1.6820276496988862,1.7160068621848588
0.23692775868212174,0.2417140168970361,0.24659696394160624,0.2515785530597567,0.25666077695355616,0.2618456685803263,0.26713530196585067,0.272531793034013,0.2780373004531944,0.2836540264997707,0.289384217939051,0.29523016692401477,0.30119421191220247,0.30727873860113175,0.3134861808826057,0.3198190218163043,0.32627979462303985,0.33287108369807983,0.33959552564493917,0.3464558103300577,0.3534546819587804,0.3605949401730787,0.36787944117144256,0.3753110988514001,0.38289288597511273,0.3906278353585217,0.3985190410845147,0.40656965974059955,0.41478291168158193,0.42316208231774927,0.4317105234290801,0.4404316545059995,0.44932896411722195,0.45840601130522396,0.46766642700990957,0.47711391552103494,0.4867522559599723,0.4965853037914102,0.5066169923655909,0.5168513344917004,0.5272924240430499,0.5379444375946758,0.5488116360940279,0.5598983665654034,0.5712090638488162,0.5827482523739913,0.5945205479701957,0.6065306597126349,0.6187833918061423,0.6312836455069272,0.6440364210831426,0.6570468198150584,0.6703200460356409,0.6838614092123574,0.6976763260710327,0.7117703227626113,0.7261490370736929,0.7408182206817199,0.7557837414557275,0.7710515858035679,0.786627861066555,0.8025187979624802,0.8187307530779834,0.8352702114112739,0.8521437889662135,0.8693582353988077,0.8869204367171591,0.9048374180359612,0.923116346386637,0.9417645335842499,0.9607894391523244,0.9801986733067567,1.0000000000000009,1.0202013400267564,1.0408107741923889,1.0618365465453605,1.0832870676749586,1.1051709180756477,1.1274968515793762,1.1502737988572278,1.1735108709918114,1.1972173631218106,1.221402758160171,1.2460767305873812,1.2712491503214047,1.2969300866657718,1.3231298123374375,1.3498588075760023,1.3771277643359559,1.4049475905635929,1.4333294145603386,1.4622845894342233,1.49182469764127,1.5219615556186339,1.5527072185113362,1.584073984994482,1.6160744021928943,1.6487212707001293,1.6820276496988866,1.7160068621848585,1.7506725002961012
0.2417140168970364,0.24659696394160616,0.25157855305975635,0.2566607769535561,0.2618456685803264,0.26713530196585067,0.272531793034013,0.2780373004531945,0.2836540264997708,0.289384217939051,0.2952301669240146,0.30119421191220264,0.3072787386011317,0.31348618088260577,0.3198190218163043,0.32627979462303974,0.33287108369807994,0.3395955256449394,0.3464558103300575,0.3534546819587803,0.36059494017307847,0.3678794411714426,0.3753110988513997,0.38289288597511256,0.39062783535852175,0.39851904108451475,0.4065696597405995,0.41478291168158193,0.4231620823177493,0.4317105234290801,0.4404316545059995,0.4493289641172219,0.45840601130522396,0.46766642700990957,0.4771139155210346,0.4867522559599722,0.49658530379141014,0.5066169923655902,0.5168513344917003,0.5272924240430495,0.5379444375946757,0.5488116360940277,0.5598983665654034,0.5712090638488161,0.5827482523739907,0.5945205479701957,0.6065306597126346,0.6187833918061421,0.6312836455069274,0.6440364210831427,0.657046819815058,0.6703200460356407,0.6838614092123572,0.6976763260710322,0.7117703227626113,0.7261490370736924,0.7408182206817198,0.7557837414557277,0.771051585803568,0.7866278610665549,0.8025187979624803,0.8187307530779834,0.8352702114112736,0.8521437889662132,0.869358235398808,0.8869204367171594,0.9048374180359611,0.9231163463866373,0.9417645335842497,0.9607894391523242,0.9801986733067563,1.0000000000000009,1.0202013400267567,1.0408107741923887,1.0618365465453603,1.083287067674959,1.1051709180756477,1.1274968515793753,1.1502737988572274,1.1735108709918107,1.197217363121811,1.22140275816017,1.2460767305873817,1.2712491503214043,1.2969300866657718,1.3231298123374364,1.3498588075760036,1.3771277643359563,1.4049475905635929,1.4333294145603386,1.4622845894342222,1.4918246976412688,1.5219615556186328,1.5527072185113353,1.5840739849944814,1.6160744021928937,1.6487212707001293,1.6820276496988875,1.7160068621848594,1.7506725002961019,1.7860384307500732
0.24659696394160638,0.25157855305975624,0.2566607769535558,0.2618456685803263,0.2671353019658507,0.272531793034013,0.2780373004531946,0.28365402649977084,0.28938421793905095,0.29523016692401455,0.30119421191220247,0.30727873860113164,0.31348618088260555,0.3198190218163043,0.32627979462303974,0.33287108369807966,0.33959552564493933,0.34645581033005757,0.35345468195878,0.3605949401730783,0.3678794411714424,0.3753110988513997,0.3828928859751121,0.39062783535852147,0.3985190410845147,0.4065696597405996,0.41478291168158177,0.42316208231774927,0.4317105234290803,0.4404316545059995,0.44932896411722184,0.4584060113052237,0.4676664270099095,0.47711391552103455,0.4867522559599719,0.49658530379140997,0.5066169923655902,0.5168513344916996,0.5272924240430494,0.5379444375946754,0.5488116360940274,0.5598983665654031,0.5712090638488161,0.5827482523739907,0.5945205479701954,0.6065306597126345,0.6187833918061421,0.6312836455069271,0.6440364210831424,0.6570468198150579,0.6703200460356404,0.6838614092123568,0.6976763260710322,0.711770322762611,0.7261490370736924,0.7408182206817194,0.7557837414557272,0.771051585803568,0.7866278610665551,0.8025187979624799,0.8187307530779837,0.8352702114112733,0.8521437889662127,0.8693582353988077,0.8869204367171594,0.9048374180359613,0.9231163463866373,0.94176453358425,0.9607894391523242,0.9801986733067564,1.0000000000000009,1.020201340026757,1.040810774192389,1.0618365465453599,1.0832870676749586,1.105170918075648,1.1274968515793755,1.1502737988572265,1.17351087099181,1.1972173631218102,1.2214027581601705,1.2460767305873803,1.271249150321405,1.2969300866657714,1.3231298123374369,1.349858807576003,1.3771277643359572,1.4049475905635926,1.4333294145603388,1.4622845894342225,1.4918246976412681,1.5219615556186317,1.5527072185113344,1.5840739849944805,1.6160744021928921,1.6487212707001275,1.6820276496988869,1.7160068621848599,1.7506725002961026,1.7860384307500745,1.8221188003905089
0.25157855305975646,0.25666077695355566,0.261845668580326,0.2671353019658507,0.2725317930340129,0.2780373004531945,0.28365402649977084,0.28938421793905106,0.29523016692401455,0.3011942119122024,0.3072787386011314,0.3134861808826057,0.3198190218163042,0.3262797946230398,0.3328710836980798,0.3395955256449393,0.3464558103300575,0.3534546819587802,0.3605949401730781,0.36787944117144233,0.37531109885139946,0.3828928859751121,0.390627835358521,0.3985190410845145,0.40656965974059955,0.41478291168158177,0.4231620823177491,0.43171052342908006,0.4404316545059997,0.4493289641172219,0.45840601130522357,0.4676664270099094,0.4771139155210347,0.486752255959972,0.4965853037914097,0.5066169923655901,0.5168513344916997,0.527292424043049,0.5379444375946753,0.548811636094027,0.5598983665654029,0.571209063848816,0.5827482523739907,0.5945205479701952,0.6065306597126343,0.6187833918061417,0.631283645506927,0.6440364210831422,0.6570468198150575,0.6703200460356402,0.6838614092123567,0.697676326071032,0.7117703227626109,0.7261490370736918,0.7408182206817193,0.755783741455727,0.7710515858035679,0.7866278610665549,0.8025187979624802,0.8187307530779832,0.8352702114112734,0.8521437889662129,0.8693582353988071,0.886920436717159,0.9048374180359614,0.9231163463866376,0.94176453358425,0.9607894391523244,0.980198673306756,1.000000000000001,1.0202013400267567,1.0408107741923887,1.0618365465453605,1.0832870676749586,1.1051709180756477,1.1274968515793757,1.1502737988572265,1.1735108709918096,1.1972173631218102,1.2214027581601699,1.246076730587381,1.2712491503214038,1.2969300866657718,1.323129812337436,1.3498588075760025,1.3771277643359567,1.4049475905635933,1.433329414560339,1.4622845894342236,1.4918246976412688,1.521961555618631,1.5527072185113338,1.5840739849944796,1.6160744021928912,1.6487212707001262,1.6820276496988853,1.7160068621848583,1.750672500296102,1.786038430750075,1.8221188003905104,1.8589280418463416
0.2566607769535559,0.26184566858032593,0.2671353019658507,0.27253179303401315,0.27803730045319475,0.2836540264997709,0.2893842179390511,0.2952301669240147,0.3011942119122025,0.30727873860113164,0.3134861808826057,0.31981902181630445,0.32627979462303985,0.3328710836980799,0.33959552564493944,0.34645581033005757,0.3534546819587802,0.3605949401730784,0.36787944117144217,0.3753110988513996,0.38289288597511195,0.39062783535852125,0.3985190410845142,0.40656965974059955,0.41478291168158193,0.4231620823177492,0.4317105234290802,0.4404316545059998,0.4493289641172221,0.4584060113052239,0.46766642700990935,0.4771139155210347,0.486752255959972,0.4965853037914099,0.5066169923655899,0.5168513344916997,0.5272924240430492,0.537944437594675,0.5488116360940274,0.5598983665654029,0.571209063848816,0.5827482523739905,0.5945205479701957,0.6065306597126342,0.6187833918061418,0.631283645506927,0.6440364210831424,0.6570468198150576,0.67032004603564,0.6838614092123569,0.6976763260710321,0.7117703227626109,0.7261490370736919,0.740818220681719,0.755783741455727,0.771051585803568,0.7866278610665552,0.8025187979624803,0.8187307530779837,0.8352702114112737,0.852143788966213,0.8693582353988074,0.8869204367171594,0.9048374180359613,0.9231163463866375,0.9417645335842508,0.9607894391523251,0.9801986733067567,1.0000000000000009,1.0202013400267564,1.040810774192389,1.0618365465453607,1.0832870676749595,1.105170918075648,1.127496851579376,1.1502737988572278,1.1735108709918103,1.1972173631218093,1.2214027581601699,1.2460767305873812,1.2712491503214047,1.296930086665771,1.323129812337437,1.3498588075760025,1.3771277643359567,1.4049475905635933,1.4333294145603401,1.4622845894342231,1.49182469764127,1.521961555618632,1.5527072185113335,1.5840739849944794,1.6160744021928914,1.6487212707001264,1.6820276496988842,1.7160068621848574,1.7506725002961006,1.786038430750075,1.8221188003905109,1.8589280418463434,1.896480879304952
0.26184566858032593,0.26713530196585045,0.2725317930340129,0.2780373004531947,0.283654026499771,0.28938421793905117,0.2952301669240147,0.3011942119122027,0.3072787386011317,0.3134861808826057,0.3198190218163044,0.32627979462303996,0.3328710836980799,0.3395955256449394,0.3464558103300576,0.35345468195878016,0.36059494017307825,0.3678794411714423,0.3753110988513994,0.38289288597511206,0.39062783535852097,0.39851904108451425,0.406569659740599,0.41478291168158166,0.42316208231774927,0.4317105234290802,0.4404316545059995,0.44932896411722206,0.45840601130522396,0.46766642700990974,0.47711391552103466,0.48675225595997196,0.4965853037914099,0.5066169923655901,0.5168513344916996,0.5272924240430491,0.5379444375946751,0.5488116360940266,0.5598983665654028,0.5712090638488155,0.5827482523739904,0.594520547970195,0.6065306597126346,0.6187833918061415,0.6312836455069265,0.6440364210831424,0.6570468198150577,0.67032004603564,0.6838614092123564,0.6976763260710322,0.7117703227626102,0.7261490370736919,0.7408182206817189,0.7557837414557266,0.7710515858035677,0.7866278610665549,0.8025187979624803,0.8187307530779835,0.8352702114112739,0.8521437889662127,0.8693582353988074,0.8869204367171588,0.904837418035961,0.9231163463866373,0.9417645335842504,0.960789439152325,0.9801986733067568,1.0000000000000013,1.0202013400267567,1.0408107741923893,1.0618365465453605,1.0832870676749597,1.1051709180756484,1.1274968515793762,1.1502737988572278,1.1735108709918105,1.1972173631218102,1.2214027581601694,1.2460767305873812,1.271249150321405,1.2969300866657716,1.3231298123374362,1.3498588075760032,1.377127764335956,1.4049475905635935,1.433329414560339,1.4622845894342242,1.491824697641269,1.521961555618633,1.5527072185113342,1.5840739849944792,1.6160744021928914,1.648721270700126,1.6820276496988835,1.7160068621848552,1.7506725002960994,1.7860384307500727,1.8221188003905102,1.8589280418463434,1.8964808793049528,1.9347923344020315
0.2671353019658502,0.27253179303401276,0.2780373004531945,0.283654026499771,0.2893842179390512,0.29523016692401477,0.3011942119122025,0.3072787386011317,0.31348618088260577,0.3198190218163043,0.3262797946230398,0.33287108369807983,0.33959552564493944,0.3464558103300576,0.3534546819587803,0.36059494017307836,0.3678794411714421,0.37531109885139957,0.3828928859751119,0.39062783535852097,0.39851904108451397,0.4065696597405991,0.4147829116815812,0.42316208231774904,0.43171052342908006,0.4404316545059996,0.44932896411722195,0.4584060113052238,0.4676664270099096,0.4771139155210348,0.486752255959972,0.4965853037914097,0.50661699236559,0.5168513344916997,0.5272924240430489,0.537944437594675,0.5488116360940269,0.5598983665654022,0.5712090638488156,0.5827482523739905,0.594520547970195,0.6065306597126341,0.6187833918061417,0.6312836455069265,0.6440364210831419,0.6570468198150576,0.6703200460356401,0.6838614092123565,0.6976763260710316,0.7117703227626105,0.7261490370736917,0.7408182206817188,0.7557837414557266,0.7710515858035671,0.7866278610665549,0.8025187979624799,0.8187307530779836,0.8352702114112737,0.8521437889662132,0.8693582353988072,0.8869204367171596,0.9048374180359612,0.923116346386637,0.9417645335842505,0.9607894391523244,0.9801986733067567,1.0000000000000016,1.0202013400267569,1.040810774192389,1.0618365465453605,1.083287067674959,1.1051709180756484,1.1274968515793768,1.1502737988572276,1.1735108709918103,1.1972173631218108,1.2214027581601692,1.2460767305873806,1.271249150321405,1.2969300866657718,1.3231298123374369,1.3498588075760019,1.3771277643359563,1.4049475905635924,1.4333294145603395,1.462284589434223,1.4918246976412695,1.5219615556186321,1.552707218511335,1.5840739849944794,1.6160744021928903,1.648721270700126,1.6820276496988833,1.716006862184855,1.750672500296097,1.7860384307500712,1.822118800390507,1.8589280418463427,1.896480879304952,1.9347923344020317,1.9738777322304462
0.2725317930340126,0.27803730045319436,0.2836540264997709,0.28938421793905145,0.295230166924015,0.30119421191220275,0.30727873860113186,0.3134861808826058,0.3198190218163043,0.32627979462303996,0.33287108369808,0.3395955256449396,0.3464558103300578,0.3534546819587804,0.3605949401730787,0.3678794411714426,0.37531109885139957,0.3828928859751121,0.3906278353585211,0.39851904108451436,0.40656965974059917,0.4147829116815814,0.42316208231774893,0.43171052342908006,0.44043165450599986,0.44932896411722195,0.458406011305224,0.4676664270099097,0.4771139155210348,0.486752255959972,0.49658530379140997,0.5066169923655901,0.5168513344916998,0.5272924240430492,0.537944437594675,0.5488116360940272,0.559898366565403,0.5712090638488152,0.5827482523739905,0.5945205479701953,0.6065306597126343,0.6187833918061417,0.6312836455069268,0.6440364210831421,0.6570468198150574,0.6703200460356405,0.6838614092123568,0.6976763260710318,0.7117703227626105,0.7261490370736922,0.7408182206817189,0.7557837414557265,0.7710515858035676,0.7866278610665545,0.8025187979624803,0.8187307530779838,0.835270211411274,0.8521437889662133,0.8693582353988081,0.886920436717159,0.9048374180359617,0.9231163463866378,0.9417645335842503,0.9607894391523251,0.9801986733067568,1.0000000000000013,1.0202013400267578,1.0408107741923898,1.0618365465453607,1.0832870676749595,1.1051709180756488,1.127496851579377,1.1502737988572287,1.1735108709918112,1.1972173631218113,1.221402758160171,1.2460767305873812,1.271249150321405,1.2969300866657727,1.3231298123374378,1.3498588075760032,1.3771277643359567,1.4049475905635938,1.4333294145603392,1.462284589434224,1.4918246976412692,1.5219615556186334,1.5527072185113344,1.5840739849944812,1.6160744021928914,1.6487212707001255,1.6820276496988844,1.716006862184856,1.7506725002960983,1.7860384307500698,1.8221188003905067,1.8589280418463408,1.8964808793049521,1.9347923344020328,1.9738777322304477,2.0137527074704766
0.2780373004531941,0.2836540264997707,0.28938421793905134,0.295230166924015,0.30119421191220286,0.3072787386011318,0.3134861808826058,0.31981902181630445,0.3262797946230399,0.33287108369807994,0.33959552564493967,0.34645581033005796,0.35345468195878066,0.3605949401730785,0.36787944117144283,0.37531109885139996,0.38289288597511206,0.3906278353585213,0.3985190410845142,0.4065696597405993,0.4147829116815814,0.42316208231774893,0.4317105234290797,0.44043165450599986,0.4493289641172221,0.458406011305224,0.46766642700990974,0.4771139155210349,0.4867522559599723,0.4965853037914101,0.5066169923655902,0.5168513344917,0.5272924240430493,0.5379444375946753,0.5488116360940272,0.5598983665654028,0.5712090638488159,0.58274825237399,0.5945205479701954,0.6065306597126346,0.6187833918061417,0.6312836455069267,0.6440364210831422,0.6570468198150576,0.6703200460356401,0.683861409212357,0.6976763260710321,0.7117703227626103,0.7261490370736916,0.7408182206817188,0.7557837414557267,0.7710515858035674,0.7866278610665548,0.8025187979624797,0.8187307530779837,0.8352702114112739,0.8521437889662138,0.8693582353988075,0.8869204367171601,0.9048374180359614,0.9231163463866381,0.9417645335842508,0.9607894391523252,0.9801986733067573,1.0000000000000018,1.0202013400267578,1.04081077419239,1.0618365465453612,1.08328706767496,1.105170918075649,1.1274968515793773,1.1502737988572294,1.1735108709918123,1.1972173631218117,1.2214027581601712,1.2460767305873823,1.2712491503214047,1.2969300866657727,1.3231298123374384,1.3498588075760043,1.3771277643359572,1.404947590563594,1.4333294145603408,1.4622845894342238,1.49182469764127,1.5219615556186334,1.5527072185113358,1.5840739849944807,1.6160744021928932,1.6487212707001262,1.6820276496988842,1.7160068621848577,1.750672500296099,1.7860384307500707,1.8221188003905053,1.85892804184634,1.89648087930495,1.9347923344020326,1.9738777322304486,2.0137527074704766,2.0544332106438876
0.2836540264997703,0.2893842179390508,0.29523016692401477,0.3011942119122028,0.30727873860113186,0.3134861808826059,0.31981902181630434,0.3262797946230399,0.33287108369807983,0.3395955256449395,0.3464558103300578,0.3534546819587806,0.36059494017307864,0.3678794411714426,0.37531109885139996,0.3828928859751123,0.39062783535852114,0.3985190410845143,0.4065696597405992,0.4147829116815814,0.42316208231774877,0.43171052342907973,0.44043165450599914,0.4493289641172219,0.458406011305224,0.4676664270099095,0.4771139155210349,0.48675225595997196,0.49658530379141,0.5066169923655902,0.5168513344916998,0.5272924240430489,0.5379444375946751,0.5488116360940272,0.5598983665654027,0.5712090638488156,0.5827482523739907,0.5945205479701946,0.6065306597126344,0.6187833918061417,0.6312836455069267,0.6440364210831421,0.6570468198150576,0.6703200460356399,0.6838614092123565,0.697676326071032,0.7117703227626104,0.7261490370736915,0.7408182206817184,0.7557837414557262,0.7710515858035674,0.7866278610665546,0.8025187979624798,0.8187307530779832,0.8352702114112738,0.8521437889662131,0.8693582353988077,0.8869204367171593,0.9048374180359618,0.9231163463866375,0.9417645335842507,0.9607894391523256,0.9801986733067571,1.000000000000002,1.020201340026757,1.0408107741923898,1.0618365465453614,1.08328706767496,1.1051709180756493,1.127496851579377,1.1502737988572285,1.1735108709918118,1.197217363121812,1.2214027581601712,1.2460767305873823,1.2712491503214065,1.2969300866657723,1.3231298123374382,1.349858807576004,1.3771277643359583,1.404947590563594,1.4333294145603404,1.4622845894342256,1.4918246976412692,1.5219615556186332,1.5527072185113346,1.5840739849944814,1.616074402192892,1.648721270700128,1.6820276496988849,1.7160068621848565,1.7506725002960994,1.7860384307500714,1.8221188003905058,1.858928041846338,1.896480879304949,1.9347923344020292,1.9738777322304482,2.0137527074704753,2.054433210643887,2.0959355144943643
0.2893842179390506,0.29523016692401455,0.3011942119122027,0.30727873860113203,0.313486180882606,0.31981902181630445,0.3262797946230399,0.33287108369808,0.33959552564493956,0.34645581033005785,0.3534546819587807,0.36059494017307886,0.3678794411714428,0.37531109885139996,0.3828928859751125,0.39062783535852164,0.39851904108451436,0.40656965974059944,0.41478291168158166,0.423162082317749,0.43171052342907984,0.44043165450599964,0.4493289641172218,0.458406011305224,0.46766642700990985,0.4771139155210349,0.4867522559599722,0.4965853037914101,0.5066169923655901,0.5168513344917001,0.5272924240430495,0.5379444375946751,0.5488116360940273,0.5598983665654028,0.5712090638488155,0.5827482523739906,0.5945205479701956,0.6065306597126341,0.6187833918061422,0.6312836455069272,0.6440364210831422,0.6570468198150577,0.6703200460356402,0.6838614092123566,0.6976763260710317,0.711770322762611,0.7261490370736918,0.7408182206817185,0.7557837414557266,0.7710515858035674,0.7866278610665548,0.8025187979624798,0.8187307530779838,0.8352702114112737,0.8521437889662136,0.869358235398808,0.8869204367171598,0.9048374180359621,0.9231163463866383,0.9417645335842507,0.9607894391523254,0.980198673306758,1.0000000000000022,1.020201340026758,1.04081077419239,1.0618365465453619,1.0832870676749609,1.1051709180756493,1.1274968515793782,1.1502737988572291,1.173510870991812,1.1972173631218124,1.2214027581601723,1.246076730587383,1.2712491503214065,1.2969300866657738,1.323129812337438,1.3498588075760056,1.377127764335959,1.4049475905635955,1.4333294145603415,1.4622845894342253,1.4918246976412721,1.5219615556186334,1.5527072185113364,1.584073984994481,1.6160744021928932,1.6487212707001269,1.6820276496988866,1.7160068621848568,1.7506725002960986,1.786038430750073,1.822118800390508,1.8589280418463405,1.8964808793049488,1.93479233440203,1.9738777322304453,2.013752707470476,2.0544332106438867,2.0959355144943643,2.138276220496819
0.2952301669240143,0.30119421191220236,0.3072787386011318,0.3134861808826061,0.3198190218163046,0.32627979462304,0.33287108369808,0.33959552564493967,0.34645581033005785,0.35345468195878066,0.3605949401730789,0.36787944117144294,0.3753110988514002,0.3828928859751126,0.39062783535852186,0.39851904108451497,0.40656965974059955,0.41478291168158193,0.4231620823177494,0.43171052342908006,0.4404316545059995,0.44932896411722206,0.45840601130522385,0.4676664270099101,0.47711391552103527,0.4867522559599725,0.49658530379141,0.5066169923655902,0.5168513344916998,0.5272924240430497,0.5379444375946754,0.5488116360940272,0.559898366565403,0.5712090638488158,0.5827482523739905,0.5945205479701953,0.6065306597126348,0.6187833918061415,0.6312836455069273,0.6440364210831429,0.6570468198150579,0.6703200460356405,0.683861409212357,0.6976763260710319,0.7117703227626107,0.7261490370736925,0.7408182206817189,0.7557837414557264,0.7710515858035677,0.7866278610665545,0.80251879796248,0.8187307530779836,0.8352702114112741,0.8521437889662132,0.8693582353988083,0.8869204367171597,0.9048374180359621,0.9231163463866382,0.9417645335842515,0.960789439152326,0.9801986733067578,1.000000000000003,1.0202013400267584,1.040810774192391,1.0618365465453619,1.0832870676749606,1.1051709180756506,1.1274968515793782,1.1502737988572302,1.1735108709918127,1.1972173631218126,1.2214027581601732,1.246076730587384,1.2712491503214078,1.2969300866657745,1.32312981233744,1.349858807576005,1.37712776433596,1.4049475905635964,1.433329414560343,1.4622845894342267,1.491824697641272,1.5219615556186357,1.552707218511336,1.584073984994483,1.6160744021928928,1.6487212707001289,1.6820276496988855,1.716006862184859,1.7506725002960997,1.7860384307500718,1.8221188003905093,1.8589280418463414,1.8964808793049512,1.93479233440203,1.9738777322304462,2.0137527074704757,2.0544332106438876,2.0959355144943626,2.138276220496818,2.181472265498202
0.30119421191220214,0.3072787386011315,0.31348618088260577,0.3198190218163044,0.32627979462303996,0.33287108369807994,0.3395955256449395,0.34645581033005785,0.3534546819587804,0.3605949401730786,0.367879441171443,0.3753110988514001,0.3828928859751126,0.3906278353585217,0.39851904108451486,0.4065696597405999,0.41478291168158177,0.4231620823177493,0.4317105234290801,0.44043165450599975,0.44932896411722206,0.4584060113052239,0.4676664270099096,0.477113915521035,0.48675225595997246,0.49658530379141,0.5066169923655904,0.5168513344916998,0.5272924240430491,0.5379444375946751,0.5488116360940273,0.5598983665654028,0.5712090638488156,0.5827482523739903,0.5945205479701949,0.6065306597126344,0.6187833918061422,0.6312836455069267,0.6440364210831426,0.6570468198150581,0.6703200460356403,0.6838614092123567,0.6976763260710318,0.7117703227626105,0.7261490370736918,0.7408182206817191,0.7557837414557265,0.771051585803567,0.7866278610665548,0.8025187979624793,0.8187307530779834,0.8352702114112739,0.8521437889662136,0.869358235398808,0.8869204367171598,0.9048374180359615,0.923116346386638,0.9417645335842512,0.960789439152326,0.9801986733067575,1.0000000000000024,1.0202013400267584,1.0408107741923902,1.061836546545362,1.0832870676749606,1.10517091807565,1.1274968515793788,1.1502737988572298,1.173510870991813,1.1972173631218128,1.221402758160172,1.246076730587384,1.271249150321408,1.2969300866657745,1.3231298123374395,1.349858807576006,1.377127764335959,1.4049475905635964,1.4333294145603424,1.462284589434227,1.4918246976412723,1.5219615556186357,1.5527072185113382,1.5840739849944816,1.6160744021928937,1.6487212707001278,1.6820276496988866,1.7160068621848565,1.7506725002961008,1.786038430750072,1.8221188003905073,1.8589280418463423,1.8964808793049508,1.934792334402031,1.9738777322304462,2.0137527074704744,2.054433210643886,2.095935514494363,2.138276220496816,2.1814722654982,2.225540928492468
0.3072787386011312,0.3134861808826054,0.3198190218163041,0.3262797946230397,0.3328710836980797,0.33959552564493933,0.3464558103300576,0.3534546819587804,0.36059494017307836,0.3678794411714425,0.37531109885139996,0.3828928859751125,0.3906278353585216,0.39851904108451486,0.40656965974059983,0.4147829116815821,0.42316208231774904,0.4317105234290803,0.4404316545059997,0.44932896411722206,0.458406011305224,0.46766642700990946,0.4771139155210346,0.4867522559599722,0.4965853037914103,0.5066169923655901,0.5168513344916997,0.5272924240430491,0.5379444375946748,0.5488116360940268,0.5598983665654025,0.5712090638488153,0.5827482523739901,0.5945205479701949,0.6065306597126339,0.6187833918061417,0.631283645506927,0.6440364210831417,0.657046819815058,0.6703200460356403,0.6838614092123565,0.6976763260710318,0.7117703227626104,0.7261490370736914,0.7408182206817187,0.7557837414557262,0.7710515858035671,0.7866278610665538,0.8025187979624796,0.8187307530779824,0.8352702114112732,0.8521437889662127,0.869358235398808,0.8869204367171588,0.9048374180359618,0.9231163463866372,0.941764533584251,0.9607894391523253,0.9801986733067577,1.0000000000000024,1.0202013400267576,1.0408107741923909,1.0618365465453614,1.083287067674961,1.1051709180756497,1.1274968515793777,1.1502737988572302,1.1735108709918127,1.197217363121813,1.2214027581601725,1.246076730587383,1.2712491503214078,1.2969300866657751,1.3231298123374395,1.3498588075760058,1.37712776433596,1.4049475905635957,1.4333294145603432,1.4622845894342267,1.4918246976412726,1.5219615556186354,1.552707218511338,1.5840739849944836,1.616074402192893,1.6487212707001284,1.682027649698885,1.7160068621848588,1.7506725002960992,1.7860384307500727,1.8221188003905069,1.8589280418463405,1.8964808793049504,1.934792334402031,1.9738777322304466,2.0137527074704744,2.054433210643885,2.0959355144943617,2.1382762204968158,2.1814722654981975,2.2255409284924657,2.270499837532405
0.31348618088260516,0.319819021816304,0.3262797946230397,0.3328710836980798,0.3395955256449394,0.3464558103300575,0.3534546819587803,0.36059494017307864,0.3678794411714425,0.3753110988513999,0.3828928859751126,0.3906278353585218,0.39851904108451486,0.4065696597405997,0.41478291168158216,0.4231620823177497,0.4317105234290802,0.440431654506,0.44932896411722234,0.45840601130522407,0.46766642700990974,0.477113915521035,0.4867522559599721,0.49658530379141025,0.5066169923655905,0.5168513344917001,0.5272924240430492,0.537944437594675,0.5488116360940268,0.5598983665654026,0.5712090638488154,0.5827482523739901,0.5945205479701949,0.6065306597126341,0.6187833918061414,0.6312836455069266,0.6440364210831423,0.6570468198150573,0.6703200460356403,0.683861409212357,0.6976763260710318,0.7117703227626108,0.7261490370736918,0.7408182206817184,0.7557837414557261,0.7710515858035671,0.7866278610665545,0.8025187979624792,0.818730753077983,0.8352702114112727,0.8521437889662128,0.8693582353988074,0.8869204367171598,0.9048374180359611,0.9231163463866381,0.9417645335842505,0.9607894391523254,0.9801986733067577,1.0000000000000024,1.0202013400267582,1.0408107741923907,1.0618365465453623,1.0832870676749609,1.1051709180756504,1.127496851579378,1.15027379885723,1.1735108709918136,1.1972173631218135,1.2214027581601727,1.246076730587384,1.2712491503214076,1.2969300866657756,1.32312981233744,1.3498588075760063,1.3771277643359603,1.4049475905635966,1.4333294145603424,1.4622845894342278,1.4918246976412726,1.5219615556186368,1.5527072185113389,1.5840739849944845,1.6160744021928957,1.6487212707001284,1.6820276496988875,1.7160068621848574,1.7506725002961017,1.786038430750072,1.8221188003905082,1.85892804184634,1.8964808793049497,1.9347923344020321,1.9738777322304477,2.013752707470477,2.054433210643887,2.095935514494362,2.1382762204968153,2.1814722654981984,2.2255409284924643,2.270499837532405,2.3163669767810924
0.3198190218163039,0.3262797946230396,0.33287108369807955,0.3395955256449393,0.3464558103300575,0.3534546819587801,0.3605949401730783,0.36787944117144256,0.37531109885139974,0.38289288597511234,0.3906278353585218,0.39851904108451475,0.4065696597405998,0.4147829116815821,0.42316208231774965,0.4317105234290806,0.4404316545059998,0.4493289641172223,0.45840601130522435,0.46766642700991,0.477113915521035,0.4867522559599724,0.4965853037914101,0.5066169923655903,0.5168513344917002,0.5272924240430492,0.5379444375946753,0.548811636094027,0.5598983665654026,0.5712090638488153,0.5827482523739903,0.5945205479701947,0.6065306597126338,0.6187833918061413,0.6312836455069264,0.644036421083142,0.6570468198150575,0.6703200460356398,0.6838614092123567,0.697676326071032,0.7117703227626104,0.7261490370736916,0.7408182206817188,0.7557837414557259,0.7710515858035669,0.7866278610665541,0.8025187979624794,0.8187307530779824,0.8352702114112731,0.8521437889662122,0.8693582353988072,0.8869204367171591,0.9048374180359615,0.9231163463866374,0.941764533584251,0.9607894391523247,0.980198673306757,1.0000000000000024,1.0202013400267582,1.0408107741923902,1.0618365465453614,1.0832870676749613,1.1051709180756497,1.1274968515793784,1.1502737988572298,1.1735108709918127,1.1972173631218137,1.221402758160173,1.2460767305873839,1.2712491503214078,1.2969300866657747,1.3231298123374404,1.3498588075760063,1.3771277643359598,1.4049475905635975,1.4333294145603435,1.4622845894342265,1.4918246976412737,1.5219615556186359,1.5527072185113384,1.584073984994484,1.6160744021928954,1.6487212707001306,1.6820276496988866,1.7160068621848594,1.7506725002961003,1.7860384307500736,1.8221188003905069,1.8589280418463408,1.8964808793049495,1.9347923344020304,1.973877732230447,2.0137527074704766,2.054433210643888,2.0959355144943643,2.1382762204968166,2.1814722654981975,2.2255409284924648,2.270499837532402,2.31636697678109,2.3631606937057943
0.32627979462303947,0.33287108369807966,0.33959552564493917,0.34645581033005735,0.35345468195878016,0.3605949401730784,0.3678794411714425,0.3753110988513997,0.38289288597511223,0.3906278353585214,0.39851904108451486,0.40656965974059983,0.41478291168158227,0.4231620823177497,0.43171052342908045,0.4404316545060002,0.44932896411722223,0.45840601130522446,0.4676664270099099,0.47711391552103505,0.4867522559599724,0.4965853037914104,0.5066169923655903,0.5168513344917002,0.5272924240430497,0.5379444375946753,0.548811636094027,0.559898366565403,0.5712090638488153,0.5827482523739901,0.5945205479701947,0.6065306597126338,0.6187833918061413,0.6312836455069264,0.6440364210831417,0.6570468198150573,0.6703200460356399,0.6838614092123564,0.6976763260710319,0.7117703227626111,0.7261490370736916,0.7408182206817187,0.7557837414557262,0.771051585803567,0.7866278610665542,0.8025187979624793,0.8187307530779827,0.8352702114112729,0.8521437889662127,0.8693582353988066,0.8869204367171586,0.9048374180359608,0.9231163463866378,0.9417645335842502,0.9607894391523256,0.9801986733067567,1.000000000000002,1.0202013400267582,1.0408107741923907,1.0618365465453619,1.0832870676749609,1.1051709180756502,1.127496851579378,1.1502737988572302,1.1735108709918132,1.197217363121813,1.2214027581601736,1.2460767305873846,1.2712491503214083,1.2969300866657754,1.3231298123374402,1.3498588075760072,1.3771277643359605,1.4049475905635973,1.433329414560344,1.4622845894342273,1.4918246976412732,1.5219615556186372,1.5527072185113378,1.5840739849944845,1.6160744021928948,1.64872127070013,1.6820276496988882,1.7160068621848585,1.750672500296102,1.7860384307500732,1.8221188003905096,1.8589280418463405,1.8964808793049501,1.9347923344020295,1.9738777322304464,2.013752707470476,2.0544332106438876,2.095935514494365,2.1382762204968184,2.181472265498199,2.225540928492464,2.270499837532403,2.3163669767810884,2.3631606937057943,2.4108997064172097
0.3328710836980796,0.3395955256449393,0.34645581033005735,0.35345468195878016,0.3605949401730783,0.3678794411714422,0.3753110988513998,0.3828928859751124,0.3906278353585215,0.3985190410845147,0.40656965974059994,0.41478291168158227,0.4231620823177499,0.4317105234290807,0.44043165450600025,0.4493289641172227,0.4584060113052244,0.4676664270099104,0.4771139155210353,0.48675225595997246,0.49658530379141047,0.5066169923655907,0.5168513344917001,0.5272924240430495,0.5379444375946759,0.5488116360940275,0.559898366565403,0.5712090638488156,0.5827482523739903,0.5945205479701949,0.606530659712634,0.6187833918061413,0.6312836455069264,0.644036421083142,0.6570468198150572,0.6703200460356399,0.6838614092123566,0.6976763260710316,0.7117703227626108,0.726149037073692,0.7408182206817187,0.7557837414557262,0.771051585803567,0.786627861066554,0.8025187979624794,0.8187307530779827,0.8352702114112729,0.852143788966212,0.869358235398807,0.8869204367171581,0.9048374180359608,0.9231163463866372,0.9417645335842506,0.9607894391523247,0.9801986733067574,1.0000000000000018,1.0202013400267582,1.0408107741923909,1.061836546545362,1.083287067674961,1.1051709180756502,1.1274968515793786,1.1502737988572298,1.1735108709918136,1.1972173631218137,1.2214027581601732,1.246076730587385,1.2712491503214087,1.2969300866657758,1.3231298123374406,1.3498588075760063,1.3771277643359616,1.404947590563598,1.4333294145603444,1.4622845894342285,1.4918246976412737,1.5219615556186366,1.5527072185113393,1.5840739849944838,1.6160744021928957,1.6487212707001309,1.6820276496988884,1.716006862184861,1.7506725002961014,1.7860384307500747,1.8221188003905087,1.8589280418463427,1.8964808793049504,1.9347923344020306,1.9738777322304455,2.0137527074704753,2.054433210643888,2.0959355144943648,2.138276220496819,2.181472265498201,2.2255409284924657,2.270499837532402,2.3163669767810884,2.3631606937057916,2.4108997064172097,2.4596031111569494
0.3395955256449392,0.34645581033005757,0.3534546819587801,0.3605949401730782,0.36787944117144233,0.3753110988513995,0.3828928859751122,0.3906278353585212,0.39851904108451464,0.4065696597405995,0.41478291168158216,0.4231620823177497,0.4317105234290805,0.4404316545060004,0.4493289641172226,0.4584060113052247,0.4676664270099102,0.47711391552103555,0.48675225595997257,0.49658530379141036,0.5066169923655904,0.5168513344917001,0.5272924240430495,0.5379444375946756,0.5488116360940275,0.5598983665654028,0.5712090638488159,0.5827482523739907,0.5945205479701949,0.606530659712634,0.6187833918061416,0.6312836455069262,0.6440364210831417,0.657046819815057,0.6703200460356395,0.6838614092123565,0.6976763260710315,0.7117703227626098,0.7261490370736916,0.7408182206817187,0.755783741455726,0.7710515858035669,0.7866278610665539,0.8025187979624789,0.8187307530779825,0.8352702114112726,0.8521437889662117,0.8693582353988065,0.8869204367171581,0.9048374180359601,0.9231163463866364,0.9417645335842499,0.9607894391523248,0.9801986733067566,1.0000000000000018,1.0202013400267576,1.0408107741923902,1.0618365465453623,1.083287067674961,1.1051709180756502,1.127496851579378,1.15027379885723,1.1735108709918125,1.1972173631218135,1.2214027581601732,1.2460767305873839,1.2712491503214083,1.2969300866657756,1.3231298123374402,1.3498588075760065,1.3771277643359603,1.4049475905635977,1.4333294145603437,1.4622845894342276,1.4918246976412735,1.5219615556186372,1.5527072185113384,1.5840739849944845,1.6160744021928952,1.6487212707001306,1.6820276496988882,1.7160068621848599,1.7506725002961032,1.786038430750073,1.8221188003905098,1.8589280418463412,1.8964808793049512,1.9347923344020301,1.9738777322304462,2.013752707470475,2.0544332106438863,2.0959355144943643,2.138276220496819,2.181472265498201,2.225540928492467,2.2704998375324035,2.3163669767810884,2.3631606937057907,2.410899706417207,2.4596031111569494,2.509290389936297
0.3464558103300574,0.3534546819587802,0.3605949401730782,0.36787944117144233,0.3753110988513996,0.38289288597511195,0.39062783535852125,0.39851904108451447,0.40656965974059944,0.4147829116815818,0.4231620823177496,0.43171052342908056,0.440431654506,0.44932896411722273,0.4584060113052245,0.46766642700991057,0.4771139155210352,0.4867522559599726,0.4965853037914102,0.5066169923655903,0.5168513344917002,0.5272924240430497,0.5379444375946751,0.5488116360940275,0.5598983665654034,0.571209063848816,0.5827482523739909,0.5945205479701953,0.606530659712634,0.6187833918061414,0.6312836455069266,0.644036421083142,0.6570468198150571,0.6703200460356394,0.6838614092123562,0.6976763260710316,0.7117703227626099,0.7261490370736909,0.7408182206817183,0.7557837414557261,0.7710515858035667,0.7866278610665537,0.8025187979624789,0.818730753077982,0.8352702114112723,0.8521437889662118,0.8693582353988062,0.8869204367171579,0.9048374180359601,0.9231163463866361,0.9417645335842493,0.9607894391523241,0.9801986733067564,1.0000000000000009,1.0202013400267576,1.0408107741923895,1.0618365465453614,1.0832870676749606,1.105170918075649,1.127496851579378,1.1502737988572298,1.1735108709918125,1.1972173631218126,1.221402758160173,1.2460767305873846,1.2712491503214078,1.2969300866657758,1.3231298123374404,1.3498588075760065,1.3771277643359603,1.4049475905635966,1.4333294145603444,1.4622845894342278,1.4918246976412735,1.5219615556186366,1.5527072185113393,1.5840739849944838,1.6160744021928957,1.6487212707001293,1.6820276496988875,1.716006862184859,1.7506725002961017,1.7860384307500747,1.822118800390508,1.8589280418463425,1.896480879304951,1.9347923344020304,1.9738777322304455,2.013752707470475,2.054433210643885,2.0959355144943634,2.138276220496817,2.1814722654982006,2.225540928492467,2.2704998375324053,2.316366976781089,2.363160693705791,2.4108997064172066,2.459603111156947,2.509290389936297,2.5599814183292704
0.3534546819587801,0.36059494017307836,0.3678794411714422,0.37531109885139935,0.3828928859751122,0.39062783535852136,0.3985190410845144,0.4065696597405994,0.41478291168158193,0.4231620823177493,0.43171052342908045,0.44043165450600014,0.44932896411722273,0.45840601130522474,0.46766642700991046,0.4771139155210356,0.4867522559599728,0.4965853037914108,0.5066169923655905,0.5168513344917002,0.5272924240430495,0.5379444375946756,0.5488116360940274,0.5598983665654033,0.5712090638488163,0.5827482523739909,0.5945205479701954,0.6065306597126344,0.6187833918061417,0.6312836455069267,0.6440364210831422,0.6570468198150571,0.6703200460356398,0.6838614092123563,0.6976763260710315,0.7117703227626101,0.7261490370736912,0.7408182206817182,0.7557837414557257,0.771051585803567,0.7866278610665537,0.8025187979624789,0.8187307530779827,0.8352702114112722,0.8521437889662119,0.8693582353988063,0.8869204367171578,0.9048374180359602,0.9231163463866362,0.9417645335842489,0.960789439152324,0.9801986733067558,1.0000000000000013,1.0202013400267567,1.0408107741923898,1.061836546545361,1.08328706767496,1.10517091807565,1.1274968515793782,1.15027379885723,1.173510870991813,1.1972173631218128,1.2214027581601725,1.2460767305873843,1.2712491503214083,1.2969300866657751,1.3231298123374413,1.349858807576007,1.3771277643359603,1.404947590563597,1.4333294145603432,1.4622845894342285,1.491824697641274,1.521961555618636,1.5527072185113393,1.5840739849944847,1.616074402192895,1.6487212707001304,1.6820276496988869,1.716006862184859,1.7506725002961017,1.786038430750074,1.82211880039051,1.8589280418463412,1.8964808793049508,1.9347923344020301,1.9738777322304464,2.013752707470474,2.0544332106438867,2.0959355144943617,2.138276220496817,2.1814722654982,2.225540928492466,2.270499837532405,2.3163669767810906,2.3631606937057925,2.410899706417207,2.4596031111569476,2.509290389936296,2.5599814183292713,2.6116964734231165
0.3605949401730783,0.36787944117144256,0.37531109885139974,0.3828928859751123,0.39062783535852147,0.39851904108451436,0.4065696597405996,0.4147829116815818,0.42316208231774927,0.43171052342908034,0.4404316545060003,0.44932896411722273,0.4584060113052247,0.4676664270099105,0.47711391552103577,0.486752255959973,0.4965853037914107,0.5066169923655908,0.5168513344917004,0.5272924240430495,0.5379444375946756,0.5488116360940278,0.5598983665654031,0.5712090638488162,0.5827482523739913,0.5945205479701959,0.6065306597126348,0.6187833918061424,0.631283645506927,0.6440364210831423,0.6570468198150577,0.67032004603564,0.6838614092123565,0.6976763260710315,0.7117703227626102,0.7261490370736914,0.7408182206817182,0.7557837414557256,0.7710515858035666,0.7866278610665539,0.8025187979624793,0.8187307530779824,0.8352702114112724,0.8521437889662119,0.8693582353988062,0.886920436717158,0.9048374180359601,0.9231163463866364,0.9417645335842493,0.9607894391523242,0.9801986733067561,1.0000000000000007,1.0202013400267569,1.0408107741923893,1.0618365465453612,1.0832870676749602,1.10517091807565,1.1274968515793786,1.15027379885723,1.1735108709918127,1.1972173631218133,1.2214027581601732,1.2460767305873837,1.271249150321409,1.2969300866657762,1.3231298123374404,1.3498588075760072,1.3771277643359612,1.4049475905635975,1.4333294145603437,1.4622845894342278,1.4918246976412743,1.5219615556186372,1.5527072185113395,1.5840739849944852,1.616074402192897,1.6487212707001309,1.6820276496988888,1.7160068621848603,1.7506725002961017,1.7860384307500738,1.82211880039051,1.8589280418463427,1.8964808793049506,1.9347923344020308,1.9738777322304464,2.0137527074704757,2.054433210643886,2.0959355144943648,2.1382762204968166,2.1814722654981997,2.225540928492467,2.270499837532405,2.31636697678109,2.363160693705794,2.4108997064172084,2.459603111156948,2.5092903899362966,2.5599814183292704,2.6116964734231174,2.664456241929417
0.3678794411714424,0.37531109885139985,0.3828928859751123,0.3906278353585216,0.39851904108451475,0.40656965974059955,0.41478291168158204,0.4231620823177495,0.4317105234290804,0.4404316545060001,0.4493289641172226,0.45840601130522474,0.4676664270099105,0.4771139155210359,0.4867522559599732,0.49658530379141114,0.506616992365591,0.5168513344917008,0.5272924240430498,0.5379444375946757,0.5488116360940276,0.5598983665654036,0.5712090638488161,0.5827482523739912,0.5945205479701962,0.6065306597126352,0.6187833918061423,0.6312836455069276,0.6440364210831427,0.657046819815058,0.6703200460356404,0.6838614092123567,0.697676326071032,0.7117703227626103,0.7261490370736916,0.7408182206817185,0.755783741455726,0.7710515858035667,0.786627861066554,0.8025187979624796,0.8187307530779826,0.8352702114112727,0.8521437889662121,0.8693582353988064,0.8869204367171583,0.9048374180359604,0.9231163463866364,0.9417645335842495,0.9607894391523237,0.980198673306756,1.0000000000000009,1.0202013400267567,1.0408107741923895,1.061836546545361,1.0832870676749606,1.1051709180756497,1.1274968515793782,1.1502737988572302,1.1735108709918134,1.1972173631218133,1.2214027581601734,1.2460767305873846,1.2712491503214083,1.2969300866657762,1.3231298123374415,1.3498588075760072,1.3771277643359616,1.4049475905635984,1.4333294145603444,1.4622845894342282,1.491824697641274,1.5219615556186379,1.55270721851134,1.5840739849944854,1.6160744021928968,1.6487212707001317,1.6820276496988886,1.7160068621848608,1.7506725002961026,1.7860384307500747,1.8221188003905093,1.8589280418463423,1.896480879304952,1.9347923344020304,1.9738777322304473,2.0137527074704757,2.054433210643887,2.0959355144943634,2.138276220496819,2.1814722654981997,2.225540928492467,2.2704998375324053,2.316366976781091,2.363160693705794,2.4108997064172093,2.4596031111569485,2.5092903899362966,2.5599814183292713,2.611696473423118,2.6644562419294173,2.718281828459045
0.3753110988513995,0.38289288597511234,0.39062783535852147,0.3985190410845148,0.4065696597405997,0.414782911681582,0.4231620823177496,0.4317105234290804,0.4404316545060001,0.4493289641172225,0.45840601130522457,0.4676664270099105,0.4771139155210358,0.48675225595997323,0.49658530379141097,0.5066169923655913,0.5168513344917006,0.5272924240430501,0.5379444375946756,0.5488116360940278,0.5598983665654033,0.5712090638488164,0.5827482523739907,0.5945205479701959,0.6065306597126353,0.6187833918061427,0.6312836455069274,0.644036421083143,0.6570468198150583,0.6703200460356404,0.683861409212357,0.6976763260710319,0.7117703227626107,0.7261490370736915,0.7408182206817188,0.7557837414557262,0.7710515858035669,0.786627861066554,0.8025187979624788,0.8187307530779833,0.8352702114112729,0.8521437889662121,0.8693582353988067,0.8869204367171581,0.9048374180359603,0.9231163463866366,0.9417645335842494,0.9607894391523237,0.9801986733067556,1.000000000000001,1.0202013400267567,1.0408107741923889,1.0618365465453612,1.0832870676749602,1.1051709180756497,1.127496851579378,1.15027379885723,1.1735108709918134,1.1972173631218133,1.2214027581601732,1.2460767305873846,1.271249150321408,1.2969300866657756,1.3231298123374415,1.3498588075760076,1.3771277643359612,1.4049475905635986,1.4333294145603446,1.4622845894342285,1.4918246976412741,1.5219615556186374,1.55270721851134,1.5840739849944856,1.6160744021928979,1.6487212707001309,1.6820276496988897,1.716006862184861,1.7506725002961028,1.7860384307500743,1.8221188003905098,1.8589280418463423,1.8964808793049512,1.9347923344020317,1.9738777322304455,2.0137527074704757,2.0544332106438863,2.0959355144943634,2.1382762204968175,2.1814722654982015,2.2255409284924657,2.2704998375324053,2.316366976781091,2.3631606937057934,2.410899706417208,2.459603111156949,2.5092903899362966,2.5599814183292713,2.6116964734231183,2.6644562419294178,2.7182818284590455,2.7731947639642973
0.38289288597511195,0.39062783535852175,0.3985190410845147,0.4065696597406,0.41478291168158243,0.4231620823177496,0.43171052342908073,0.44043165450600025,0.44932896411722256,0.4584060113052247,0.46766642700991057,0.477113915521036,0.48675225595997323,0.4965853037914112,0.5066169923655914,0.5168513344917013,0.5272924240430503,0.5379444375946766,0.548811636094028,0.5598983665654035,0.5712090638488163,0.5827482523739915,0.5945205479701957,0.6065306597126353,0.6187833918061432,0.6312836455069283,0.6440364210831432,0.6570468198150587,0.6703200460356411,0.6838614092123574,0.6976763260710326,0.7117703227626111,0.7261490370736925,0.7408182206817188,0.7557837414557266,0.7710515858035674,0.7866278610665547,0.8025187979624798,0.8187307530779829,0.8352702114112737,0.8521437889662125,0.8693582353988072,0.8869204367171588,0.9048374180359604,0.9231163463866373,0.9417645335842503,0.9607894391523245,0.9801986733067561,1.000000000000001,1.020201340026757,1.0408107741923895,1.061836546545361,1.0832870676749606,1.1051709180756497,1.1274968515793784,1.1502737988572302,1.1735108709918134,1.197217363121814,1.2214027581601743,1.2460767305873848,1.271249150321409,1.296930086665777,1.3231298123374418,1.3498588075760085,1.3771277643359627,1.4049475905635984,1.4333294145603452,1.4622845894342298,1.491824697641276,1.521961555618638,1.5527072185113402,1.5840739849944865,1.6160744021928983,1.6487212707001324,1.6820276496988897,1.7160068621848628,1.750672500296104,1.786038430750077,1.8221188003905109,1.8589280418463436,1.896480879304951,1.934792334402032,1.9738777322304488,2.0137527074704757,2.0544332106438876,2.0959355144943648,2.138276220496819,2.181472265498201,2.225540928492469,2.270499837532406,2.316366976781092,2.3631606937057956,2.4108997064172097,2.459603111156949,2.509290389936298,2.5599814183292717,2.611696473423119,2.664456241929419,2.7182818284590473,2.773194763964299,2.82921701435156
0.390627835358521,0.3985190410845146,0.40656965974059966,0.41478291168158227,0.4231620823177498,0.43171052342908056,0.44043165450600036,0.44932896411722256,0.45840601130522446,0.46766642700991007,0.47711391552103544,0.48675225595997296,0.4965853037914108,0.5066169923655913,0.516851334491701,0.5272924240430503,0.5379444375946761,0.5488116360940283,0.5598983665654034,0.5712090638488162,0.5827482523739909,0.594520547970196,0.6065306597126348,0.6187833918061426,0.6312836455069281,0.6440364210831437,0.6570468198150586,0.6703200460356411,0.6838614092123577,0.6976763260710329,0.7117703227626113,0.726149037073692,0.7408182206817191,0.7557837414557265,0.7710515858035674,0.7866278610665545,0.8025187979624795,0.8187307530779829,0.8352702114112729,0.8521437889662128,0.8693582353988071,0.8869204367171585,0.9048374180359607,0.9231163463866368,0.9417645335842495,0.9607894391523243,0.9801986733067563,1.0000000000000004,1.0202013400267564,1.0408107741923889,1.061836546545361,1.0832870676749597,1.1051709180756495,1.1274968515793773,1.15027379885723,1.1735108709918136,1.1972173631218137,1.2214027581601736,1.2460767305873852,1.2712491503214087,1.2969300866657762,1.3231298123374418,1.3498588075760076,1.377127764335962,1.4049475905635989,1.4333294145603455,1.4622845894342291,1.491824697641275,1.5219615556186386,1.5527072185113402,1.5840739849944858,1.6160744021928977,1.6487212707001326,1.68202764969889,1.7160068621848625,1.750672500296105,1.7860384307500756,1.8221188003905109,1.8589280418463436,1.896480879304952,1.9347923344020312,1.973877732230448,2.013752707470476,2.0544332106438867,2.0959355144943643,2.138276220496818,2.181472265498201,2.2255409284924665,2.2704998375324075,2.316366976781092,2.3631606937057947,2.4108997064172097,2.45960311115695,2.5092903899362966,2.5599814183292717,2.611696473423118,2.6644562419294187,2.7182818284590473,2.7731947639642995,2.82921701435156,2.886370989267958
0.3985190410845143,0.40656965974059966,0.4147829116815821,0.4231620823177499,0.43171052342908084,0.44043165450600025,0.44932896411722295,0.4584060113052247,0.4676664270099102,0.47711391552103577,0.48675225595997296,0.4965853037914111,0.5066169923655911,0.5168513344917013,0.5272924240430508,0.5379444375946767,0.5488116360940283,0.5598983665654039,0.5712090638488168,0.5827482523739912,0.5945205479701962,0.6065306597126354,0.6187833918061425,0.6312836455069282,0.6440364210831439,0.6570468198150594,0.6703200460356413,0.6838614092123579,0.6976763260710332,0.7117703227626115,0.7261490370736926,0.7408182206817193,0.7557837414557271,0.7710515858035677,0.7866278610665546,0.8025187979624796,0.8187307530779834,0.8352702114112732,0.8521437889662129,0.8693582353988081,0.8869204367171591,0.9048374180359611,0.9231163463866372,0.9417645335842504,0.9607894391523247,0.9801986733067568,1.0000000000000013,1.0202013400267567,1.0408107741923893,1.061836546545361,1.0832870676749602,1.1051709180756497,1.1274968515793777,1.15027379885723,1.1735108709918138,1.1972173631218141,1.2214027581601743,1.2460767305873854,1.27124915032141,1.2969300866657765,1.3231298123374422,1.3498588075760087,1.3771277643359623,1.4049475905635995,1.4333294145603461,1.4622845894342298,1.4918246976412757,1.5219615556186399,1.552707218511341,1.5840739849944865,1.616074402192898,1.6487212707001335,1.6820276496988917,1.7160068621848632,1.750672500296105,1.7860384307500776,1.822118800390512,1.8589280418463452,1.8964808793049535,1.9347923344020335,1.9738777322304484,2.0137527074704784,2.054433210643889,2.0959355144943634,2.1382762204968184,2.181472265498202,2.2255409284924688,2.2704998375324066,2.3163669767810933,2.363160693705795,2.4108997064172097,2.4596031111569507,2.5092903899362984,2.5599814183292713,2.6116964734231183,2.6644562419294195,2.718281828459048,2.7731947639643018,2.829217014351562,2.8863709892679603,2.944679551065524
0.40656965974059917,0.4147829116815818,0.4231620823177494,0.43171052342908073,0.4404316545060004,0.4493289641172226,0.45840601130522474,0.4676664270099102,0.4771139155210353,0.48675225595997273,0.49658530379141075,0.5066169923655912,0.516851334491701,0.5272924240430504,0.5379444375946765,0.5488116360940285,0.5598983665654038,0.571209063848817,0.5827482523739914,0.5945205479701959,0.6065306597126351,0.618783391806143,0.6312836455069275,0.6440364210831433,0.6570468198150592,0.6703200460356419,0.6838614092123579,0.697676326071033,0.7117703227626118,0.7261490370736928,0.7408182206817194,0.7557837414557269,0.7710515858035678,0.7866278610665547,0.8025187979624795,0.818730753077983,0.8352702114112734,0.8521437889662127,0.8693582353988072,0.8869204367171597,0.9048374180359612,0.9231163463866371,0.9417645335842504,0.9607894391523248,0.9801986733067567,1.0000000000000018,1.0202013400267573,1.0408107741923889,1.0618365465453612,1.0832870676749602,1.105170918075649,1.127496851579377,1.15027379885723,1.1735108709918134,1.1972173631218137,1.2214027581601734,1.2460767305873854,1.2712491503214096,1.2969300866657767,1.3231298123374418,1.3498588075760083,1.3771277643359625,1.404947590563599,1.433329414560346,1.4622845894342302,1.4918246976412752,1.5219615556186397,1.5527072185113415,1.5840739849944876,1.6160744021928988,1.6487212707001333,1.6820276496988917,1.716006862184864,1.7506725002961059,1.7860384307500774,1.8221188003905133,1.8589280418463452,1.8964808793049543,1.9347923344020341,1.9738777322304495,2.013752707470477,2.0544332106438885,2.0959355144943657,2.1382762204968184,2.181472265498201,2.225540928492468,2.2704998375324066,2.316366976781093,2.3631606937057965,2.410899706417211,2.4596031111569494,2.5092903899362993,2.559981418329272,2.6116964734231187,2.6644562419294178,2.7182818284590464,2.7731947639643013,2.829217014351564,2.8863709892679603,2.944679551065525,3.0041660239464334
0.4147829116815815,0.4231620823177491,0.43171052342908034,0.4404316545060002,0.4493289641172228,0.4584060113052248,0.4676664270099106,0.47711391552103555,0.4867522559599727,0.4965853037914107,0.5066169923655909,0.5168513344917011,0.5272924240430503,0.5379444375946764,0.5488116360940284,0.5598983665654041,0.5712090638488166,0.5827482523739917,0.5945205479701962,0.6065306597126353,0.6187833918061427,0.6312836455069281,0.6440364210831431,0.6570468198150592,0.6703200460356421,0.6838614092123585,0.6976763260710329,0.7117703227626117,0.7261490370736929,0.7408182206817195,0.755783741455727,0.7710515858035677,0.7866278610665547,0.80251879796248,0.8187307530779828,0.8352702114112732,0.852143788966213,0.8693582353988074,0.8869204367171591,0.9048374180359621,0.9231163463866378,0.9417645335842509,0.9607894391523253,0.9801986733067573,1.0000000000000016,1.0202013400267576,1.0408107741923895,1.0618365465453607,1.0832870676749602,1.105170918075649,1.1274968515793777,1.1502737988572291,1.173510870991813,1.1972173631218137,1.2214027581601739,1.246076730587385,1.2712491503214094,1.296930086665777,1.3231298123374424,1.3498588075760085,1.3771277643359627,1.4049475905636,1.4333294145603461,1.4622845894342305,1.4918246976412768,1.5219615556186397,1.5527072185113422,1.5840739849944876,1.6160744021928992,1.6487212707001335,1.6820276496988924,1.7160068621848648,1.750672500296107,1.7860384307500785,1.8221188003905135,1.8589280418463463,1.8964808793049543,1.9347923344020344,1.9738777322304502,2.0137527074704784,2.0544332106438885,2.095935514494366,2.1382762204968206,2.181472265498202,2.2255409284924683,2.2704998375324066,2.3163669767810933,2.363160693705796,2.410899706417212,2.4596031111569507,2.5092903899362975,2.559981418329273,2.6116964734231196,2.6644562419294187,2.7182818284590473,2.7731947639643,2.8292170143515634,2.8863709892679634,2.944679551065527,3.004166023946437,3.064854203293001
0.4231620823177489,0.43171052342908006,0.44043165450599997,0.4493289641172226,0.4584060113052248,0.4676664270099104,0.4771139155210358,0.48675225595997273,0.49658530379141064,0.5066169923655908,0.5168513344917005,0.5272924240430504,0.537944437594676,0.5488116360940283,0.5598983665654039,0.571209063848817,0.5827482523739914,0.5945205479701964,0.6065306597126353,0.6187833918061428,0.631283645506928,0.6440364210831435,0.6570468198150585,0.6703200460356418,0.6838614092123586,0.697676326071034,0.711770322762612,0.7261490370736928,0.74081822068172,0.7557837414557274,0.7710515858035678,0.786627861066555,0.8025187979624797,0.8187307530779829,0.8352702114112732,0.8521437889662128,0.8693582353988076,0.8869204367171594,0.9048374180359615,0.9231163463866385,0.9417645335842509,0.9607894391523255,0.9801986733067577,1.0000000000000018,1.0202013400267576,1.0408107741923902,1.0618365465453616,1.08328706767496,1.1051709180756495,1.1274968515793775,1.1502737988572298,1.1735108709918125,1.1972173631218135,1.2214027581601736,1.2460767305873852,1.2712491503214092,1.296930086665777,1.3231298123374422,1.3498588075760087,1.3771277643359623,1.4049475905636,1.4333294145603466,1.4622845894342302,1.4918246976412761,1.52196155561864,1.5527072185113422,1.5840739849944883,1.616074402192899,1.6487212707001344,1.6820276496988922,1.7160068621848643,1.7506725002961077,1.7860384307500792,1.8221188003905149,1.858928041846346,1.8964808793049563,1.934792334402035,1.9738777322304513,2.01375270747048,2.05443321064389,2.095935514494366,2.13827622049682,2.181472265498203,2.2255409284924683,2.2704998375324066,2.3163669767810924,2.363160693705798,2.410899706417212,2.459603111156952,2.509290389936299,2.559981418329272,2.6116964734231205,2.66445624192942,2.7182818284590473,2.7731947639643013,2.829217014351562,2.8863709892679617,2.9446795510655277,3.0041660239464356,3.0648542032930055,3.126768365186158
0.43171052342907973,0.4404316545059996,0.44932896411722223,0.4584060113052244,0.4676664270099105,0.4771139155210355,0.48675225595997296,0.4965853037914107,0.5066169923655908,0.5168513344917006,0.5272924240430499,0.5379444375946761,0.5488116360940279,0.5598983665654037,0.5712090638488168,0.5827482523739916,0.5945205479701958,0.6065306597126353,0.6187833918061427,0.6312836455069281,0.6440364210831431,0.6570468198150591,0.6703200460356412,0.6838614092123583,0.6976763260710338,0.7117703227626123,0.7261490370736928,0.7408182206817199,0.7557837414557275,0.771051585803568,0.786627861066555,0.8025187979624798,0.818730753077983,0.835270211411273,0.8521437889662125,0.8693582353988073,0.886920436717159,0.9048374180359613,0.9231163463866378,0.9417645335842513,0.9607894391523253,0.9801986733067578,1.0000000000000024,1.020201340026758,1.04081077419239,1.0618365465453616,1.0832870676749604,1.1051709180756488,1.1274968515793775,1.1502737988572287,1.1735108709918125,1.1972173631218128,1.221402758160173,1.2460767305873848,1.2712491503214096,1.2969300866657758,1.3231298123374415,1.349858807576009,1.3771277643359625,1.4049475905635993,1.433329414560346,1.4622845894342302,1.4918246976412761,1.5219615556186403,1.5527072185113426,1.5840739849944878,1.6160744021929003,1.6487212707001344,1.6820276496988926,1.7160068621848643,1.750672500296107,1.7860384307500803,1.8221188003905149,1.8589280418463479,1.8964808793049563,1.9347923344020361,1.973877732230451,2.0137527074704797,2.0544332106438903,2.095935514494367,2.13827622049682,2.1814722654982033,2.2255409284924697,2.2704998375324066,2.3163669767810924,2.363160693705795,2.4108997064172133,2.459603111156951,2.5092903899362997,2.5599814183292735,2.611696473423117,2.6644562419294195,2.7182818284590478,2.7731947639643004,2.8292170143515625,2.8863709892679617,2.9446795510655273,3.004166023946437,3.064854203293004,3.126768365186159,3.1899332761161854
0.4404316545059992,0.4493289641172218,0.45840601130522396,0.4676664270099098,0.4771139155210354,0.4867522559599726,0.4965853037914105,0.5066169923655907,0.5168513344917004,0.5272924240430495,0.5379444375946757,0.548811636094028,0.5598983665654035,0.5712090638488163,0.5827482523739912,0.5945205479701963,0.606530659712635,0.6187833918061424,0.6312836455069275,0.6440364210831432,0.6570468198150585,0.6703200460356412,0.6838614092123576,0.6976763260710334,0.7117703227626123,0.7261490370736934,0.7408182206817201,0.7557837414557269,0.7710515858035679,0.7866278610665547,0.8025187979624795,0.8187307530779827,0.835270211411273,0.8521437889662122,0.8693582353988065,0.8869204367171587,0.9048374180359608,0.9231163463866371,0.9417645335842505,0.9607894391523261,0.9801986733067576,1.0000000000000024,1.0202013400267584,1.0408107741923902,1.0618365465453612,1.0832870676749602,1.1051709180756497,1.1274968515793766,1.1502737988572287,1.1735108709918116,1.1972173631218124,1.2214027581601723,1.2460767305873837,1.2712491503214083,1.2969300866657756,1.3231298123374409,1.3498588075760078,1.3771277643359623,1.4049475905635989,1.4333294145603457,1.4622845894342302,1.4918246976412763,1.5219615556186392,1.5527072185113422,1.584073984994488,1.616074402192899,1.6487212707001349,1.6820276496988922,1.7160068621848639,1.7506725002961065,1.7860384307500796,1.822118800390516,1.8589280418463476,1.8964808793049563,1.9347923344020357,1.9738777322304515,2.0137527074704797,2.0544332106438903,2.0959355144943665,2.138276220496821,2.181472265498203,2.225540928492469,2.270499837532407,2.3163669767810924,2.363160693705796,2.410899706417211,2.459603111156952,2.5092903899362993,2.5599814183292735,2.6116964734231187,2.6644562419294178,2.718281828459048,2.773194763964301,2.829217014351563,2.886370989267961,2.9446795510655264,3.0041660239464356,3.0648542032930055,3.1267683651861566,3.189933276116187,3.25437420288967
0.44932896411722156,0.4584060113052238,0.4676664270099096,0.4771139155210352,0.48675225595997273,0.49658530379141064,0.5066169923655909,0.5168513344917004,0.5272924240430497,0.5379444375946758,0.5488116360940279,0.5598983665654038,0.5712090638488164,0.5827482523739913,0.5945205479701959,0.6065306597126352,0.6187833918061424,0.6312836455069275,0.6440364210831431,0.6570468198150589,0.6703200460356412,0.6838614092123579,0.6976763260710331,0.7117703227626122,0.7261490370736936,0.7408182206817204,0.7557837414557278,0.7710515858035683,0.7866278610665548,0.8025187979624799,0.8187307530779827,0.835270211411273,0.8521437889662127,0.8693582353988067,0.886920436717158,0.904837418035961,0.9231163463866371,0.9417645335842503,0.9607894391523254,0.9801986733067584,1.0000000000000027,1.0202013400267584,1.0408107741923909,1.0618365465453616,1.0832870676749606,1.1051709180756497,1.1274968515793777,1.1502737988572287,1.173510870991812,1.1972173631218128,1.2214027581601723,1.2460767305873837,1.2712491503214083,1.2969300866657762,1.3231298123374415,1.3498588075760078,1.3771277643359618,1.4049475905635995,1.433329414560346,1.46228458943423,1.4918246976412761,1.5219615556186405,1.552707218511342,1.584073984994488,1.6160744021929008,1.6487212707001342,1.682027649698894,1.7160068621848654,1.7506725002961077,1.7860384307500796,1.8221188003905155,1.8589280418463496,1.8964808793049577,1.9347923344020372,1.9738777322304533,2.013752707470481,2.0544332106438916,2.095935514494368,2.138276220496821,2.1814722654982033,2.225540928492469,2.270499837532408,2.3163669767810946,2.3631606937057965,2.4108997064172115,2.4596031111569516,2.5092903899363015,2.5599814183292744,2.611696473423121,2.664456241929419,2.7182818284590464,2.773194763964302,2.829217014351564,2.886370989267963,2.944679551065528,3.0041660239464374,3.0648542032930055,3.1267683651861593,3.189933276116186,3.254374202889675,3.3201169227365486
0.4584060113052236,0.4676664270099097,0.4771139155210348,0.4867522559599725,0.49658530379141075,0.5066169923655908,0.5168513344917006,0.5272924240430498,0.5379444375946757,0.5488116360940277,0.5598983665654035,0.5712090638488169,0.5827482523739913,0.5945205479701959,0.606530659712635,0.6187833918061428,0.6312836455069276,0.644036421083143,0.6570468198150584,0.6703200460356412,0.6838614092123578,0.697676326071033,0.7117703227626118,0.7261490370736935,0.7408182206817207,0.755783741455728,0.7710515858035686,0.7866278610665551,0.8025187979624803,0.8187307530779833,0.8352702114112729,0.8521437889662122,0.8693582353988066,0.8869204367171584,0.9048374180359604,0.9231163463866372,0.94176453358425,0.9607894391523252,0.9801986733067577,1.000000000000003,1.0202013400267582,1.0408107741923909,1.0618365465453625,1.083287067674961,1.10517091807565,1.1274968515793782,1.1502737988572296,1.173510870991812,1.1972173631218124,1.2214027581601725,1.2460767305873832,1.271249150321408,1.2969300866657758,1.3231298123374409,1.3498588075760072,1.3771277643359623,1.4049475905635993,1.4333294145603461,1.46228458943423,1.491824697641276,1.52196155561864,1.5527072185113426,1.5840739849944876,1.6160744021928999,1.648721270700135,1.6820276496988937,1.7160068621848656,1.750672500296108,1.7860384307500803,1.822118800390516,1.8589280418463494,1.8964808793049588,1.9347923344020377,1.9738777322304542,2.0137527074704824,2.0544332106438925,2.0959355144943688,2.138276220496822,2.181472265498204,2.2255409284924714,2.270499837532409,2.3163669767810937,2.3631606937057983,2.410899706417212,2.4596031111569516,2.5092903899363,2.5599814183292757,2.6116964734231205,2.66445624192942,2.7182818284590478,2.773194763964299,2.8292170143515647,2.8863709892679634,2.9446795510655295,3.0041660239464383,3.064854203293006,3.126768365186159,3.189933276116188,3.2543742028896725,3.320116922736553,3.3871877336213356
0.46766642700990907,0.47711391552103444,0.48675225595997196,0.4965853037914103,0.5066169923655908,0.5168513344917003,0.5272924240430498,0.5379444375946758,0.5488116360940277,0.5598983665654033,0.5712090638488161,0.5827482523739913,0.5945205479701959,0.6065306597126351,0.6187833918061424,0.6312836455069275,0.6440364210831426,0.6570468198150583,0.6703200460356407,0.6838614092123577,0.697676326071033,0.7117703227626117,0.7261490370736928,0.7408182206817204,0.7557837414557278,0.7710515858035687,0.7866278610665552,0.8025187979624802,0.8187307530779833,0.8352702114112732,0.8521437889662118,0.8693582353988067,0.8869204367171583,0.9048374180359603,0.9231163463866365,0.9417645335842498,0.9607894391523246,0.9801986733067569,1.0000000000000018,1.0202013400267587,1.0408107741923904,1.0618365465453623,1.0832870676749615,1.1051709180756497,1.1274968515793777,1.1502737988572291,1.1735108709918123,1.197217363121812,1.2214027581601714,1.246076730587383,1.2712491503214067,1.2969300866657743,1.3231298123374404,1.3498588075760065,1.377127764335961,1.4049475905635977,1.433329414560345,1.46228458943423,1.4918246976412752,1.521961555618639,1.552707218511342,1.5840739849944878,1.6160744021928994,1.6487212707001342,1.6820276496988935,1.716006862184865,1.7506725002961094,1.7860384307500803,1.8221188003905162,1.8589280418463487,1.8964808793049583,1.9347923344020406,1.973877732230454,2.0137527074704824,2.0544332106438934,2.095935514494369,2.1382762204968233,2.181472265498205,2.2255409284924705,2.2704998375324084,2.3163669767810933,2.3631606937057965,2.4108997064172115,2.4596031111569507,2.509290389936299,2.5599814183292735,2.6116964734231223,2.6644562419294195,2.7182818284590478,2.773194763964301,2.8292170143515603,2.886370989267962,2.9446795510655286,3.004166023946438,3.064854203293007,3.1267683651861584,3.1899332761161867,3.254374202889672,3.32011692273655,3.3871877336213396,3.455613464762676
0.4771139155210344,0.48675225595997207,0.4965853037914101,0.5066169923655905,0.5168513344917007,0.5272924240430501,0.5379444375946761,0.5488116360940279,0.5598983665654036,0.5712090638488163,0.5827482523739912,0.5945205479701964,0.6065306597126351,0.6187833918061427,0.6312836455069276,0.6440364210831431,0.6570468198150583,0.6703200460356411,0.6838614092123575,0.697676326071033,0.7117703227626117,0.7261490370736932,0.74081822068172,0.7557837414557282,0.7710515858035689,0.786627861066556,0.8025187979624804,0.818730753077984,0.8352702114112739,0.852143788966213,0.8693582353988064,0.8869204367171589,0.9048374180359606,0.9231163463866366,0.9417645335842497,0.9607894391523245,0.9801986733067567,1.000000000000002,1.0202013400267582,1.040810774192391,1.0618365465453623,1.0832870676749613,1.1051709180756504,1.1274968515793784,1.15027379885723,1.1735108709918127,1.1972173631218124,1.2214027581601714,1.2460767305873828,1.271249150321407,1.2969300866657745,1.3231298123374398,1.3498588075760072,1.3771277643359607,1.404947590563598,1.4333294145603448,1.4622845894342296,1.4918246976412757,1.5219615556186399,1.5527072185113422,1.5840739849944883,1.6160744021929005,1.6487212707001346,1.682027649698893,1.7160068621848663,1.750672500296109,1.7860384307500823,1.8221188003905169,1.8589280418463494,1.8964808793049586,1.9347923344020388,1.9738777322304562,2.0137527074704833,2.0544332106438943,2.095935514494371,2.1382762204968233,2.181472265498206,2.2255409284924714,2.2704998375324097,2.3163669767810955,2.3631606937057974,2.4108997064172133,2.459603111156953,2.5092903899362993,2.5599814183292735,2.6116964734231205,2.6644562419294227,2.7182818284590478,2.773194763964302,2.829217014351562,2.8863709892679608,2.944679551065529,3.0041660239464387,3.0648542032930073,3.1267683651861615,3.189933276116189,3.2543742028896725,3.3201169227365503,3.3871877336213365,3.4556134647626813,3.5254214873653824
0.4867522559599716,0.4965853037914098,0.5066169923655902,0.5168513344917003,0.5272924240430502,0.5379444375946759,0.5488116360940279,0.5598983665654035,0.5712090638488164,0.582748252373991,0.5945205479701957,0.6065306597126353,0.6187833918061422,0.6312836455069278,0.6440364210831431,0.6570468198150584,0.6703200460356409,0.6838614092123572,0.6976763260710325,0.7117703227626115,0.7261490370736928,0.7408182206817195,0.7557837414557274,0.7710515858035686,0.786627861066556,0.8025187979624808,0.818730753077984,0.8352702114112742,0.852143788966213,0.8693582353988073,0.8869204367171583,0.9048374180359606,0.9231163463866366,0.9417645335842496,0.9607894391523244,0.9801986733067563,1.0000000000000013,1.0202013400267576,1.0408107741923904,1.0618365465453625,1.083287067674961,1.1051709180756502,1.1274968515793782,1.1502737988572291,1.173510870991813,1.1972173631218128,1.2214027581601719,1.246076730587383,1.271249150321406,1.296930086665774,1.3231298123374398,1.3498588075760056,1.3771277643359605,1.4049475905635975,1.4333294145603444,1.4622845894342293,1.491824697641275,1.5219615556186397,1.5527072185113417,1.5840739849944871,1.6160744021928994,1.6487212707001346,1.6820276496988926,1.7160068621848654,1.750672500296109,1.7860384307500816,1.822118800390518,1.8589280418463503,1.8964808793049586,1.9347923344020395,1.9738777322304548,2.0137527074704846,2.0544332106438947,2.095935514494371,2.138276220496825,2.181472265498206,2.2255409284924723,2.27049983753241,2.3163669767810946,2.3631606937057983,2.410899706417213,2.459603111156951,2.5092903899363,2.5599814183292726,2.6116964734231196,2.6644562419294195,2.7182818284590504,2.7731947639643004,2.8292170143515643,2.8863709892679608,2.944679551065525,3.0041660239464383,3.064854203293006,3.126768365186161,3.1899332761161894,3.254374202889674,3.32011692273655,3.387187733621336,3.455613464762677,3.5254214873653873,3.5966397255692812
0.4965853037914098,0.5066169923655899,0.5168513344917,0.5272924240430499,0.5379444375946763,0.548811636094028,0.5598983665654038,0.5712090638488166,0.5827482523739913,0.5945205479701958,0.606530659712635,0.6187833918061428,0.6312836455069277,0.6440364210831431,0.6570468198150583,0.6703200460356408,0.6838614092123572,0.6976763260710324,0.7117703227626109,0.726149037073693,0.7408182206817195,0.7557837414557269,0.7710515858035679,0.7866278610665557,0.8025187979624808,0.8187307530779842,0.8352702114112739,0.8521437889662135,0.8693582353988076,0.8869204367171587,0.9048374180359603,0.923116346386637,0.9417645335842497,0.9607894391523238,0.9801986733067564,1.0000000000000009,1.0202013400267573,1.0408107741923895,1.0618365465453619,1.0832870676749613,1.1051709180756502,1.1274968515793782,1.1502737988572296,1.1735108709918123,1.1972173631218124,1.2214027581601723,1.246076730587383,1.2712491503214067,1.2969300866657731,1.323129812337439,1.349858807576005,1.3771277643359598,1.4049475905635975,1.4333294145603432,1.4622845894342285,1.4918246976412746,1.5219615556186383,1.5527072185113413,1.5840739849944876,1.616074402192899,1.648721270700134,1.682027649698893,1.7160068621848645,1.7506725002961074,1.7860384307500812,1.8221188003905167,1.8589280418463507,1.8964808793049592,1.9347923344020386,1.9738777322304546,2.0137527074704837,2.054433210643896,2.0959355144943723,2.138276220496826,2.181472265498208,2.2255409284924723,2.2704998375324106,2.3163669767810955,2.3631606937057974,2.4108997064172133,2.459603111156952,2.5092903899362993,2.559981418329274,2.6116964734231187,2.6644562419294187,2.7182818284590473,2.7731947639643026,2.8292170143515616,2.886370989267961,2.9446795510655264,3.0041660239464365,3.0648542032930073,3.12676836518616,3.189933276116189,3.2543742028896743,3.3201169227365503,3.387187733621335,3.455613464762677,3.5254214873653837,3.596639725569286,3.6692966676192427
0.5066169923655897,0.5168513344916996,0.5272924240430498,0.5379444375946764,0.5488116360940287,0.559898366565404,0.5712090638488169,0.5827482523739917,0.5945205479701964,0.6065306597126351,0.6187833918061427,0.6312836455069283,0.6440364210831433,0.6570468198150589,0.6703200460356411,0.6838614092123577,0.6976763260710328,0.7117703227626115,0.7261490370736924,0.7408182206817199,0.7557837414557272,0.7710515858035681,0.7866278610665554,0.802518797962481,0.8187307530779845,0.8352702114112746,0.8521437889662135,0.8693582353988081,0.8869204367171597,0.9048374180359616,0.9231163463866374,0.9417645335842505,0.960789439152325,0.9801986733067564,1.0000000000000016,1.020201340026757,1.04081077419239,1.0618365465453614,1.0832870676749609,1.1051709180756506,1.1274968515793782,1.1502737988572305,1.1735108709918132,1.197217363121813,1.2214027581601725,1.2460767305873834,1.2712491503214074,1.296930086665774,1.3231298123374395,1.3498588075760056,1.3771277643359594,1.4049475905635966,1.433329414560344,1.4622845894342271,1.4918246976412746,1.5219615556186386,1.552707218511341,1.5840739849944874,1.6160744021928999,1.6487212707001342,1.682027649698893,1.716006862184866,1.7506725002961074,1.786038430750081,1.8221188003905178,1.8589280418463505,1.8964808793049615,1.9347923344020401,1.973877732230456,2.0137527074704846,2.0544332106438956,2.095935514494374,2.138276220496826,2.181472265498208,2.225540928492475,2.270499837532412,2.3163669767810964,2.3631606937058,2.4108997064172137,2.4596031111569534,2.5092903899363,2.5599814183292726,2.611696473423122,2.6644562419294178,2.718281828459048,2.7731947639643004,2.829217014351565,2.8863709892679608,2.9446795510655295,3.004166023946437,3.064854203293005,3.126768365186161,3.189933276116189,3.254374202889676,3.320116922736553,3.3871877336213383,3.455613464762678,3.525421487365384,3.5966397255692835,3.6692966676192507,3.743421377260863
0.5168513344916993,0.5272924240430489,0.5379444375946757,0.5488116360940286,0.5598983665654041,0.5712090638488172,0.5827482523739917,0.5945205479701962,0.6065306597126355,0.6187833918061426,0.6312836455069278,0.6440364210831432,0.6570468198150585,0.6703200460356412,0.6838614092123577,0.6976763260710327,0.7117703227626114,0.7261490370736926,0.7408182206817191,0.7557837414557268,0.7710515858035675,0.7866278610665549,0.80251879796248,0.8187307530779843,0.8352702114112746,0.8521437889662136,0.8693582353988077,0.8869204367171597,0.9048374180359614,0.9231163463866379,0.9417645335842498,0.9607894391523247,0.9801986733067569,1.000000000000001,1.020201340026757,1.0408107741923895,1.0618365465453614,1.08328706767496,1.10517091807565,1.1274968515793782,1.1502737988572298,1.1735108709918123,1.1972173631218122,1.2214027581601719,1.246076730587383,1.2712491503214076,1.2969300866657736,1.323129812337439,1.3498588075760043,1.3771277643359596,1.404947590563596,1.4333294145603426,1.4622845894342276,1.4918246976412726,1.5219615556186379,1.5527072185113406,1.5840739849944867,1.616074402192898,1.648721270700134,1.682027649698892,1.7160068621848648,1.7506725002961085,1.7860384307500807,1.8221188003905164,1.8589280418463503,1.8964808793049601,1.9347923344020406,1.9738777322304557,2.0137527074704846,2.0544332106438956,2.0959355144943723,2.1382762204968278,2.1814722654982077,2.225540928492475,2.270499837532413,2.3163669767810964,2.363160693705799,2.410899706417215,2.459603111156952,2.5092903899363,2.5599814183292735,2.6116964734231196,2.664456241929421,2.718281828459046,2.773194763964299,2.829217014351561,2.886370989267962,2.9446795510655255,3.0041660239464374,3.064854203293004,3.126768365186158,3.189933276116189,3.2543742028896743,3.32011692273655,3.387187733621337,3.4556134647626764,3.525421487365384,3.596639725569283,3.6692966676192458,3.7434213772608658,3.8190435053663356
0.5272924240430484,0.5379444375946748,0.5488116360940277,0.5598983665654043,0.5712090638488173,0.5827482523739922,0.5945205479701967,0.6065306597126356,0.6187833918061428,0.6312836455069276,0.6440364210831434,0.657046819815059,0.6703200460356411,0.6838614092123578,0.6976763260710328,0.7117703227626117,0.7261490370736923,0.7408182206817193,0.7557837414557266,0.7710515858035678,0.7866278610665544,0.8025187979624799,0.8187307530779834,0.8352702114112741,0.8521437889662133,0.8693582353988079,0.8869204367171593,0.9048374180359616,0.9231163463866376,0.9417645335842506,0.9607894391523244,0.9801986733067569,1.0000000000000016,1.020201340026757,1.0408107741923895,1.0618365465453612,1.0832870676749602,1.105170918075649,1.1274968515793782,1.1502737988572296,1.1735108709918127,1.1972173631218124,1.2214027581601719,1.2460767305873826,1.271249150321407,1.2969300866657745,1.3231298123374386,1.349858807576005,1.3771277643359587,1.4049475905635955,1.4333294145603421,1.4622845894342267,1.491824697641273,1.5219615556186359,1.5527072185113395,1.5840739849944858,1.6160744021928986,1.6487212707001329,1.6820276496988928,1.716006862184864,1.7506725002961083,1.78603843075008,1.8221188003905155,1.8589280418463505,1.896480879304959,1.93479233440204,1.9738777322304564,2.013752707470485,2.054433210643895,2.0959355144943723,2.1382762204968255,2.1814722654982095,2.2255409284924745,2.2704998375324124,2.316366976781098,2.3631606937058,2.4108997064172137,2.4596031111569534,2.5092903899362993,2.559981418329274,2.61169647342312,2.6644562419294187,2.718281828459048,2.7731947639642978,2.8292170143515607,2.8863709892679594,2.9446795510655273,3.004166023946434,3.064854203293006,3.126768365186158,3.1899332761161863,3.2543742028896725,3.320116922736548,3.3871877336213356,3.455613464762679,3.525421487365383,3.596639725569284,3.6692966676192444,3.743421377260863,3.8190435053663383,3.896193301795214
0.5379444375946745,0.5488116360940269,0.5598983665654034,0.571209063848817,0.582748252373992,0.5945205479701968,0.6065306597126358,0.6187833918061434,0.6312836455069282,0.6440364210831433,0.6570468198150586,0.6703200460356414,0.6838614092123579,0.6976763260710331,0.7117703227626118,0.7261490370736927,0.7408182206817194,0.7557837414557269,0.7710515858035675,0.7866278610665546,0.8025187979624795,0.8187307530779829,0.8352702114112733,0.8521437889662129,0.8693582353988079,0.8869204367171596,0.904837418035961,0.9231163463866376,0.9417645335842504,0.9607894391523255,0.9801986733067563,1.0000000000000013,1.0202013400267576,1.0408107741923898,1.0618365465453607,1.0832870676749597,1.1051709180756497,1.1274968515793773,1.1502737988572294,1.1735108709918127,1.1972173631218124,1.2214027581601719,1.2460767305873828,1.2712491503214065,1.2969300866657738,1.3231298123374395,1.3498588075760047,1.3771277643359587,1.4049475905635957,1.4333294145603421,1.4622845894342267,1.4918246976412721,1.5219615556186363,1.552707218511338,1.5840739849944852,1.6160744021928966,1.6487212707001329,1.6820276496988913,1.7160068621848643,1.7506725002961059,1.7860384307500798,1.8221188003905164,1.8589280418463492,1.8964808793049592,1.9347923344020397,1.9738777322304553,2.0137527074704855,2.0544332106438956,2.0959355144943723,2.138276220496826,2.181472265498208,2.225540928492476,2.2704998375324132,2.3163669767810977,2.363160693705801,2.4108997064172146,2.4596031111569516,2.5092903899363006,2.5599814183292735,2.6116964734231196,2.664456241929418,2.718281828459046,2.7731947639643013,2.829217014351558,2.88637098926796,2.944679551065525,3.0041660239464356,3.0648542032930033,3.1267683651861597,3.1899332761161863,3.254374202889672,3.32011692273655,3.387187733621335,3.4556134647626755,3.5254214873653837,3.5966397255692812,3.6692966676192458,3.743421377260862,3.819043505366336,3.896193301795216,3.9749016274947477
0.5488116360940263,0.5598983665654025,0.5712090638488163,0.5827482523739923,0.5945205479701969,0.6065306597126361,0.6187833918061434,0.6312836455069281,0.6440364210831435,0.6570468198150587,0.6703200460356411,0.683861409212358,0.6976763260710328,0.7117703227626115,0.7261490370736929,0.7408182206817195,0.7557837414557268,0.7710515858035678,0.7866278610665547,0.8025187979624794,0.8187307530779825,0.8352702114112732,0.8521437889662122,0.869358235398807,0.8869204367171595,0.9048374180359611,0.9231163463866366,0.9417645335842507,0.9607894391523244,0.9801986733067569,1.0000000000000016,1.0202013400267576,1.0408107741923904,1.061836546545361,1.0832870676749597,1.1051709180756495,1.1274968515793777,1.1502737988572285,1.1735108709918123,1.1972173631218124,1.221402758160172,1.2460767305873823,1.2712491503214063,1.2969300866657734,1.3231298123374382,1.3498588075760054,1.3771277643359585,1.404947590563595,1.433329414560342,1.4622845894342256,1.4918246976412721,1.5219615556186354,1.5527072185113382,1.5840739849944836,1.6160744021928959,1.6487212707001313,1.682027649698891,1.7160068621848632,1.7506725002961068,1.7860384307500776,1.8221188003905153,1.8589280418463487,1.8964808793049577,1.934792334402039,1.9738777322304553,2.013752707470485,2.0544332106438965,2.095935514494372,2.1382762204968264,2.1814722654982077,2.2255409284924736,2.270499837532414,2.316366976781098,2.3631606937058014,2.4108997064172146,2.459603111156954,2.5092903899363006,2.559981418329275,2.6116964734231187,2.6644562419294178,2.718281828459047,2.7731947639642995,2.829217014351562,2.886370989267957,2.944679551065526,3.0041660239464334,3.064854203293004,3.1267683651861553,3.1899332761161876,3.254374202889672,3.320116922736548,3.387187733621336,3.4556134647626755,3.525421487365381,3.5966397255692817,3.669296667619242,3.7434213772608618,3.819043505366335,3.8961933017952126,3.9749016274947464,4.0551999668446745
0.5598983665654023,0.5712090638488161,0.5827482523739915,0.5945205479701975,0.6065306597126364,0.6187833918061438,0.6312836455069293,0.6440364210831443,0.6570468198150592,0.6703200460356415,0.6838614092123585,0.6976763260710337,0.7117703227626124,0.7261490370736938,0.7408182206817204,0.755783741455728,0.7710515858035683,0.7866278610665551,0.8025187979624803,0.8187307530779833,0.8352702114112733,0.852143788966213,0.8693582353988072,0.8869204367171595,0.9048374180359621,0.9231163463866381,0.9417645335842506,0.9607894391523257,0.9801986733067575,1.0000000000000027,1.020201340026758,1.0408107741923902,1.061836546545362,1.0832870676749604,1.1051709180756497,1.1274968515793786,1.1502737988572302,1.1735108709918125,1.1972173631218128,1.2214027581601725,1.2460767305873839,1.2712491503214072,1.2969300866657743,1.3231298123374395,1.349858807576005,1.3771277643359605,1.404947590563596,1.4333294145603424,1.4622845894342262,1.4918246976412723,1.521961555618636,1.5527072185113384,1.5840739849944852,1.616074402192896,1.6487212707001324,1.6820276496988908,1.716006862184864,1.750672500296107,1.7860384307500798,1.8221188003905149,1.8589280418463485,1.89648087930496,1.9347923344020395,1.9738777322304557,2.013752707470486,2.0544332106438974,2.095935514494374,2.1382762204968278,2.1814722654982104,2.2255409284924768,2.2704998375324137,2.3163669767811013,2.3631606937058045,2.4108997064172177,2.4596031111569565,2.509290389936304,2.5599814183292753,2.6116964734231227,2.6644562419294204,2.718281828459047,2.7731947639643018,2.829217014351563,2.8863709892679625,2.944679551065525,3.004166023946438,3.064854203293004,3.126768365186159,3.1899332761161876,3.2543742028896765,3.320116922736551,3.3871877336213374,3.455613464762679,3.525421487365383,3.596639725569284,3.669296667619248,3.743421377260864,3.8190435053663374,3.896193301795216,3.9749016274947486,4.0551999668446745,4.137120440251395
0.5712090638488151,0.5827482523739911,0.5945205479701959,0.6065306597126358,0.6187833918061436,0.6312836455069287,0.644036421083144,0.6570468198150592,0.6703200460356417,0.6838614092123579,0.6976763260710334,0.7117703227626124,0.7261490370736932,0.7408182206817202,0.7557837414557277,0.7710515858035687,0.7866278610665548,0.8025187979624803,0.8187307530779832,0.835270211411273,0.8521437889662122,0.8693582353988073,0.8869204367171587,0.9048374180359607,0.9231163463866376,0.9417645335842505,0.9607894391523244,0.980198673306757,1.0000000000000018,1.0202013400267576,1.04081077419239,1.0618365465453614,1.0832870676749609,1.1051709180756493,1.1274968515793775,1.1502737988572298,1.1735108709918127,1.1972173631218117,1.221402758160172,1.2460767305873834,1.2712491503214076,1.2969300866657738,1.3231298123374395,1.3498588075760052,1.3771277643359585,1.4049475905635962,1.4333294145603415,1.462284589434226,1.4918246976412726,1.5219615556186352,1.5527072185113382,1.5840739849944836,1.6160744021928957,1.6487212707001302,1.6820276496988897,1.7160068621848625,1.7506725002961063,1.7860384307500787,1.8221188003905153,1.8589280418463467,1.8964808793049577,1.9347923344020392,1.9738777322304544,2.013752707470484,2.0544332106438956,2.095935514494373,2.1382762204968273,2.1814722654982095,2.225540928492476,2.2704998375324137,2.3163669767810986,2.3631606937058027,2.4108997064172186,2.4596031111569547,2.5092903899363024,2.5599814183292766,2.611696473423121,2.66445624192942,2.7182818284590478,2.7731947639642995,2.829217014351562,2.8863709892679617,2.944679551065527,3.0041660239464343,3.064854203293005,3.126768365186156,3.189933276116187,3.2543742028896716,3.3201169227365517,3.3871877336213365,3.4556134647626773,3.525421487365384,3.5966397255692817,3.6692966676192453,3.743421377260864,3.8190435053663356,3.896193301795215,3.9749016274947473,4.055199966844674,4.137120440251392,4.220695816996553
0.5827482523739896,0.5945205479701957,0.6065306597126352,0.6187833918061435,0.6312836455069288,0.6440364210831442,0.6570468198150594,0.6703200460356419,0.6838614092123583,0.6976763260710331,0.711770322762612,0.7261490370736935,0.7408182206817203,0.7557837414557278,0.7710515858035685,0.7866278610665557,0.8025187979624799,0.8187307530779836,0.8352702114112731,0.8521437889662125,0.8693582353988066,0.8869204367171586,0.9048374180359606,0.9231163463866371,0.9417645335842505,0.9607894391523248,0.9801986733067566,1.000000000000001,1.0202013400267573,1.0408107741923902,1.061836546545361,1.0832870676749597,1.1051709180756502,1.127496851579378,1.1502737988572287,1.1735108709918127,1.1972173631218128,1.2214027581601716,1.2460767305873837,1.2712491503214072,1.296930086665775,1.3231298123374393,1.3498588075760058,1.3771277643359587,1.4049475905635957,1.4333294145603426,1.4622845894342258,1.4918246976412715,1.5219615556186357,1.5527072185113378,1.5840739849944836,1.6160744021928948,1.6487212707001309,1.682027649698889,1.716006862184862,1.7506725002961048,1.786038430750078,1.8221188003905138,1.8589280418463476,1.8964808793049563,1.9347923344020366,1.9738777322304553,2.013752707470483,2.0544332106438947,2.095935514494373,2.138276220496826,2.18147226549821,2.2255409284924754,2.270499837532414,2.316366976781099,2.3631606937058014,2.4108997064172186,2.4596031111569574,2.5092903899363037,2.5599814183292753,2.6116964734231223,2.6644562419294187,2.7182818284590473,2.7731947639643004,2.82921701435156,2.8863709892679603,2.9446795510655264,3.0041660239464374,3.0648542032930033,3.12676836518616,3.1899332761161876,3.2543742028896743,3.3201169227365486,3.3871877336213374,3.455613464762676,3.5254214873653833,3.5966397255692835,3.669296667619244,3.743421377260864,3.819043505366337,3.8961933017952135,3.9749016274947477,4.0551999668446745,4.137120440251392,4.220695816996553,4.305959528345207
0.5945205479701944,0.6065306597126351,0.6187833918061427,0.6312836455069283,0.644036421083144,0.6570468198150593,0.670320046035642,0.6838614092123582,0.6976763260710331,0.7117703227626119,0.7261490370736932,0.7408182206817207,0.7557837414557277,0.7710515858035686,0.7866278610665557,0.8025187979624808,0.8187307530779834,0.8352702114112734,0.8521437889662127,0.8693582353988067,0.8869204367171584,0.9048374180359606,0.9231163463866369,0.94176453358425,0.9607894391523245,0.9801986733067567,1.000000000000001,1.0202013400267573,1.04081077419239,1.0618365465453612,1.0832870676749589,1.1051709180756488,1.1274968515793777,1.1502737988572291,1.1735108709918112,1.1972173631218126,1.221402758160173,1.2460767305873828,1.2712491503214067,1.2969300866657745,1.32312981233744,1.3498588075760052,1.3771277643359596,1.404947590563595,1.4333294145603417,1.462284589434226,1.4918246976412717,1.5219615556186348,1.5527072185113373,1.5840739849944832,1.616074402192895,1.6487212707001302,1.682027649698889,1.7160068621848605,1.7506725002961046,1.7860384307500767,1.8221188003905133,1.858928041846347,1.8964808793049555,1.934792334402036,1.9738777322304528,2.013752707470483,2.054433210643894,2.095935514494372,2.1382762204968264,2.1814722654982086,2.225540928492476,2.2704998375324132,2.3163669767810995,2.3631606937058023,2.4108997064172155,2.459603111156958,2.509290389936305,2.5599814183292766,2.611696473423122,2.664456241929421,2.7182818284590464,2.7731947639643,2.8292170143515625,2.8863709892679585,2.944679551065526,3.004166023946436,3.0648542032930077,3.1267683651861566,3.1899332761161903,3.2543742028896734,3.320116922736551,3.3871877336213356,3.4556134647626777,3.525421487365383,3.5966397255692826,3.6692966676192458,3.743421377260864,3.819043505366337,3.896193301795214,3.974901627494748,4.055199966844673,4.137120440251392,4.220695816996551,4.305959528345205,4.392945680918756
0.6065306597126334,0.6187833918061427,0.6312836455069281,0.6440364210831435,0.6570468198150592,0.6703200460356417,0.6838614092123583,0.6976763260710336,0.7117703227626115,0.7261490370736929,0.7408182206817201,0.7557837414557279,0.7710515858035684,0.7866278610665558,0.8025187979624806,0.8187307530779838,0.8352702114112737,0.8521437889662128,0.8693582353988074,0.8869204367171589,0.9048374180359604,0.9231163463866369,0.9417645335842499,0.9607894391523247,0.9801986733067573,1.0000000000000013,1.0202013400267569,1.0408107741923898,1.0618365465453612,1.0832870676749602,1.1051709180756488,1.127496851579377,1.1502737988572294,1.1735108709918118,1.1972173631218113,1.221402758160172,1.2460767305873834,1.2712491503214063,1.296930086665774,1.3231298123374395,1.3498588075760063,1.3771277643359598,1.404947590563596,1.4333294145603417,1.462284589434226,1.4918246976412715,1.521961555618635,1.5527072185113369,1.5840739849944832,1.6160744021928946,1.6487212707001306,1.6820276496988886,1.716006862184861,1.750672500296103,1.786038430750077,1.822118800390513,1.8589280418463472,1.896480879304956,1.9347923344020357,1.9738777322304524,2.0137527074704815,2.054433210643893,2.09593551449437,2.138276220496825,2.1814722654982086,2.225540928492475,2.2704998375324146,2.3163669767811,2.3631606937058014,2.410899706417217,2.4596031111569556,2.5092903899363055,2.5599814183292797,2.6116964734231227,2.664456241929421,2.7182818284590486,2.7731947639643,2.829217014351561,2.8863709892679608,2.9446795510655237,3.0041660239464365,3.064854203293005,3.126768365186161,3.1899332761161867,3.254374202889678,3.3201169227365512,3.3871877336213374,3.4556134647626773,3.525421487365385,3.596639725569282,3.6692966676192467,3.743421377260865,3.8190435053663383,3.8961933017952166,3.97490162749475,4.055199966844674,4.13712044025139,4.2206958169965505,4.305959528345207,4.39294568091876,4.481689070338065
0.6187833918061406,0.6312836455069278,0.6440364210831431,0.657046819815059,0.6703200460356412,0.6838614092123577,0.6976763260710328,0.7117703227626115,0.7261490370736926,0.7408182206817198,0.7557837414557272,0.7710515858035686,0.7866278610665558,0.8025187979624807,0.8187307530779838,0.8352702114112741,0.8521437889662127,0.8693582353988072,0.8869204367171583,0.9048374180359605,0.9231163463866366,0.9417645335842495,0.960789439152324,0.9801986733067557,1.0000000000000009,1.0202013400267569,1.0408107741923889,1.0618365465453605,1.0832870676749593,1.1051709180756484,1.1274968515793764,1.1502737988572278,1.1735108709918114,1.1972173631218115,1.2214027581601705,1.246076730587382,1.271249150321406,1.2969300866657731,1.3231298123374389,1.3498588075760056,1.3771277643359594,1.4049475905635953,1.4333294145603421,1.4622845894342256,1.491824697641271,1.5219615556186346,1.5527072185113366,1.5840739849944816,1.6160744021928932,1.6487212707001286,1.6820276496988877,1.716006862184859,1.7506725002961032,1.786038430750075,1.8221188003905104,1.8589280418463452,1.8964808793049546,1.9347923344020346,1.9738777322304502,2.0137527074704793,2.054433210643892,2.0959355144943697,2.138276220496823,2.1814722654982055,2.225540928492474,2.270499837532411,2.3163669767810986,2.363160693705801,2.4108997064172155,2.4596031111569556,2.5092903899363033,2.5599814183292784,2.611696473423124,2.6644562419294204,2.7182818284590473,2.7731947639643,2.8292170143515594,2.8863709892679585,2.944679551065526,3.004166023946432,3.0648542032930033,3.126768365186158,3.1899332761161885,3.254374202889673,3.3201169227365517,3.387187733621338,3.455613464762679,3.5254214873653837,3.5966397255692826,3.6692966676192427,3.743421377260863,3.8190435053663365,3.8961933017952157,3.974901627494749,4.0551999668446745,4.137120440251391,4.22069581699655,4.305959528345204,4.392945680918756,4.481689070338067,4.572225195142159
0.6312836455069258,0.6440364210831432,0.6570468198150585,0.6703200460356412,0.6838614092123578,0.6976763260710329,0.7117703227626114,0.7261490370736927,0.7408182206817195,0.7557837414557272,0.7710515858035681,0.7866278610665559,0.8025187979624808,0.818730753077984,0.8352702114112742,0.8521437889662133,0.8693582353988073,0.8869204367171591,0.9048374180359607,0.923116346386637,0.9417645335842497,0.9607894391523248,0.9801986733067569,1.000000000000001,1.0202013400267576,1.04081077419239,1.061836546545361,1.0832870676749593,1.1051709180756493,1.1274968515793768,1.1502737988572285,1.1735108709918107,1.1972173631218115,1.221402758160171,1.2460767305873814,1.2712491503214063,1.2969300866657743,1.3231298123374384,1.3498588075760054,1.3771277643359603,1.4049475905635966,1.4333294145603424,1.4622845894342271,1.491824697641272,1.5219615556186354,1.552707218511337,1.584073984994483,1.6160744021928934,1.6487212707001286,1.6820276496988873,1.71600686218486,1.7506725002961026,1.786038430750075,1.8221188003905107,1.8589280418463443,1.8964808793049543,1.9347923344020355,1.9738777322304513,2.0137527074704793,2.054433210643891,2.095935514494369,2.138276220496824,2.1814722654982064,2.225540928492473,2.270499837532413,2.3163669767810986,2.3631606937058023,2.4108997064172173,2.459603111156955,2.5092903899363046,2.559981418329278,2.6116964734231245,2.664456241929424,2.7182818284590495,2.7731947639643013,2.829217014351562,2.88637098926796,2.944679551065524,3.0041660239464365,3.064854203293002,3.126768365186159,3.189933276116188,3.2543742028896756,3.3201169227365503,3.3871877336213405,3.45561346476268,3.525421487365386,3.596639725569284,3.669296667619245,3.743421377260864,3.8190435053663383,3.8961933017952157,3.974901627494751,4.055199966844678,4.137120440251394,4.220695816996552,4.305959528345201,4.392945680918755,4.481689070338067,4.572225195142165,4.664590270988127
0.6440364210831413,0.6570468198150586,0.6703200460356411,0.6838614092123578,0.697676326071033,0.7117703227626112,0.7261490370736927,0.7408182206817195,0.7557837414557274,0.7710515858035678,0.7866278610665554,0.8025187979624807,0.8187307530779842,0.8352702114112744,0.8521437889662135,0.8693582353988083,0.8869204367171593,0.9048374180359613,0.9231163463866371,0.9417645335842503,0.9607894391523248,0.980198673306757,1.0000000000000013,1.0202013400267576,1.04081077419239,1.0618365465453614,1.08328706767496,1.1051709180756486,1.127496851579377,1.1502737988572282,1.1735108709918112,1.1972173631218104,1.2214027581601714,1.2460767305873819,1.2712491503214052,1.2969300866657736,1.3231298123374386,1.3498588075760052,1.3771277643359592,1.4049475905635975,1.433329414560343,1.462284589434227,1.4918246976412732,1.5219615556186354,1.5527072185113375,1.5840739849944834,1.6160744021928943,1.6487212707001286,1.682027649698887,1.7160068621848592,1.7506725002961017,1.7860384307500756,1.822118800390511,1.8589280418463436,1.8964808793049535,1.9347923344020344,1.9738777322304515,2.0137527074704797,2.054433210643891,2.0959355144943688,2.138276220496823,2.181472265498205,2.2255409284924728,2.27049983753241,2.3163669767810986,2.363160693705802,2.4108997064172173,2.459603111156957,2.509290389936303,2.559981418329277,2.611696473423123,2.664456241929423,2.7182818284590518,2.7731947639643026,2.8292170143515625,2.886370989267961,2.9446795510655255,3.004166023946434,3.0648542032930055,3.1267683651861584,3.1899332761161894,3.254374202889675,3.320116922736554,3.387187733621339,3.4556134647626817,3.5254214873653864,3.596639725569287,3.6692966676192467,3.743421377260865,3.819043505366337,3.896193301795217,3.974901627494753,4.055199966844679,4.137120440251398,4.220695816996557,4.305959528345207,4.392945680918754,4.481689070338066,4.572225195142162,4.664590270988134,4.758821245137855
0.6570468198150569,0.6703200460356412,0.6838614092123575,0.697676326071033,0.7117703227626112,0.7261490370736926,0.7408182206817192,0.755783741455727,0.7710515858035675,0.7866278610665549,0.8025187979624804,0.818730753077984,0.8352702114112742,0.8521437889662138,0.8693582353988081,0.8869204367171598,0.9048374180359611,0.9231163463866378,0.9417645335842504,0.9607894391523247,0.980198673306757,1.0000000000000018,1.020201340026757,1.0408107741923904,1.0618365465453619,1.0832870676749602,1.1051709180756495,1.127496851579377,1.1502737988572287,1.1735108709918114,1.1972173631218108,1.2214027581601703,1.246076730587382,1.271249150321406,1.296930086665773,1.3231298123374382,1.3498588075760047,1.3771277643359592,1.404947590563596,1.4333294145603432,1.4622845894342273,1.4918246976412723,1.5219615556186366,1.5527072185113384,1.5840739849944847,1.6160744021928943,1.6487212707001286,1.6820276496988866,1.7160068621848583,1.7506725002961012,1.7860384307500745,1.8221188003905098,1.858928041846344,1.8964808793049528,1.9347923344020332,1.9738777322304502,2.0137527074704793,2.0544332106438907,2.095935514494367,2.1382762204968224,2.181472265498204,2.2255409284924723,2.270499837532409,2.3163669767810955,2.3631606937058,2.4108997064172155,2.4596031111569556,2.5092903899363033,2.5599814183292766,2.6116964734231227,2.664456241929422,2.71828182845905,2.7731947639643026,2.829217014351563,2.8863709892679617,2.944679551065527,3.0041660239464343,3.0648542032930033,3.1267683651861597,3.1899332761161867,3.254374202889676,3.320116922736552,3.3871877336213387,3.4556134647626795,3.525421487365388,3.5966397255692852,3.6692966676192507,3.743421377260864,3.8190435053663387,3.8961933017952157,3.9749016274947517,4.055199966844679,4.137120440251397,4.2206958169965585,4.305959528345209,4.392945680918759,4.481689070338063,4.57222519514216,4.66459027098813,4.758821245137863,4.854955811237434
0.670320046035639,0.6838614092123574,0.6976763260710329,0.7117703227626114,0.7261490370736924,0.7408182206817193,0.7557837414557269,0.771051585803568,0.7866278610665545,0.8025187979624797,0.8187307530779835,0.8352702114112742,0.8521437889662137,0.8693582353988083,0.8869204367171601,0.9048374180359618,0.9231163463866379,0.9417645335842508,0.9607894391523254,0.9801986733067575,1.0000000000000022,1.0202013400267573,1.0408107741923898,1.0618365465453614,1.083287067674961,1.1051709180756497,1.1274968515793773,1.150273798857229,1.1735108709918116,1.1972173631218113,1.2214027581601712,1.2460767305873808,1.271249150321406,1.2969300866657725,1.3231298123374378,1.3498588075760047,1.377127764335959,1.4049475905635957,1.4333294145603426,1.4622845894342273,1.491824697641273,1.521961555618636,1.5527072185113382,1.5840739849944836,1.6160744021928952,1.6487212707001293,1.682027649698887,1.7160068621848583,1.7506725002961006,1.7860384307500736,1.8221188003905093,1.8589280418463427,1.8964808793049528,1.9347923344020326,1.9738777322304497,2.0137527074704793,2.0544332106438907,2.0959355144943665,2.1382762204968224,2.1814722654982046,2.225540928492471,2.27049983753241,2.316366976781097,2.363160693705798,2.4108997064172146,2.4596031111569547,2.5092903899363037,2.5599814183292766,2.611696473423122,2.6644562419294218,2.7182818284590495,2.7731947639643044,2.8292170143515665,2.8863709892679634,2.944679551065527,3.004166023946436,3.0648542032930046,3.126768365186158,3.1899332761161903,3.2543742028896747,3.3201169227365512,3.3871877336213405,3.4556134647626804,3.525421487365387,3.596639725569287,3.6692966676192484,3.7434213772608684,3.8190435053663374,3.896193301795217,3.974901627494749,4.055199966844679,4.137120440251399,4.220695816996559,4.305959528345213,4.3929456809187615,4.481689070338067,4.572225195142158,4.6645902709881275,4.758821245137858,4.854955811237445,4.953032424395115
0.6838614092123557,0.6976763260710322,0.7117703227626113,0.7261490370736926,0.7408182206817197,0.755783741455727,0.7710515858035678,0.7866278610665547,0.8025187979624795,0.8187307530779832,0.8352702114112738,0.8521437889662133,0.8693582353988081,0.8869204367171601,0.9048374180359623,0.9231163463866384,0.9417645335842507,0.9607894391523257,0.9801986733067573,1.000000000000002,1.020201340026758,1.0408107741923907,1.0618365465453614,1.083287067674961,1.10517091807565,1.1274968515793777,1.1502737988572294,1.1735108709918125,1.1972173631218117,1.2214027581601714,1.2460767305873817,1.2712491503214054,1.296930086665773,1.3231298123374378,1.3498588075760036,1.3771277643359585,1.4049475905635953,1.433329414560342,1.4622845894342267,1.4918246976412732,1.5219615556186363,1.5527072185113382,1.5840739849944838,1.6160744021928952,1.6487212707001304,1.682027649698888,1.7160068621848596,1.7506725002961014,1.7860384307500727,1.8221188003905093,1.8589280418463423,1.8964808793049526,1.9347923344020326,1.9738777322304482,2.013752707470478,2.054433210643889,2.095935514494367,2.1382762204968206,2.1814722654982033,2.225540928492471,2.2704998375324097,2.316366976781096,2.3631606937057983,2.4108997064172133,2.459603111156954,2.5092903899363033,2.559981418329276,2.6116964734231227,2.6644562419294218,2.718281828459051,2.7731947639643026,2.8292170143515656,2.886370989267964,2.944679551065529,3.004166023946438,3.064854203293007,3.126768365186159,3.1899332761161894,3.2543742028896765,3.320116922736552,3.38718773362134,3.4556134647626804,3.5254214873653877,3.5966397255692875,3.6692966676192476,3.7434213772608658,3.819043505366342,3.896193301795216,3.9749016274947504,4.055199966844676,4.1371204402513975,4.220695816996559,4.305959528345213,4.392945680918763,4.481689070338069,4.572225195142163,4.6645902709881275,4.758821245137856,4.854955811237439,4.9530324243951265,5.053090316563868
0.697676326071031,0.7117703227626108,0.7261490370736925,0.74081822068172,0.7557837414557274,0.771051585803568,0.7866278610665547,0.8025187979624804,0.8187307530779828,0.8352702114112734,0.8521437889662131,0.8693582353988082,0.8869204367171599,0.9048374180359621,0.9231163463866383,0.9417645335842517,0.9607894391523257,0.9801986733067585,1.0000000000000024,1.0202013400267584,1.0408107741923909,1.061836546545362,1.0832870676749606,1.1051709180756502,1.1274968515793784,1.1502737988572298,1.1735108709918123,1.1972173631218124,1.2214027581601716,1.2460767305873823,1.271249150321406,1.2969300866657723,1.3231298123374386,1.349858807576004,1.3771277643359578,1.4049475905635953,1.4333294145603417,1.4622845894342262,1.4918246976412721,1.5219615556186363,1.5527072185113389,1.584073984994484,1.6160744021928966,1.6487212707001302,1.6820276496988884,1.7160068621848605,1.7506725002961014,1.7860384307500736,1.822118800390509,1.8589280418463425,1.896480879304952,1.9347923344020321,1.9738777322304486,2.013752707470477,2.05443321064389,2.0959355144943665,2.1382762204968206,2.181472265498203,2.2255409284924705,2.2704998375324097,2.3163669767810946,2.3631606937058,2.4108997064172146,2.4596031111569534,2.5092903899363024,2.559981418329277,2.6116964734231227,2.664456241929422,2.7182818284590504,2.7731947639643035,2.8292170143515647,2.8863709892679648,2.94467955106553,3.0041660239464387,3.0648542032930077,3.126768365186162,3.1899332761161885,3.2543742028896765,3.320116922736555,3.387187733621343,3.4556134647626826,3.5254214873653886,3.596639725569287,3.6692966676192476,3.7434213772608675,3.819043505366342,3.896193301795223,3.9749016274947504,4.055199966844681,4.137120440251397,4.220695816996558,4.305959528345214,4.392945680918763,4.481689070338072,4.572225195142165,4.664590270988131,4.7588212451378595,4.854955811237438,4.953032424395122,5.053090316563876,5.155169512234682
0.7117703227626093,0.7261490370736912,0.7408182206817187,0.7557837414557268,0.7710515858035674,0.7866278610665542,0.8025187979624795,0.8187307530779826,0.8352702114112728,0.852143788966212,0.8693582353988067,0.8869204367171589,0.9048374180359612,0.9231163463866376,0.9417645335842508,0.9607894391523256,0.9801986733067573,1.0000000000000029,1.020201340026758,1.0408107741923898,1.0618365465453614,1.0832870676749604,1.1051709180756488,1.1274968515793773,1.1502737988572294,1.173510870991812,1.1972173631218122,1.221402758160171,1.2460767305873819,1.2712491503214054,1.2969300866657723,1.3231298123374369,1.349858807576004,1.3771277643359572,1.4049475905635935,1.4333294145603408,1.462284589434225,1.4918246976412712,1.5219615556186348,1.5527072185113373,1.5840739849944832,1.6160744021928939,1.6487212707001293,1.6820276496988875,1.71600686218486,1.750672500296102,1.7860384307500727,1.8221188003905084,1.8589280418463405,1.8964808793049497,1.93479233440203,1.9738777322304453,2.0137527074704757,2.0544332106438867,2.0959355144943648,2.1382762204968175,2.1814722654982006,2.2255409284924674,2.270499837532407,2.3163669767810937,2.3631606937057965,2.4108997064172124,2.4596031111569525,2.5092903899362997,2.5599814183292744,2.61169647342312,2.6644562419294195,2.7182818284590478,2.7731947639643004,2.8292170143515625,2.8863709892679608,2.944679551065528,3.0041660239464347,3.0648542032930055,3.1267683651861584,3.189933276116189,3.2543742028896743,3.3201169227365526,3.3871877336213387,3.4556134647626795,3.525421487365387,3.596639725569288,3.6692966676192476,3.743421377260864,3.819043505366336,3.8961933017952166,3.974901627494753,4.055199966844673,4.137120440251396,4.220695816996555,4.305959528345209,4.3929456809187615,4.481689070338067,4.572225195142163,4.66459027098813,4.758821245137857,4.854955811237435,4.953032424395117,5.053090316563871,5.155169512234684,5.259310844446895
0.726149037073691,0.740818220681718,0.755783741455726,0.7710515858035677,0.7866278610665548,0.8025187979624803,0.8187307530779835,0.8352702114112733,0.8521437889662121,0.8693582353988069,0.886920436717159,0.9048374180359614,0.923116346386638,0.9417645335842507,0.9607894391523257,0.9801986733067581,1.0000000000000027,1.0202013400267589,1.0408107741923904,1.0618365465453616,1.0832870676749609,1.1051709180756497,1.127496851579377,1.1502737988572291,1.1735108709918127,1.1972173631218124,1.2214027581601714,1.246076730587383,1.2712491503214058,1.2969300866657731,1.323129812337438,1.3498588075760032,1.3771277643359583,1.4049475905635949,1.4333294145603406,1.4622845894342251,1.4918246976412721,1.521961555618635,1.5527072185113382,1.5840739849944836,1.616074402192895,1.6487212707001302,1.6820276496988882,1.7160068621848605,1.750672500296103,1.7860384307500752,1.8221188003905093,1.8589280418463416,1.8964808793049512,1.9347923344020308,1.9738777322304468,2.0137527074704753,2.054433210643887,2.095935514494364,2.138276220496818,2.1814722654982,2.2255409284924674,2.270499837532407,2.3163669767810933,2.363160693705797,2.4108997064172124,2.459603111156953,2.5092903899363015,2.5599814183292744,2.6116964734231214,2.664456241929421,2.718281828459049,2.7731947639643018,2.829217014351563,2.886370989267961,2.9446795510655273,3.004166023946438,3.0648542032930064,3.1267683651861597,3.1899332761161903,3.2543742028896765,3.3201169227365517,3.3871877336213405,3.4556134647626813,3.525421487365389,3.5966397255692875,3.6692966676192498,3.743421377260867,3.819043505366339,3.8961933017952175,3.974901627494751,4.055199966844681,4.137120440251395,4.220695816996558,4.30595952834521,4.392945680918762,4.48168907033807,4.572225195142165,4.664590270988134,4.75882124513786,4.854955811237441,4.953032424395122,5.053090316563871,5.1551695122346874,5.259310844446901,5.3655559711219745
0.7408182206817177,0.7557837414557249,0.7710515858035666,0.7866278610665546,0.8025187979624799,0.8187307530779828,0.8352702114112733,0.8521437889662125,0.8693582353988069,0.8869204367171586,0.9048374180359607,0.9231163463866374,0.9417645335842504,0.9607894391523252,0.9801986733067576,1.0000000000000027,1.0202013400267582,1.040810774192391,1.0618365465453616,1.0832870676749604,1.1051709180756493,1.1274968515793777,1.1502737988572282,1.173510870991812,1.1972173631218126,1.2214027581601723,1.2460767305873819,1.271249150321406,1.2969300866657727,1.3231298123374373,1.3498588075760036,1.3771277643359567,1.4049475905635946,1.4333294145603404,1.4622845894342242,1.4918246976412706,1.521961555618635,1.5527072185113362,1.5840739849944827,1.6160744021928948,1.64872127070013,1.682027649698887,1.71600686218486,1.750672500296102,1.7860384307500747,1.82211880039051,1.8589280418463419,1.89648087930495,1.9347923344020308,1.9738777322304455,2.013752707470475,2.0544332106438854,2.0959355144943626,2.1382762204968166,2.1814722654981997,2.2255409284924665,2.270499837532405,2.3163669767810915,2.3631606937057956,2.41089970641721,2.459603111156952,2.5092903899362993,2.559981418329274,2.6116964734231214,2.6644562419294204,2.718281828459048,2.7731947639643004,2.8292170143515634,2.8863709892679608,2.9446795510655255,3.004166023946437,3.0648542032930055,3.1267683651861584,3.189933276116189,3.2543742028896747,3.320116922736554,3.387187733621338,3.45561346476268,3.525421487365388,3.596639725569287,3.6692966676192493,3.743421377260868,3.81904350536634,3.8961933017952193,3.97490162749475,4.055199966844675,4.1371204402513975,4.220695816996553,4.305959528345212,4.392945680918757,4.481689070338068,4.572225195142166,4.664590270988131,4.758821245137859,4.854955811237439,4.953032424395119,5.053090316563874,5.155169512234682,5.259310844446899,5.365555971121973,5.473947391727198
0.7557837414557259,0.7710515858035658,0.7866278610665538,0.8025187979624795,0.8187307530779834,0.8352702114112734,0.8521437889662132,0.8693582353988076,0.8869204367171589,0.9048374180359614,0.9231163463866374,0.9417645335842508,0.9607894391523254,0.9801986733067576,1.0000000000000027,1.020201340026759,1.0408107741923904,1.0618365465453632,1.0832870676749613,1.10517091807565,1.1274968515793777,1.15027379885723,1.173510870991812,1.1972173631218122,1.2214027581601727,1.2460767305873832,1.2712491503214067,1.296930086665773,1.3231298123374382,1.3498588075760036,1.3771277643359578,1.4049475905635942,1.4333294145603415,1.4622845894342247,1.491824697641271,1.5219615556186348,1.5527072185113378,1.5840739849944825,1.6160744021928943,1.6487212707001304,1.682027649698889,1.7160068621848605,1.7506725002961034,1.7860384307500754,1.8221188003905116,1.8589280418463445,1.896480879304952,1.9347923344020308,1.9738777322304473,2.0137527074704753,2.0544332106438863,2.095935514494363,2.138276220496818,2.1814722654981997,2.225540928492467,2.2704998375324057,2.3163669767810915,2.363160693705796,2.4108997064172124,2.459603111156951,2.5092903899363006,2.5599814183292744,2.6116964734231214,2.6644562419294213,2.7182818284590495,2.7731947639643018,2.829217014351564,2.886370989267962,2.9446795510655286,3.004166023946438,3.0648542032930055,3.12676836518616,3.18993327611619,3.254374202889676,3.3201169227365535,3.387187733621342,3.4556134647626804,3.5254214873653895,3.596639725569289,3.669296667619252,3.74342137726087,3.819043505366343,3.8961933017952215,3.974901627494752,4.05519996684468,4.1371204402513975,4.2206958169965585,4.305959528345211,4.392945680918765,4.481689070338071,4.572225195142163,4.664590270988135,4.7588212451378595,4.854955811237442,4.953032424395125,5.053090316563875,5.155169512234689,5.259310844446905,5.365555971121978,5.473947391727197,5.5845284642760555
0.7710515858035659,0.7866278610665525,0.8025187979624778,0.8187307530779818,0.8352702114112726,0.8521437889662122,0.869358235398807,0.8869204367171586,0.9048374180359603,0.9231163463866366,0.9417645335842495,0.9607894391523243,0.9801986733067567,1.0000000000000013,1.0202013400267578,1.0408107741923907,1.0618365465453616,1.0832870676749606,1.105170918075649,1.1274968515793773,1.1502737988572285,1.1735108709918118,1.197217363121811,1.221402758160171,1.246076730587382,1.271249150321406,1.2969300866657723,1.3231298123374373,1.3498588075760036,1.3771277643359567,1.4049475905635935,1.4333294145603395,1.4622845894342245,1.4918246976412701,1.5219615556186334,1.5527072185113355,1.5840739849944823,1.6160744021928928,1.6487212707001278,1.6820276496988869,1.7160068621848596,1.7506725002961017,1.7860384307500745,1.8221188003905096,1.8589280418463427,1.8964808793049517,1.9347923344020301,1.973877732230446,2.013752707470475,2.054433210643885,2.0959355144943617,2.1382762204968153,2.1814722654981975,2.225540928492463,2.270499837532403,2.3163669767810884,2.363160693705793,2.4108997064172084,2.4596031111569507,2.509290389936296,2.559981418329272,2.6116964734231187,2.6644562419294187,2.7182818284590473,2.7731947639642995,2.8292170143515616,2.88637098926796,2.9446795510655255,3.0041660239464347,3.064854203293005,3.1267683651861575,3.1899332761161876,3.2543742028896747,3.3201169227365517,3.3871877336213374,3.455613464762681,3.5254214873653846,3.5966397255692844,3.669296667619249,3.743421377260866,3.819043505366339,3.896193301795219,3.9749016274947513,4.055199966844677,4.137120440251396,4.220695816996554,4.30595952834521,4.392945680918758,4.48168907033807,4.572225195142161,4.664590270988129,4.7588212451378595,4.854955811237436,4.95303242439512,5.053090316563872,5.1551695122346874,5.259310844446903,5.365555971121975,5.4739473917271955,5.584528464276047,5.697343422671988
0.7866278610665536,0.802518797962478,0.8187307530779817,0.835270211411272,0.8521437889662125,0.8693582353988073,0.8869204367171587,0.9048374180359611,0.9231163463866374,0.9417645335842505,0.9607894391523251,0.9801986733067574,1.0000000000000022,1.0202013400267578,1.0408107741923904,1.0618365465453625,1.083287067674961,1.1051709180756502,1.1274968515793777,1.1502737988572296,1.1735108709918123,1.1972173631218122,1.2214027581601712,1.2460767305873819,1.271249150321407,1.2969300866657734,1.323129812337439,1.3498588075760045,1.3771277643359583,1.404947590563595,1.4333294145603408,1.4622845894342251,1.4918246976412708,1.5219615556186346,1.552707218511337,1.584073984994482,1.6160744021928946,1.6487212707001286,1.682027649698887,1.7160068621848603,1.7506725002961032,1.7860384307500754,1.8221188003905107,1.8589280418463432,1.8964808793049526,1.9347923344020326,1.9738777322304473,2.013752707470476,2.054433210643887,2.095935514494363,2.1382762204968175,2.1814722654981997,2.225540928492465,2.270499837532405,2.31636697678109,2.3631606937057934,2.410899706417209,2.4596031111569503,2.5092903899362984,2.5599814183292713,2.611696473423119,2.6644562419294173,2.718281828459048,2.7731947639643004,2.8292170143515625,2.886370989267962,2.94467955106553,3.004166023946437,3.064854203293006,3.126768365186159,3.189933276116189,3.254374202889676,3.320116922736554,3.38718773362134,3.455613464762683,3.525421487365388,3.5966397255692866,3.669296667619248,3.7434213772608698,3.819043505366342,3.89619330179522,3.974901627494754,4.0551999668446825,4.137120440251398,4.220695816996559,4.30595952834521,4.392945680918763,4.481689070338071,4.572225195142168,4.66459027098813,4.7588212451378595,4.854955811237439,4.953032424395122,5.0530903165638765,5.155169512234692,5.25931084444691,5.365555971121982,5.473947391727203,5.584528464276053,5.697343422671986,5.812437394402591
0.8025187979624783,0.8187307530779813,0.8352702114112714,0.852143788966211,0.8693582353988061,0.8869204367171581,0.9048374180359605,0.923116346386637,0.94176453358425,0.9607894391523244,0.9801986733067566,1.0000000000000016,1.0202013400267576,1.04081077419239,1.0618365465453614,1.0832870676749609,1.1051709180756495,1.1274968515793777,1.1502737988572285,1.1735108709918116,1.1972173631218106,1.2214027581601714,1.2460767305873812,1.271249150321406,1.2969300866657738,1.3231298123374386,1.3498588075760043,1.3771277643359583,1.4049475905635944,1.4333294145603401,1.4622845894342242,1.4918246976412703,1.5219615556186339,1.5527072185113358,1.5840739849944816,1.6160744021928932,1.648721270700129,1.6820276496988857,1.7160068621848588,1.7506725002961026,1.786038430750075,1.8221188003905096,1.8589280418463432,1.8964808793049512,1.9347923344020312,1.9738777322304482,2.0137527074704757,2.0544332106438854,2.0959355144943626,2.1382762204968166,2.1814722654981984,2.225540928492465,2.2704998375324035,2.3163669767810893,2.3631606937057934,2.410899706417208,2.459603111156947,2.509290389936296,2.5599814183292717,2.611696473423116,2.6644562419294178,2.7182818284590455,2.773194763964298,2.829217014351561,2.8863709892679603,2.944679551065526,3.004166023946436,3.064854203293005,3.126768365186158,3.1899332761161867,3.2543742028896734,3.3201169227365512,3.387187733621338,3.4556134647626795,3.525421487365385,3.5966397255692857,3.6692966676192476,3.7434213772608653,3.8190435053663405,3.8961933017952193,3.9749016274947535,4.055199966844679,4.1371204402513975,4.220695816996557,4.305959528345212,4.392945680918761,4.481689070338071,4.572225195142162,4.664590270988133,4.758821245137858,4.8549558112374385,4.953032424395119,5.053090316563875,5.15516951223469,5.2593108444469046,5.3655559711219825,5.473947391727205,5.584528464276056,5.697343422671987,5.81243739440258,5.929856418591146
0.8187307530779816,0.8352702114112719,0.852143788966211,0.8693582353988056,0.8869204367171576,0.9048374180359599,0.9231163463866366,0.9417645335842499,0.9607894391523246,0.9801986733067569,1.0000000000000013,1.0202013400267576,1.0408107741923902,1.0618365465453616,1.0832870676749604,1.1051709180756497,1.127496851579378,1.150273798857229,1.1735108709918118,1.1972173631218117,1.221402758160171,1.2460767305873823,1.2712491503214058,1.2969300866657731,1.323129812337439,1.3498588075760043,1.3771277643359583,1.4049475905635949,1.4333294145603412,1.4622845894342247,1.4918246976412708,1.5219615556186346,1.552707218511336,1.584073984994482,1.6160744021928928,1.6487212707001289,1.6820276496988866,1.7160068621848585,1.7506725002961008,1.7860384307500756,1.8221188003905113,1.858928041846343,1.8964808793049532,1.9347923344020312,1.9738777322304475,2.0137527074704766,2.0544332106438863,2.0959355144943634,2.138276220496816,2.181472265498199,2.2255409284924657,2.270499837532403,2.31636697678109,2.3631606937057925,2.410899706417208,2.459603111156947,2.509290389936297,2.559981418329271,2.6116964734231174,2.664456241929417,2.718281828459046,2.7731947639642973,2.8292170143515607,2.88637098926796,2.9446795510655246,3.0041660239464347,3.0648542032930064,3.1267683651861597,3.189933276116187,3.254374202889674,3.32011692273655,3.387187733621339,3.455613464762681,3.5254214873653873,3.5966397255692866,3.66929666761925,3.7434213772608658,3.8190435053663387,3.8961933017952206,3.9749016274947544,4.05519996684468,4.137120440251398,4.220695816996559,4.305959528345211,4.392945680918764,4.481689070338069,4.572225195142167,4.664590270988131,4.758821245137862,4.8549558112374385,4.953032424395122,5.053090316563874,5.155169512234692,5.259310844446908,5.365555971121983,5.473947391727207,5.584528464276059,5.6973434226719935,5.812437394402587,5.929856418591139,6.0496474644129465
0.8352702114112724,0.8521437889662117,0.8693582353988061,0.8869204367171576,0.9048374180359604,0.9231163463866368,0.9417645335842497,0.960789439152325,0.9801986733067575,1.0000000000000022,1.0202013400267573,1.0408107741923915,1.0618365465453623,1.0832870676749615,1.1051709180756502,1.1274968515793788,1.1502737988572296,1.1735108709918127,1.1972173631218117,1.2214027581601723,1.2460767305873819,1.2712491503214065,1.2969300866657727,1.3231298123374389,1.3498588075760058,1.3771277643359592,1.4049475905635953,1.4333294145603421,1.4622845894342262,1.4918246976412717,1.5219615556186354,1.5527072185113375,1.584073984994483,1.6160744021928948,1.6487212707001289,1.6820276496988882,1.71600686218486,1.750672500296103,1.7860384307500752,1.822118800390511,1.858928041846345,1.8964808793049528,1.9347923344020337,1.9738777322304484,2.0137527074704775,2.0544332106438885,2.095935514494364,2.1382762204968175,2.1814722654981997,2.2255409284924657,2.270499837532405,2.3163669767810906,2.3631606937057943,2.4108997064172084,2.4596031111569485,2.5092903899362975,2.559981418329272,2.611696473423119,2.6644562419294187,2.7182818284590455,2.7731947639643,2.8292170143515607,2.886370989267961,2.944679551065527,3.004166023946437,3.064854203293005,3.1267683651861606,3.1899332761161894,3.254374202889675,3.3201169227365526,3.3871877336213387,3.455613464762684,3.525421487365391,3.5966397255692883,3.669296667619252,3.7434213772608707,3.819043505366343,3.8961933017952197,3.9749016274947566,4.055199966844682,4.137120440251401,4.220695816996561,4.305959528345215,4.392945680918762,4.481689070338073,4.572225195142168,4.664590270988136,4.758821245137862,4.8549558112374465,4.953032424395122,5.053090316563879,5.155169512234692,5.259310844446911,5.365555971121986,5.473947391727211,5.584528464276064,5.697343422671998,5.812437394402598,5.9298564185911475,6.049647464412943,6.171858449883554
0.8521437889662111,0.8693582353988063,0.8869204367171577,0.90483741803596,0.9231163463866368,0.9417645335842496,0.9607894391523244,0.9801986733067569,1.0000000000000016,1.0202013400267578,1.0408107741923898,1.0618365465453627,1.083287067674961,1.1051709180756504,1.1274968515793788,1.15027379885723,1.1735108709918125,1.1972173631218124,1.2214027581601712,1.2460767305873828,1.2712491503214063,1.2969300866657731,1.3231298123374382,1.3498588075760045,1.3771277643359596,1.404947590563595,1.4333294145603424,1.462284589434227,1.4918246976412721,1.5219615556186359,1.552707218511338,1.5840739849944838,1.6160744021928948,1.6487212707001293,1.6820276496988877,1.7160068621848605,1.7506725002961023,1.7860384307500752,1.8221188003905109,1.8589280418463443,1.8964808793049541,1.9347923344020324,1.9738777322304495,2.0137527074704766,2.054433210643888,2.0959355144943648,2.1382762204968175,2.1814722654981997,2.225540928492465,2.2704998375324044,2.316366976781091,2.363160693705794,2.410899706417209,2.459603111156948,2.5092903899362975,2.559981418329271,2.6116964734231187,2.6644562419294178,2.718281828459045,2.7731947639642995,2.8292170143515607,2.886370989267959,2.944679551065526,3.0041660239464365,3.0648542032930055,3.126768365186157,3.1899332761161894,3.2543742028896747,3.3201169227365512,3.3871877336213387,3.4556134647626817,3.5254214873653904,3.5966397255692875,3.6692966676192507,3.7434213772608693,3.8190435053663445,3.896193301795218,3.9749016274947553,4.055199966844683,4.137120440251398,4.220695816996563,4.305959528345213,4.392945680918764,4.48168907033807,4.5722251951421695,4.664590270988133,4.758821245137867,4.854955811237444,4.953032424395125,5.0530903165638765,5.155169512234692,5.259310844446908,5.365555971121987,5.473947391727213,5.584528464276062,5.697343422672001,5.812437394402594,5.9298564185911555,6.049647464412949,6.171858449883553,6.296538261026658
0.8693582353988056,0.8869204367171584,0.9048374180359603,0.9231163463866366,0.94176453358425,0.9607894391523243,0.9801986733067561,1.0000000000000018,1.0202013400267578,1.0408107741923895,1.0618365465453616,1.083287067674961,1.1051709180756502,1.1274968515793788,1.150273798857231,1.173510870991813,1.1972173631218126,1.2214027581601723,1.246076730587382,1.271249150321407,1.2969300866657736,1.3231298123374386,1.349858807576004,1.3771277643359592,1.4049475905635969,1.4333294145603428,1.4622845894342271,1.491824697641273,1.521961555618636,1.5527072185113384,1.5840739849944845,1.6160744021928954,1.64872127070013,1.6820276496988877,1.7160068621848594,1.7506725002961032,1.7860384307500756,1.8221188003905107,1.8589280418463439,1.896480879304954,1.9347923344020335,1.9738777322304493,2.0137527074704766,2.0544332106438876,2.095935514494365,2.1382762204968184,2.1814722654981997,2.2255409284924665,2.2704998375324044,2.3163669767810906,2.3631606937057943,2.4108997064172097,2.45960311115695,2.5092903899362975,2.559981418329272,2.611696473423119,2.664456241929418,2.7182818284590464,2.7731947639642995,2.829217014351561,2.8863709892679603,2.9446795510655255,3.004166023946436,3.0648542032930037,3.1267683651861584,3.1899332761161867,3.2543742028896756,3.3201169227365517,3.3871877336213396,3.4556134647626813,3.525421487365388,3.5966397255692892,3.669296667619252,3.743421377260869,3.819043505366344,3.896193301795222,3.974901627494754,4.055199966844682,4.137120440251402,4.22069581699656,4.305959528345217,4.392945680918767,4.481689070338076,4.572225195142166,4.6645902709881355,4.758821245137861,4.854955811237442,4.953032424395123,5.05309031656388,5.15516951223469,5.259310844446909,5.365555971121985,5.473947391727214,5.584528464276069,5.697343422672,5.812437394402597,5.929856418591154,6.049647464412957,6.171858449883556,6.296538261026658,6.423736771429132
0.8869204367171574,0.9048374180359605,0.9231163463866368,0.9417645335842497,0.9607894391523242,0.980198673306756,1.0000000000000007,1.020201340026757,1.0408107741923893,1.0618365465453607,1.0832870676749609,1.1051709180756502,1.127496851579378,1.1502737988572296,1.1735108709918134,1.1972173631218126,1.221402758160172,1.2460767305873828,1.271249150321406,1.296930086665773,1.3231298123374378,1.3498588075760045,1.377127764335958,1.404947590563596,1.433329414560343,1.4622845894342271,1.4918246976412726,1.5219615556186366,1.5527072185113384,1.5840739849944838,1.6160744021928959,1.6487212707001302,1.6820276496988877,1.71600686218486,1.7506725002961019,1.786038430750075,1.822118800390511,1.8589280418463436,1.8964808793049526,1.9347923344020337,1.9738777322304493,2.013752707470477,2.054433210643887,2.0959355144943648,2.138276220496819,2.181472265498201,2.225540928492466,2.270499837532403,2.3163669767810893,2.363160693705794,2.410899706417209,2.459603111156948,2.509290389936298,2.559981418329271,2.6116964734231174,2.664456241929418,2.718281828459046,2.7731947639642986,2.8292170143515607,2.8863709892679594,2.944679551065525,3.0041660239464343,3.064854203293004,3.126768365186158,3.189933276116187,3.2543742028896725,3.3201169227365517,3.387187733621339,3.45561346476268,3.5254214873653877,3.596639725569286,3.6692966676192533,3.7434213772608698,3.819043505366343,3.8961933017952215,3.974901627494755,4.055199966844681,4.137120440251399,4.220695816996561,4.305959528345215,4.392945680918767,4.481689070338073,4.5722251951421695,4.664590270988132,4.75882124513786,4.854955811237443,4.953032424395125,5.053090316563871,5.15516951223469,5.259310844446906,5.365555971121983,5.473947391727208,5.584528464276066,5.697343422672002,5.812437394402596,5.929856418591154,6.049647464412953,6.171858449883562,6.296538261026662,6.423736771429136,6.553504862191147
0.9048374180359595,0.9231163463866366,0.9417645335842498,0.9607894391523244,0.9801986733067561,1.0000000000000007,1.0202013400267567,1.0408107741923889,1.0618365465453607,1.0832870676749593,1.105170918075649,1.1274968515793777,1.1502737988572296,1.1735108709918127,1.197217363121813,1.221402758160172,1.2460767305873826,1.2712491503214065,1.296930086665773,1.3231298123374382,1.3498588075760038,1.3771277643359583,1.4049475905635949,1.433329414560342,1.4622845894342271,1.4918246976412726,1.521961555618636,1.5527072185113389,1.5840739849944845,1.6160744021928952,1.6487212707001306,1.6820276496988886,1.7160068621848596,1.7506725002961017,1.7860384307500743,1.8221188003905107,1.858928041846343,1.8964808793049521,1.9347923344020326,1.9738777322304482,2.0137527074704766,2.054433210643888,2.0959355144943648,2.138276220496817,2.1814722654982,2.225540928492467,2.270499837532404,2.3163669767810893,2.363160693705793,2.4108997064172084,2.459603111156949,2.509290389936296,2.5599814183292726,2.611696473423118,2.6644562419294173,2.7182818284590455,2.7731947639643,2.8292170143515594,2.886370989267959,2.944679551065524,3.0041660239464334,3.0648542032930037,3.1267683651861584,3.189933276116186,3.254374202889673,3.3201169227365512,3.387187733621339,3.4556134647626795,3.525421487365386,3.5966397255692857,3.669296667619249,3.7434213772608707,3.819043505366341,3.8961933017952215,3.974901627494755,4.055199966844681,4.1371204402513975,4.220695816996557,4.3059595283452134,4.392945680918763,4.481689070338074,4.572225195142168,4.664590270988136,4.7588212451378595,4.85495581123744,4.953032424395123,5.053090316563874,5.155169512234687,5.259310844446907,5.36555597112198,5.473947391727206,5.584528464276059,5.697343422671999,5.812437394402594,5.9298564185911555,6.049647464412954,6.171858449883559,6.296538261026662,6.423736771429141,6.553504862191149,6.685894442279267
0.9231163463866354,0.9417645335842493,0.9607894391523236,0.9801986733067561,1.0000000000000009,1.020201340026756,1.0408107741923887,1.0618365465453594,1.0832870676749586,1.1051709180756477,1.1274968515793766,1.1502737988572287,1.1735108709918118,1.1972173631218117,1.2214027581601714,1.2460767305873826,1.2712491503214058,1.2969300866657727,1.3231298123374369,1.3498588075760038,1.3771277643359567,1.4049475905635949,1.4333294145603412,1.4622845894342262,1.4918246976412732,1.521961555618636,1.5527072185113375,1.5840739849944838,1.6160744021928954,1.6487212707001295,1.6820276496988884,1.7160068621848599,1.7506725002961032,1.7860384307500747,1.8221188003905082,1.8589280418463427,1.8964808793049526,1.9347923344020308,1.9738777322304473,2.0137527074704766,2.054433210643888,2.095935514494363,2.138276220496817,2.181472265498199,2.225540928492466,2.2704998375324044,2.3163669767810897,2.363160693705792,2.410899706417209,2.4596031111569476,2.5092903899362957,2.559981418329271,2.611696473423118,2.6644562419294173,2.7182818284590455,2.7731947639642973,2.8292170143515594,2.886370989267958,2.944679551065524,3.004166023946432,3.0648542032930024,3.1267683651861558,3.1899332761161863,3.254374202889672,3.3201169227365503,3.3871877336213396,3.45561346476268,3.5254214873653873,3.596639725569286,3.669296667619249,3.7434213772608675,3.8190435053663436,3.8961933017952197,3.9749016274947526,4.05519996684468,4.137120440251397,4.220695816996557,4.30595952834521,4.392945680918763,4.481689070338067,4.572225195142168,4.664590270988132,4.758821245137863,4.854955811237436,4.95303242439512,5.0530903165638765,5.155169512234687,5.259310844446901,5.365555971121979,5.473947391727203,5.584528464276057,5.697343422671996,5.812437394402593,5.9298564185911555,6.049647464412955,6.1718584498835645,6.296538261026666,6.423736771429133,6.553504862191148,6.685894442279269,6.82095846929075
0.9417645335842488,0.9607894391523232,0.9801986733067558,1.0000000000000004,1.020201340026756,1.0408107741923884,1.0618365465453594,1.0832870676749584,1.1051709180756473,1.1274968515793753,1.1502737988572276,1.1735108709918105,1.1972173631218108,1.2214027581601705,1.2460767305873812,1.2712491503214063,1.296930086665772,1.3231298123374375,1.3498588075760027,1.3771277643359578,1.4049475905635938,1.4333294145603406,1.4622845894342253,1.4918246976412715,1.5219615556186359,1.5527072185113382,1.584073984994483,1.6160744021928952,1.6487212707001293,1.6820276496988884,1.71600686218486,1.7506725002961006,1.7860384307500745,1.82211880039051,1.8589280418463412,1.8964808793049517,1.9347923344020326,1.9738777322304464,2.013752707470476,2.054433210643887,2.095935514494364,2.138276220496817,2.1814722654981993,2.2255409284924657,2.2704998375324035,2.31636697678109,2.3631606937057934,2.410899706417208,2.4596031111569476,2.5092903899362957,2.5599814183292704,2.6116964734231174,2.664456241929417,2.7182818284590433,2.7731947639642973,2.8292170143515594,2.886370989267957,2.944679551065523,3.0041660239464325,3.0648542032930006,3.1267683651861553,3.189933276116184,3.254374202889672,3.3201169227365486,3.3871877336213374,3.4556134647626804,3.5254214873653873,3.596639725569288,3.6692966676192484,3.743421377260866,3.819043505366342,3.8961933017952224,3.9749016274947526,4.05519996684468,4.1371204402513975,4.220695816996557,4.30595952834521,4.392945680918759,4.48168907033807,4.5722251951421615,4.664590270988132,4.758821245137859,4.854955811237441,4.953032424395117,5.053090316563872,5.1551695122346874,5.259310844446902,5.365555971121976,5.473947391727205,5.5845284642760555,5.697343422671991,5.812437394402592,5.92985641859115,6.049647464412955,6.171858449883561,6.296538261026666,6.423736771429138,6.553504862191149,6.685894442279269,6.820958469290749,6.958750970637272
0.9607894391523233,0.9801986733067555,1.0000000000000002,1.0202013400267558,1.0408107741923887,1.0618365465453594,1.0832870676749577,1.105170918075647,1.1274968515793748,1.1502737988572258,1.1735108709918096,1.1972173631218095,1.2214027581601692,1.2460767305873803,1.271249150321404,1.2969300866657727,1.3231298123374367,1.3498588075760032,1.3771277643359572,1.4049475905635938,1.4333294145603406,1.4622845894342247,1.4918246976412706,1.521961555618634,1.5527072185113366,1.5840739849944836,1.6160744021928939,1.6487212707001293,1.6820276496988873,1.7160068621848605,1.7506725002961026,1.7860384307500747,1.82211880039051,1.858928041846343,1.8964808793049523,1.9347923344020317,1.9738777322304484,2.013752707470475,2.0544332106438867,2.095935514494363,2.1382762204968166,2.181472265498199,2.2255409284924643,2.270499837532402,2.316366976781089,2.363160693705793,2.410899706417208,2.459603111156948,2.509290389936296,2.559981418329271,2.611696473423117,2.664456241929415,2.718281828459045,2.773194763964296,2.8292170143515585,2.886370989267957,2.9446795510655224,3.0041660239464316,3.064854203293001,3.126768365186154,3.1899332761161836,3.2543742028896694,3.3201169227365472,3.387187733621335,3.4556134647626773,3.5254214873653864,3.5966397255692852,3.66929666761925,3.7434213772608658,3.81904350536634,3.8961933017952197,3.974901627494752,4.055199966844681,4.137120440251398,4.220695816996557,4.30595952834521,4.392945680918758,4.481689070338067,4.572225195142163,4.664590270988127,4.758821245137857,4.854955811237437,4.95303242439512,5.0530903165638685,5.155169512234685,5.259310844446901,5.365555971121977,5.4739473917272,5.584528464276058,5.6973434226719935,5.81243739440259,5.929856418591149,6.04964746441295,6.171858449883556,6.2965382610266625,6.423736771429139,6.553504862191153,6.685894442279271,6.82095846929075,6.958750970637271,7.099327065156634
0.9801986733067553,1.0,1.0202013400267564,1.0408107741923889,1.0618365465453605,1.0832870676749589,1.105170918075647,1.1274968515793753,1.1502737988572258,1.1735108709918092,1.1972173631218086,1.2214027581601683,1.2460767305873794,1.2712491503214034,1.2969300866657711,1.3231298123374373,1.3498588075760034,1.377127764335957,1.404947590563594,1.4333294145603406,1.4622845894342251,1.491824697641271,1.521961555618633,1.5527072185113364,1.5840739849944832,1.6160744021928946,1.648721270700129,1.6820276496988877,1.7160068621848594,1.750672500296103,1.7860384307500765,1.8221188003905113,1.8589280418463447,1.896480879304954,1.9347923344020324,1.9738777322304486,2.0137527074704775,2.0544332106438876,2.095935514494365,2.1382762204968184,2.1814722654981993,2.225540928492466,2.2704998375324035,2.31636697678109,2.3631606937057943,2.4108997064172097,2.4596031111569476,2.5092903899362975,2.5599814183292717,2.6116964734231174,2.6644562419294164,2.718281828459046,2.7731947639642978,2.8292170143515585,2.8863709892679577,2.9446795510655237,3.004166023946433,3.0648542032930024,3.1267683651861553,3.1899332761161823,3.2543742028896703,3.320116922736547,3.3871877336213343,3.4556134647626777,3.525421487365384,3.5966397255692835,3.669296667619247,3.743421377260866,3.8190435053663405,3.896193301795218,3.9749016274947513,4.05519996684468,4.137120440251399,4.220695816996558,4.305959528345209,4.392945680918763,4.481689070338068,4.572225195142163,4.6645902709881275,4.758821245137858,4.854955811237436,4.953032424395113,5.053090316563869,5.1551695122346795,5.259310844446901,5.3655559711219745,5.4739473917272035,5.584528464276056,5.697343422671996,5.812437394402593,5.929856418591149,6.0496474644129545,6.171858449883555,6.296538261026661,6.423736771429135,6.553504862191151,6.685894442279272,6.820958469290758,6.958750970637274,7.099327065156635,7.242742985161012
1.0,1.0202013400267558,1.0408107741923882,1.0618365465453599,1.0832870676749584,1.1051709180756475,1.1274968515793757,1.1502737988572274,1.1735108709918103,1.1972173631218102,1.22140275816017,1.2460767305873812,1.2712491503214043,1.2969300866657716,1.323129812337437,1.3498588075760036,1.3771277643359567,1.404947590563594,1.43332941456034,1.4622845894342242,1.4918246976412701,1.5219615556186334,1.5527072185113358,1.5840739849944816,1.6160744021928943,1.6487212707001284,1.6820276496988862,1.7160068621848588,1.7506725002961012,1.7860384307500732,1.8221188003905089,1.8589280418463416,1.896480879304952,1.9347923344020315,1.9738777322304462,2.0137527074704766,2.0544332106438876,2.0959355144943643,2.138276220496819,2.181472265498202,2.225540928492468,2.270499837532405,2.3163669767810924,2.3631606937057943,2.4108997064172097,2.4596031111569494,2.509290389936297,2.5599814183292704,2.6116964734231165,2.664456241929417,2.718281828459045,2.7731947639642973,2.82921701435156,2.886370989267958,2.944679551065524,3.0041660239464334,3.064854203293001,3.126768365186158,3.1899332761161854,3.25437420288967,3.3201169227365486,3.3871877336213356,3.455613464762676,3.5254214873653824,3.5966397255692812,3.6692966676192427,3.743421377260863,3.8190435053663356,3.896193301795214,3.9749016274947477,4.0551999668446745,4.137120440251395,4.220695816996553,4.305959528345207,4.392945680918756,4.481689070338065,4.572225195142159,4.664590270988127,4.758821245137855,4.854955811237434,4.953032424395115,5.053090316563868,5.155169512234682,5.259310844446895,5.3655559711219745,5.473947391727198,5.5845284642760555,5.697343422671988,5.812437394402591,5.929856418591146,6.0496474644129465,6.171858449883554,6.296538261026658,6.423736771429132,6.553504862191147,6.685894442279267,6.82095846929075,6.958750970637272,7.099327065156634,7.242742985161012,7.38905609893065
