0.1353352832366127,0.1380692373108928,0.140858420921045,0.14370394977770296,0.14660696213035015,0.14956861922263506,0.15259010575688384,0.1556726303679973,0.15881742610692068,0.16202575093388077,0.16529888822158653,0.1686381472685955,0.1720448638230505,0.17552040061699692,0.17906614791149325,0.18268352405273464,0.18637397603941,0.1901389801015205,0.19398004229089197,0.1978986990836147,0.2018965179946554,0.20597509820488347,0.2101360712007648,0.21438110142697794,0.21871188695221475,0.22313016014842987,0.22763768838381276,0.2322362747297588,0.2369277586821218,0.24171401689703645,0.2465969639416065,0.2515785530597565,0.2566607769535558,0.261845668580326,0.2671353019658504,0.27253179303401254,0.2780373004531941,0.2836540264997703,0.28938421793905045,0.2952301669240141,0.3011942119122022,0.30727873860113114,0.31348618088260516,0.3198190218163039,0.3262797946230395,0.33287108369807955,0.33959552564493917,0.3464558103300574,0.35345468195878016,0.3605949401730784,0.3678794411714423,0.37531109885139957,0.38289288597511206,0.39062783535852097,0.3985190410845142,0.4065696597405991,0.4147829116815814,0.42316208231774877,0.4317105234290797,0.44043165450599914,0.44932896411722156,0.4584060113052234,0.46766642700990935,0.47711391552103455,0.48675225595997157,0.4965853037914095,0.5066169923655897,0.5168513344916994,0.5272924240430484,0.5379444375946745,0.5488116360940265,0.5598983665654022,0.5712090638488152,0.5827482523739898,0.5945205479701944,0.6065306597126335,0.618783391806141,0.631283645506926,0.6440364210831415,0.6570468198150566,0.6703200460356392,0.6838614092123557,0.6976763260710312,0.7117703227626098,0.7261490370736908,0.740818220681718,0.7557837414557255,0.7710515858035665,0.7866278610665531,0.8025187979624784,0.8187307530779817,0.8352702114112719,0.8521437889662115,0.8693582353988057,0.8869204367171576,0.9048374180359594,0.9231163463866358,0.9417645335842487,0.9607894391523232,0.980198673306755,1.0
0.1380692373108928,0.14085842092104492,0.1437039497777028,0.14660696213035002,0.1495686192226349,0.15259010575688373,0.15567263036799714,0.1588174261069206,0.16202575093388075,0.16529888822158656,0.16863814726859552,0.1720448638230506,0.17552040061699695,0.17906614791149328,0.1826835240527347,0.18637397603940997,0.1901389801015205,0.19398004229089175,0.1978986990836146,0.20189651799465522,0.20597509820488324,0.21013607120076455,0.21438110142697772,0.21871188695221447,0.22313016014842954,0.22763768838381257,0.23223627472975863,0.23692775868212154,0.2417140168970363,0.2465969639416062,0.25157855305975635,0.25666077695355577,0.2618456685803258,0.2671353019658503,0.2725317930340124,0.27803730045319397,0.28365402649977023,0.2893842179390504,0.2952301669240139,0.30119421191220186,0.3072787386011312,0.313486180882605,0.3198190218163035,0.3262797946230391,0.33287108369807933,0.33959552564493906,0.3464558103300572,0.35345468195877994,0.3605949401730782,0.36787944117144245,0.3753110988513994,0.3828928859751119,0.39062783535852114,0.3985190410845142,0.40656965974059905,0.4147829116815813,0.4231620823177489,0.43171052342907973,0.4404316545059992,0.44932896411722156,0.4584060113052234,0.4676664270099089,0.4771139155210343,0.48675225595997135,0.496585303791409,0.5066169923655892,0.5168513344916987,0.527292424043048,0.5379444375946738,0.548811636094026,0.5598983665654018,0.5712090638488143,0.5827482523739892,0.5945205479701938,0.606530659712633,0.6187833918061405,0.6312836455069255,0.644036421083141,0.6570468198150567,0.6703200460356389,0.6838614092123554,0.6976763260710308,0.7117703227626098,0.726149037073691,0.7408182206817181,0.7557837414557257,0.7710515858035665,0.7866278610665537,0.8025187979624784,0.8187307530779817,0.835270211411272,0.852143788966211,0.8693582353988061,0.886920436717157,0.9048374180359593,0.9231163463866354,0.9417645335842484,0.9607894391523234,0.9801986733067555,1.0,1.020201340026756
0.140858420921045,0.14370394977770282,0.14660696213035,0.1495686192226349,0.1525901057568837,0.15567263036799717,0.15881742610692054,0.1620257509338807,0.16529888822158656,0.16863814726859558,0.17204486382305056,0.17552040061699695,0.1790661479114933,0.18268352405273472,0.18637397603940997,0.19013898010152053,0.19398004229089186,0.19789869908361446,0.20189651799465522,0.20597509820488322,0.21013607120076444,0.2143811014269777,0.2187118869522144,0.2231301601484294,0.22763768838381232,0.2322362747297585,0.2369277586821214,0.24171401689703617,0.24659696394160624,0.25157855305975624,0.25666077695355566,0.2618456685803258,0.2671353019658501,0.27253179303401237,0.2780373004531939,0.28365402649977006,0.2893842179390504,0.29523016692401394,0.30119421191220175,0.30727873860113086,0.3134861808826051,0.31981902181630356,0.326279794623039,0.332871083698079,0.33959552564493883,0.34645581033005723,0.35345468195877977,0.36059494017307797,0.367879441171442,0.37531109885139946,0.38289288597511173,0.39062783535852086,0.39851904108451414,0.40656965974059894,0.4147829116815812,0.42316208231774866,0.43171052342907956,0.4404316545059991,0.4493289641172213,0.4584060113052231,0.46766642700990885,0.47711391552103394,0.4867522559599714,0.4965853037914091,0.506616992365589,0.5168513344916985,0.5272924240430479,0.5379444375946739,0.5488116360940256,0.5598983665654014,0.5712090638488144,0.582748252373989,0.5945205479701936,0.6065306597126329,0.6187833918061404,0.6312836455069254,0.6440364210831406,0.6570468198150562,0.6703200460356392,0.6838614092123554,0.6976763260710306,0.7117703227626094,0.7261490370736909,0.740818220681718,0.7557837414557258,0.7710515858035665,0.7866278610665537,0.8025187979624787,0.8187307530779818,0.8352702114112721,0.8521437889662113,0.8693582353988053,0.8869204367171575,0.9048374180359589,0.9231163463866352,0.941764533584248,0.9607894391523228,0.9801986733067551,1.0000000000000002,1.020201340026756,1.0408107741923882
0.14370394977770296,0.14660696213035007,0.14956861922263492,0.15259010575688375,0.1556726303679972,0.15881742610692057,0.1620257509338807,0.1652988882215865,0.1686381472685956,0.1720448638230506,0.17552040061699695,0.1790661479114933,0.1826835240527348,0.18637397603941008,0.19013898010152058,0.19398004229089189,0.1978986990836146,0.20189651799465516,0.20597509820488324,0.21013607120076447,0.21438110142697764,0.21871188695221447,0.22313016014842946,0.22763768838381232,0.23223627472975836,0.2369277586821214,0.24171401689703612,0.24659696394160616,0.2515785530597562,0.2566607769535556,0.2618456685803257,0.26713530196585017,0.2725317930340123,0.2780373004531938,0.2836540264997701,0.28938421793905034,0.29523016692401394,0.30119421191220186,0.3072787386011308,0.313486180882605,0.31981902181630373,0.3262797946230391,0.3328710836980791,0.33959552564493856,0.3464558103300571,0.3534546819587799,0.3605949401730778,0.36787944117144183,0.37531109885139907,0.38289288597511184,0.3906278353585207,0.3985190410845138,0.4065696597405989,0.41478291168158105,0.4231620823177486,0.43171052342907934,0.4404316545059989,0.4493289641172213,0.458406011305223,0.4676664270099087,0.47711391552103405,0.4867522559599711,0.496585303791409,0.5066169923655892,0.5168513344916986,0.5272924240430479,0.5379444375946738,0.548811636094026,0.5598983665654014,0.5712090638488143,0.5827482523739893,0.5945205479701936,0.6065306597126328,0.6187833918061403,0.6312836455069255,0.6440364210831409,0.6570468198150563,0.6703200460356389,0.6838614092123557,0.6976763260710307,0.7117703227626092,0.7261490370736909,0.740818220681718,0.7557837414557257,0.7710515858035666,0.7866278610665538,0.8025187979624787,0.818730753077982,0.8352702114112719,0.8521437889662117,0.8693582353988056,0.886920436717157,0.9048374180359595,0.9231163463866346,0.9417645335842479,0.9607894391523222,0.9801986733067546,0.9999999999999999,1.0202013400267562,1.0408107741923887,1.0618365465453596
0.14660696213035015,0.14956861922263498,0.15259010575688373,0.15567263036799725,0.15881742610692057,0.16202575093388066,0.16529888822158642,0.16863814726859547,0.17204486382305054,0.1755204006169969,0.17906614791149322,0.18268352405273466,0.18637397603941006,0.19013898010152055,0.19398004229089186,0.1978986990836146,0.2018965179946553,0.20597509820488322,0.2101360712007645,0.21438110142697764,0.2187118869522144,0.22313016014842946,0.22763768838381238,0.23223627472975833,0.2369277586821212,0.24171401689703603,0.24659696394160607,0.251578553059756,0.2566607769535555,0.2618456685803256,0.26713530196584995,0.27253179303401226,0.2780373004531937,0.28365402649976995,0.2893842179390502,0.2952301669240138,0.30119421191220175,0.30727873860113086,0.31348618088260477,0.3198190218163035,0.32627979462303913,0.33287108369807905,0.3395955256449385,0.34645581033005673,0.35345468195877977,0.36059494017307775,0.3678794411714416,0.3753110988513988,0.3828928859751113,0.3906278353585206,0.39851904108451347,0.4065696597405985,0.4147829116815808,0.42316208231774805,0.4317105234290791,0.4404316545059987,0.44932896411722095,0.4584060113052228,0.4676664270099085,0.4771139155210336,0.48675225595997096,0.49658530379140864,0.5066169923655889,0.5168513344916986,0.5272924240430478,0.5379444375946738,0.5488116360940255,0.5598983665654015,0.5712090638488139,0.5827482523739889,0.5945205479701937,0.6065306597126323,0.6187833918061402,0.6312836455069253,0.6440364210831407,0.6570468198150562,0.6703200460356387,0.6838614092123553,0.6976763260710307,0.7117703227626093,0.7261490370736904,0.7408182206817177,0.7557837414557254,0.7710515858035665,0.7866278610665534,0.8025187979624789,0.8187307530779816,0.8352702114112718,0.8521437889662108,0.869358235398806,0.8869204367171568,0.9048374180359586,0.9231163463866353,0.9417645335842472,0.9607894391523223,0.9801986733067537,0.9999999999999988,1.0202013400267549,1.040810774192388,1.0618365465453594,1.0832870676749586
0.14956861922263506,0.1525901057568838,0.1556726303679972,0.15881742610692062,0.16202575093388066,0.16529888822158645,0.1686381472685954,0.17204486382305045,0.1755204006169968,0.17906614791149325,0.1826835240527346,0.18637397603940992,0.19013898010152053,0.19398004229089186,0.19789869908361463,0.2018965179946553,0.20597509820488336,0.21013607120076447,0.21438110142697767,0.21871188695221447,0.2231301601484295,0.2276376883838124,0.23223627472975847,0.23692775868212126,0.24171401689703592,0.24659696394160607,0.251578553059756,0.2566607769535553,0.26184566858032554,0.26713530196585,0.27253179303401215,0.27803730045319375,0.2836540264997699,0.28938421793905017,0.2952301669240137,0.3011942119122016,0.30727873860113075,0.3134861808826049,0.3198190218163033,0.326279794623039,0.3328710836980791,0.33959552564493856,0.34645581033005673,0.3534546819587793,0.36059494017307775,0.36787944117144156,0.3753110988513987,0.38289288597511106,0.39062783535852025,0.3985190410845134,0.4065696597405983,0.4147829116815805,0.423162082317748,0.4317105234290788,0.4404316545059986,0.4493289641172209,0.45840601130522274,0.4676664270099082,0.4771139155210335,0.4867522559599706,0.4965853037914087,0.5066169923655887,0.5168513344916985,0.5272924240430479,0.5379444375946736,0.5488116360940256,0.5598983665654012,0.5712090638488142,0.5827482523739886,0.5945205479701934,0.6065306597126328,0.6187833918061397,0.6312836455069252,0.6440364210831406,0.6570468198150561,0.6703200460356387,0.6838614092123553,0.6976763260710305,0.7117703227626091,0.7261490370736904,0.7408182206817173,0.7557837414557251,0.7710515858035663,0.7866278610665532,0.8025187979624784,0.8187307530779819,0.8352702114112717,0.8521437889662108,0.8693582353988047,0.8869204367171574,0.9048374180359587,0.9231163463866351,0.9417645335842482,0.9607894391523217,0.9801986733067543,0.9999999999999982,1.0202013400267544,1.0408107741923869,1.0618365465453588,1.083287067674958,1.1051709180756477
0.15259010575688384,0.15567263036799728,0.1588174261069206,0.16202575093388075,0.16529888822158642,0.16863814726859538,0.1720448638230504,0.1755204006169968,0.1790661479114931,0.1826835240527346,0.18637397603940986,0.1901389801015204,0.19398004229089186,0.19789869908361463,0.20189651799465527,0.20597509820488333,0.21013607120076466,0.21438110142697772,0.2187118869522145,0.22313016014842948,0.22763768838381246,0.23223627472975852,0.23692775868212138,0.24171401689703595,0.24659696394160596,0.251578553059756,0.2566607769535554,0.2618456685803253,0.2671353019658499,0.2725317930340121,0.27803730045319364,0.2836540264997699,0.28938421793905006,0.29523016692401366,0.3011942119122015,0.3072787386011307,0.3134861808826047,0.31981902181630334,0.32627979462303874,0.33287108369807894,0.3395955256449385,0.34645581033005673,0.3534546819587793,0.36059494017307736,0.3678794411714416,0.3753110988513985,0.382892885975111,0.39062783535852,0.3985190410845132,0.4065696597405981,0.4147829116815802,0.4231620823177477,0.43171052342907873,0.44043165450599814,0.44932896411722073,0.45840601130522257,0.4676664270099083,0.4771139155210334,0.48675225595997074,0.4965853037914086,0.5066169923655887,0.5168513344916982,0.5272924240430477,0.5379444375946737,0.5488116360940254,0.5598983665654012,0.5712090638488138,0.5827482523739888,0.5945205479701933,0.6065306597126323,0.61878339180614,0.631283645506925,0.6440364210831405,0.6570468198150561,0.6703200460356384,0.6838614092123553,0.6976763260710306,0.7117703227626092,0.7261490370736903,0.7408182206817175,0.7557837414557249,0.771051585803566,0.7866278610665535,0.802518797962478,0.8187307530779816,0.8352702114112722,0.8521437889662107,0.8693582353988049,0.8869204367171561,0.9048374180359592,0.9231163463866349,0.9417645335842478,0.9607894391523226,0.9801986733067539,0.999999999999999,1.0202013400267538,1.0408107741923864,1.0618365465453579,1.0832870676749573,1.1051709180756466,1.1274968515793755
0.1556726303679973,0.1588174261069207,0.16202575093388075,0.16529888822158653,0.16863814726859544,0.17204486382305045,0.17552040061699678,0.17906614791149317,0.18268352405273455,0.18637397603940997,0.19013898010152044,0.1939800422908918,0.19789869908361457,0.20189651799465533,0.20597509820488338,0.2101360712007646,0.2143811014269779,0.21871188695221458,0.22313016014842965,0.22763768838381246,0.2322362747297586,0.2369277586821215,0.2417140168970362,0.24659696394160607,0.25157855305975607,0.2566607769535555,0.2618456685803255,0.2671353019658498,0.2725317930340122,0.27803730045319364,0.2836540264997699,0.2893842179390501,0.2952301669240135,0.30119421191220164,0.3072787386011307,0.3134861808826047,0.31981902181630334,0.32627979462303885,0.3328710836980788,0.33959552564493856,0.3464558103300568,0.3534546819587794,0.3605949401730774,0.36787944117144145,0.37531109885139885,0.382892885975111,0.39062783535852014,0.3985190410845131,0.40656965974059806,0.41478291168158027,0.42316208231774766,0.43171052342907856,0.4404316545059982,0.4493289641172204,0.4584060113052226,0.4676664270099083,0.4771139155210334,0.4867522559599704,0.49658530379140847,0.5066169923655884,0.5168513344916982,0.5272924240430474,0.5379444375946737,0.5488116360940256,0.5598983665654008,0.5712090638488139,0.5827482523739886,0.5945205479701935,0.6065306597126325,0.6187833918061398,0.6312836455069252,0.6440364210831404,0.657046819815056,0.6703200460356388,0.6838614092123553,0.6976763260710306,0.7117703227626094,0.7261490370736906,0.7408182206817175,0.7557837414557251,0.7710515858035657,0.7866278610665531,0.8025187979624787,0.8187307530779815,0.8352702114112719,0.8521437889662113,0.8693582353988053,0.8869204367171569,0.9048374180359583,0.9231163463866355,0.9417645335842478,0.9607894391523225,0.9801986733067548,0.9999999999999987,1.0202013400267553,1.0408107741923869,1.061836546545358,1.083287067674957,1.105170918075646,1.1274968515793746,1.1502737988572274
0.15881742610692068,0.1620257509338808,0.16529888822158656,0.16863814726859555,0.17204486382305048,0.1755204006169968,0.1790661479114931,0.18268352405273464,0.1863739760394099,0.19013898010152047,0.19398004229089183,0.19789869908361457,0.20189651799465533,0.2059750982048834,0.2101360712007647,0.21438110142697786,0.21871188695221477,0.22313016014842973,0.22763768838381257,0.2322362747297586,0.23692775868212157,0.24171401689703617,0.24659696394160618,0.2515785530597562,0.2566607769535555,0.26184566858032565,0.26713530196584995,0.27253179303401204,0.27803730045319375,0.28365402649976995,0.28938421793905017,0.29523016692401366,0.30119421191220147,0.3072787386011307,0.3134861808826047,0.31981902181630334,0.3262797946230389,0.33287108369807894,0.3395955256449383,0.3464558103300568,0.35345468195877944,0.36059494017307747,0.36787944117144145,0.3753110988513985,0.3828928859751112,0.39062783535851997,0.3985190410845131,0.40656965974059794,0.4147829116815803,0.4231620823177477,0.43171052342907845,0.440431654505998,0.44932896411722045,0.4584060113052225,0.4676664270099082,0.47711391552103344,0.48675225595997057,0.4965853037914084,0.5066169923655885,0.5168513344916983,0.5272924240430474,0.5379444375946734,0.5488116360940257,0.5598983665654012,0.5712090638488136,0.5827482523739889,0.5945205479701933,0.6065306597126324,0.61878339180614,0.6312836455069252,0.6440364210831406,0.6570468198150561,0.6703200460356386,0.6838614092123554,0.6976763260710304,0.7117703227626094,0.7261490370736907,0.7408182206817175,0.7557837414557252,0.771051585803566,0.7866278610665529,0.8025187979624782,0.8187307530779822,0.8352702114112718,0.8521437889662111,0.869358235398806,0.8869204367171568,0.904837418035959,0.9231163463866348,0.9417645335842484,0.9607894391523226,0.9801986733067547,0.9999999999999997,1.020201340026755,1.0408107741923878,1.0618365465453585,1.0832870676749573,1.105170918075646,1.127496851579374,1.1502737988572262,1.1735108709918105
0.16202575093388077,0.16529888822158664,0.16863814726859555,0.17204486382305056,0.17552040061699684,0.1790661479114932,0.18268352405273455,0.1863739760394099,0.19013898010152042,0.19398004229089189,0.1978986990836146,0.2018965179946553,0.2059750982048834,0.21013607120076472,0.21438110142697792,0.2187118869522147,0.22313016014842985,0.22763768838381257,0.2322362747297587,0.23692775868212157,0.24171401689703625,0.24659696394160624,0.2515785530597563,0.25666077695355555,0.26184566858032565,0.26713530196585006,0.2725317930340122,0.27803730045319364,0.28365402649977,0.2893842179390502,0.2952301669240137,0.3011942119122016,0.30727873860113064,0.31348618088260477,0.31981902181630334,0.3262797946230389,0.332871083698079,0.3395955256449385,0.34645581033005646,0.35345468195877944,0.3605949401730774,0.36787944117144145,0.3753110988513985,0.38289288597511095,0.39062783535852014,0.39851904108451297,0.40656965974059806,0.41478291168158016,0.4231620823177477,0.43171052342907856,0.4404316545059981,0.4493289641172204,0.4584060113052224,0.46766642700990824,0.4771139155210333,0.48675225595997057,0.4965853037914085,0.5066169923655883,0.5168513344916982,0.5272924240430475,0.5379444375946734,0.5488116360940253,0.5598983665654013,0.5712090638488141,0.5827482523739885,0.5945205479701935,0.6065306597126324,0.6187833918061397,0.6312836455069251,0.6440364210831405,0.6570468198150561,0.6703200460356388,0.6838614092123553,0.6976763260710307,0.7117703227626091,0.7261490370736907,0.7408182206817178,0.7557837414557251,0.771051585803566,0.7866278610665532,0.8025187979624778,0.8187307530779815,0.8352702114112723,0.852143788966211,0.8693582353988055,0.8869204367171574,0.9048374180359591,0.9231163463866353,0.9417645335842477,0.9607894391523227,0.9801986733067548,0.9999999999999996,1.0202013400267558,1.0408107741923875,1.0618365465453594,1.083287067674958,1.1051709180756466,1.1274968515793742,1.1502737988572256,1.1735108709918092,1.1972173631218102
0.16529888822158653,0.16863814726859555,0.17204486382305056,0.17552040061699692,0.17906614791149317,0.18268352405273458,0.18637397603940983,0.19013898010152044,0.19398004229089175,0.19789869908361457,0.2018965179946553,0.20597509820488333,0.2101360712007646,0.21438110142697786,0.21871188695221466,0.22313016014842976,0.22763768838381268,0.23223627472975866,0.23692775868212163,0.24171401689703623,0.24659696394160627,0.2515785530597563,0.25666077695355555,0.2618456685803257,0.26713530196584995,0.2725317930340123,0.2780373004531938,0.2836540264997698,0.2893842179390503,0.2952301669240137,0.30119421191220164,0.30727873860113075,0.3134861808826047,0.3198190218163034,0.32627979462303885,0.3328710836980789,0.33959552564493845,0.3464558103300567,0.3534546819587792,0.36059494017307736,0.36787944117144145,0.3753110988513985,0.3828928859751109,0.3906278353585199,0.398519041084513,0.40656965974059794,0.4147829116815802,0.4231620823177476,0.4317105234290785,0.440431654505998,0.4493289641172203,0.4584060113052222,0.46766642700990796,0.4771139155210332,0.4867522559599704,0.49658530379140825,0.5066169923655884,0.516851334491698,0.5272924240430473,0.5379444375946733,0.548811636094025,0.5598983665654007,0.571209063848814,0.5827482523739886,0.594520547970193,0.6065306597126323,0.6187833918061397,0.6312836455069247,0.6440364210831404,0.657046819815056,0.6703200460356386,0.6838614092123553,0.6976763260710303,0.7117703227626093,0.7261490370736902,0.7408182206817174,0.7557837414557251,0.771051585803566,0.786627861066553,0.8025187979624782,0.8187307530779813,0.8352702114112717,0.8521437889662117,0.8693582353988051,0.886920436717157,0.9048374180359593,0.9231163463866349,0.9417645335842478,0.9607894391523222,0.9801986733067546,0.9999999999999997,1.0202013400267553,1.0408107741923878,1.0618365465453588,1.0832870676749582,1.105170918075647,1.1274968515793744,1.1502737988572258,1.1735108709918085,1.1972173631218095,1.2214027581601699
0.1686381472685955,0.1720448638230506,0.17552040061699695,0.17906614791149325,0.1826835240527346,0.18637397603940992,0.19013898010152042,0.1939800422908918,0.19789869908361457,0.20189651799465533,0.20597509820488333,0.21013607120076463,0.21438110142697786,0.21871188695221466,0.22313016014842973,0.22763768838381274,0.23223627472975877,0.23692775868212157,0.24171401689703637,0.24659696394160632,0.2515785530597563,0.2566607769535556,0.26184566858032576,0.2671353019658501,0.27253179303401226,0.27803730045319386,0.28365402649977,0.28938421793905017,0.2952301669240139,0.30119421191220164,0.30727873860113075,0.3134861808826048,0.3198190218163033,0.3262797946230389,0.33287108369807894,0.3395955256449384,0.34645581033005657,0.3534546819587793,0.3605949401730772,0.3678794411714414,0.37531109885139863,0.3828928859751109,0.39062783535851997,0.39851904108451286,0.40656965974059806,0.41478291168158005,0.4231620823177476,0.4317105234290784,0.4404316545059979,0.44932896411722034,0.4584060113052221,0.46766642700990796,0.47711391552103316,0.4867522559599704,0.49658530379140825,0.5066169923655883,0.5168513344916981,0.5272924240430473,0.5379444375946733,0.5488116360940253,0.5598983665654007,0.5712090638488136,0.5827482523739889,0.5945205479701933,0.6065306597126324,0.6187833918061397,0.631283645506925,0.6440364210831402,0.6570468198150559,0.6703200460356387,0.6838614092123554,0.6976763260710307,0.7117703227626091,0.7261490370736905,0.7408182206817174,0.7557837414557251,0.771051585803566,0.786627861066553,0.8025187979624784,0.8187307530779816,0.8352702114112713,0.8521437889662111,0.869358235398806,0.8869204367171569,0.9048374180359593,0.9231163463866355,0.9417645335842478,0.9607894391523227,0.9801986733067541,0.9999999999999992,1.0202013400267558,1.0408107741923875,1.0618365465453594,1.0832870676749577,1.1051709180756475,1.1274968515793757,1.1502737988572267,1.1735108709918094,1.1972173631218088,1.2214027581601696,1.246076730587381
0.1720448638230505,0.17552040061699697,0.17906614791149333,0.18268352405273475,0.18637397603940992,0.19013898010152047,0.1939800422908918,0.19789869908361457,0.2018965179946553,0.20597509820488338,0.21013607120076466,0.21438110142697794,0.21871188695221472,0.2231301601484298,0.2276376883838127,0.23223627472975883,0.2369277586821218,0.24171401689703634,0.2465969639416064,0.2515785530597564,0.25666077695355566,0.2618456685803258,0.2671353019658501,0.27253179303401237,0.2780373004531938,0.2836540264997701,0.2893842179390504,0.29523016692401377,0.30119421191220186,0.30727873860113086,0.3134861808826049,0.3198190218163035,0.326279794623039,0.332871083698079,0.33959552564493867,0.3464558103300567,0.3534546819587794,0.3605949401730776,0.36787944117144133,0.3753110988513985,0.3828928859751111,0.39062783535851997,0.39851904108451297,0.4065696597405978,0.41478291168158016,0.42316208231774755,0.43171052342907845,0.44043165450599797,0.4493289641172203,0.4584060113052223,0.4676664270099079,0.47711391552103305,0.4867522559599705,0.49658530379140836,0.5066169923655884,0.516851334491698,0.5272924240430474,0.5379444375946733,0.5488116360940251,0.5598983665654008,0.5712090638488138,0.5827482523739885,0.5945205479701935,0.6065306597126323,0.61878339180614,0.6312836455069248,0.6440364210831404,0.6570468198150556,0.6703200460356386,0.6838614092123554,0.6976763260710306,0.7117703227626092,0.7261490370736905,0.7408182206817175,0.755783741455725,0.7710515858035661,0.7866278610665532,0.8025187979624784,0.8187307530779817,0.8352702114112718,0.8521437889662106,0.8693582353988056,0.8869204367171579,0.9048374180359587,0.9231163463866356,0.9417645335842485,0.9607894391523225,0.980198673306755,0.9999999999999992,1.020201340026755,1.040810774192388,1.0618365465453594,1.0832870676749584,1.1051709180756473,1.127496851579376,1.1502737988572276,1.1735108709918098,1.1972173631218097,1.221402758160169,1.2460767305873812,1.271249150321405
0.17552040061699692,0.1790661479114933,0.18268352405273472,0.18637397603941,0.1901389801015205,0.19398004229089186,0.1978986990836146,0.20189651799465536,0.20597509820488347,0.2101360712007647,0.21438110142697794,0.21871188695221472,0.22313016014842982,0.22763768838381276,0.23223627472975883,0.23692775868212176,0.24171401689703645,0.24659696394160632,0.2515785530597564,0.2566607769535557,0.2618456685803259,0.26713530196585017,0.2725317930340124,0.27803730045319386,0.2836540264997701,0.2893842179390504,0.29523016692401394,0.3011942119122018,0.307278738601131,0.3134861808826048,0.3198190218163035,0.32627979462303913,0.33287108369807916,0.3395955256449386,0.3464558103300569,0.3534546819587795,0.36059494017307747,0.36787944117144156,0.37531109885139846,0.38289288597511095,0.3906278353585201,0.39851904108451297,0.4065696597405979,0.4147829116815799,0.4231620823177475,0.43171052342907834,0.4404316545059979,0.4493289641172203,0.45840601130522224,0.4676664270099081,0.47711391552103305,0.4867522559599704,0.49658530379140836,0.5066169923655884,0.5168513344916981,0.5272924240430472,0.5379444375946734,0.5488116360940252,0.5598983665654008,0.5712090638488136,0.5827482523739884,0.5945205479701933,0.6065306597126329,0.6187833918061396,0.6312836455069251,0.6440364210831404,0.657046819815056,0.6703200460356383,0.6838614092123552,0.6976763260710307,0.7117703227626093,0.7261490370736906,0.7408182206817175,0.755783741455725,0.7710515858035659,0.7866278610665531,0.8025187979624782,0.8187307530779816,0.8352702114112719,0.8521437889662112,0.8693582353988053,0.8869204367171575,0.90483741803596,0.9231163463866353,0.9417645335842484,0.960789439152323,0.9801986733067546,0.9999999999999996,1.020201340026755,1.0408107741923878,1.0618365465453596,1.083287067674958,1.1051709180756473,1.1274968515793753,1.1502737988572276,1.1735108709918105,1.19721736312181,1.22140275816017,1.2460767305873806,1.2712491503214056,1.2969300866657718
0.17906614791149325,0.1826835240527346,0.18637397603940994,0.1901389801015205,0.19398004229089189,0.1978986990836146,0.2018965179946553,0.20597509820488338,0.2101360712007647,0.21438110142697786,0.21871188695221472,0.22313016014842982,0.22763768838381265,0.2322362747297588,0.23692775868212168,0.24171401689703648,0.2465969639416065,0.25157855305975635,0.2566607769535557,0.2618456685803258,0.2671353019658501,0.27253179303401237,0.2780373004531938,0.28365402649977,0.28938421793905034,0.2952301669240139,0.30119421191220175,0.3072787386011308,0.31348618088260505,0.31981902181630334,0.326279794623039,0.3328710836980791,0.33959552564493856,0.3464558103300568,0.3534546819587796,0.3605949401730775,0.3678794411714415,0.37531109885139863,0.38289288597511084,0.3906278353585199,0.3985190410845131,0.4065696597405977,0.41478291168158,0.4231620823177472,0.4317105234290783,0.44043165450599786,0.44932896411722,0.458406011305222,0.4676664270099078,0.4771139155210332,0.4867522559599702,0.4965853037914081,0.5066169923655884,0.516851334491698,0.5272924240430472,0.537944437594673,0.5488116360940253,0.5598983665654007,0.5712090638488134,0.5827482523739884,0.5945205479701932,0.6065306597126321,0.6187833918061402,0.6312836455069246,0.6440364210831402,0.6570468198150556,0.6703200460356381,0.6838614092123548,0.6976763260710301,0.7117703227626091,0.7261490370736903,0.7408182206817174,0.7557837414557252,0.7710515858035659,0.7866278610665527,0.8025187979624783,0.8187307530779816,0.8352702114112718,0.852143788966211,0.8693582353988054,0.8869204367171571,0.9048374180359592,0.9231163463866359,0.9417645335842479,0.9607894391523227,0.9801986733067547,0.9999999999999992,1.020201340026755,1.040810774192387,1.0618365465453588,1.0832870676749584,1.1051709180756468,1.127496851579375,1.1502737988572267,1.1735108709918103,1.1972173631218104,1.22140275816017,1.246076730587381,1.2712491503214045,1.2969300866657727,1.3231298123374367
0.18268352405273464,0.18637397603940992,0.19013898010152053,0.19398004229089189,0.19789869908361465,0.2018965179946553,0.20597509820488338,0.21013607120076466,0.2143811014269779,0.2187118869522147,0.22313016014842976,0.2276376883838127,0.23223627472975872,0.23692775868212176,0.24171401689703637,0.24659696394160646,0.25157855305975646,0.2566607769535557,0.2618456685803258,0.2671353019658502,0.27253179303401237,0.2780373004531938,0.28365402649977006,0.2893842179390503,0.2952301669240139,0.3011942119122018,0.30727873860113086,0.3134861808826049,0.31981902181630356,0.32627979462303897,0.33287108369807894,0.3395955256449387,0.3464558103300569,0.35345468195877955,0.3605949401730776,0.3678794411714415,0.3753110988513987,0.382892885975111,0.3906278353585199,0.398519041084513,0.406569659740598,0.41478291168158,0.4231620823177473,0.4317105234290782,0.4404316545059978,0.4493289641172202,0.45840601130522207,0.4676664270099078,0.47711391552103277,0.4867522559599704,0.496585303791408,0.5066169923655881,0.516851334491698,0.5272924240430471,0.5379444375946733,0.5488116360940248,0.5598983665654007,0.5712090638488136,0.5827482523739883,0.594520547970193,0.6065306597126323,0.6187833918061395,0.6312836455069252,0.6440364210831401,0.6570468198150557,0.6703200460356382,0.6838614092123547,0.69767632607103,0.7117703227626089,0.7261490370736903,0.7408182206817172,0.7557837414557248,0.771051585803566,0.7866278610665529,0.8025187979624777,0.8187307530779814,0.8352702114112713,0.8521437889662108,0.8693582353988054,0.8869204367171573,0.9048374180359586,0.9231163463866356,0.9417645335842487,0.9607894391523226,0.9801986733067548,0.9999999999999997,1.0202013400267549,1.0408107741923873,1.0618365465453585,1.0832870676749575,1.105170918075647,1.1274968515793748,1.1502737988572265,1.1735108709918096,1.1972173631218102,1.2214027581601703,1.2460767305873808,1.2712491503214054,1.2969300866657725,1.3231298123374378,1.349858807576003
0.18637397603941,0.19013898010152044,0.1939800422908918,0.19789869908361463,0.20189651799465533,0.20597509820488338,0.2101360712007646,0.2143811014269779,0.21871188695221472,0.2231301601484297,0.22763768838381265,0.23223627472975872,0.2369277586821217,0.24171401689703642,0.24659696394160638,0.25157855305975646,0.25666077695355577,0.2618456685803258,0.2671353019658501,0.2725317930340123,0.2780373004531938,0.28365402649977,0.2893842179390503,0.2952301669240137,0.30119421191220164,0.30727873860113086,0.31348618088260494,0.3198190218163035,0.3262797946230391,0.332871083698079,0.33959552564493856,0.34645581033005696,0.35345468195877966,0.36059494017307764,0.3678794411714416,0.3753110988513985,0.3828928859751111,0.3906278353585201,0.39851904108451286,0.40656965974059783,0.41478291168158027,0.42316208231774727,0.4317105234290782,0.44043165450599764,0.44932896411722,0.4584060113052219,0.46766642700990757,0.4771139155210327,0.48675225595997,0.4965853037914081,0.506616992365588,0.5168513344916976,0.5272924240430473,0.537944437594673,0.5488116360940252,0.5598983665654005,0.5712090638488135,0.5827482523739884,0.5945205479701932,0.6065306597126322,0.6187833918061398,0.6312836455069246,0.6440364210831405,0.6570468198150555,0.6703200460356383,0.6838614092123546,0.6976763260710299,0.7117703227626085,0.72614903707369,0.740818220681717,0.7557837414557246,0.7710515858035654,0.7866278610665528,0.8025187979624776,0.818730753077981,0.8352702114112716,0.8521437889662106,0.8693582353988051,0.8869204367171571,0.904837418035959,0.9231163463866349,0.941764533584248,0.960789439152323,0.9801986733067544,0.9999999999999993,1.0202013400267553,1.0408107741923873,1.0618365465453585,1.0832870676749575,1.1051709180756464,1.1274968515793748,1.1502737988572262,1.1735108709918092,1.197217363121809,1.2214027581601699,1.2460767305873812,1.2712491503214047,1.2969300866657723,1.3231298123374375,1.349858807576004,1.3771277643359572
0.1901389801015205,0.1939800422908917,0.19789869908361446,0.2018965179946553,0.20597509820488333,0.21013607120076458,0.21438110142697778,0.21871188695221463,0.22313016014842976,0.22763768838381254,0.23223627472975866,0.23692775868212157,0.2417140168970363,0.24659696394160635,0.2515785530597563,0.2566607769535557,0.2618456685803258,0.2671353019658501,0.27253179303401226,0.27803730045319375,0.2836540264997699,0.2893842179390501,0.29523016692401366,0.30119421191220147,0.3072787386011306,0.31348618088260477,0.3198190218163033,0.32627979462303885,0.33287108369807894,0.3395955256449384,0.3464558103300566,0.3534546819587795,0.36059494017307747,0.36787944117144145,0.3753110988513987,0.38289288597511084,0.39062783535851997,0.39851904108451286,0.4065696597405976,0.4147829116815799,0.42316208231774743,0.43171052342907795,0.44043165450599747,0.44932896411721973,0.45840601130522174,0.4676664270099073,0.47711391552103244,0.4867522559599697,0.4965853037914076,0.506616992365588,0.5168513344916974,0.5272924240430468,0.5379444375946728,0.5488116360940246,0.5598983665654005,0.5712090638488131,0.5827482523739882,0.5945205479701929,0.606530659712632,0.6187833918061393,0.6312836455069247,0.6440364210831397,0.6570468198150556,0.670320046035638,0.6838614092123545,0.6976763260710296,0.7117703227626082,0.7261490370736895,0.7408182206817167,0.7557837414557242,0.7710515858035651,0.7866278610665519,0.8025187979624778,0.8187307530779808,0.8352702114112708,0.8521437889662105,0.8693582353988046,0.8869204367171564,0.9048374180359587,0.9231163463866351,0.9417645335842477,0.9607894391523222,0.9801986733067544,0.9999999999999987,1.0202013400267549,1.0408107741923873,1.061836546545358,1.0832870676749569,1.1051709180756462,1.127496851579374,1.1502737988572258,1.1735108709918087,1.1972173631218088,1.2214027581601683,1.2460767305873806,1.2712491503214045,1.2969300866657714,1.3231298123374373,1.3498588075760036,1.377127764335958,1.4049475905635935
0.19398004229089197,0.19789869908361457,0.20189651799465522,0.2059750982048834,0.21013607120076463,0.2143811014269778,0.21871188695221458,0.2231301601484297,0.22763768838381276,0.23223627472975872,0.23692775868212163,0.24171401689703628,0.24659696394160635,0.25157855305975646,0.2566607769535557,0.2618456685803259,0.26713530196585017,0.27253179303401237,0.2780373004531938,0.28365402649977,0.2893842179390503,0.29523016692401366,0.3011942119122016,0.30727873860113064,0.31348618088260466,0.3198190218163033,0.3262797946230389,0.332871083698079,0.33959552564493845,0.3464558103300567,0.3534546819587794,0.36059494017307764,0.36787944117144145,0.3753110988513986,0.3828928859751111,0.3906278353585199,0.3985190410845131,0.4065696597405978,0.4147829116815797,0.4231620823177474,0.4317105234290782,0.4404316545059975,0.4493289641172197,0.45840601130522174,0.4676664270099074,0.4771139155210322,0.4867522559599697,0.49658530379140753,0.5066169923655877,0.5168513344916975,0.5272924240430468,0.5379444375946727,0.5488116360940248,0.5598983665654005,0.5712090638488134,0.582748252373988,0.594520547970193,0.6065306597126321,0.6187833918061396,0.6312836455069247,0.6440364210831403,0.6570468198150553,0.6703200460356384,0.6838614092123547,0.6976763260710298,0.7117703227626085,0.7261490370736895,0.7408182206817164,0.7557837414557244,0.771051585803565,0.7866278610665519,0.802518797962477,0.818730753077981,0.8352702114112709,0.8521437889662102,0.869358235398805,0.8869204367171563,0.9048374180359585,0.9231163463866351,0.9417645335842477,0.960789439152322,0.9801986733067543,0.9999999999999991,1.0202013400267544,1.0408107741923873,1.0618365465453588,1.0832870676749569,1.1051709180756457,1.127496851579374,1.1502737988572256,1.1735108709918085,1.1972173631218088,1.2214027581601685,1.2460767305873794,1.2712491503214043,1.2969300866657716,1.3231298123374369,1.3498588075760038,1.3771277643359578,1.4049475905635949,1.4333294145603401
0.1978986990836147,0.2018965179946552,0.2059750982048832,0.2101360712007646,0.21438110142697772,0.21871188695221452,0.22313016014842962,0.22763768838381257,0.23223627472975872,0.23692775868212163,0.2417140168970362,0.24659696394160624,0.2515785530597564,0.2566607769535557,0.26184566858032576,0.26713530196585017,0.27253179303401237,0.2780373004531938,0.28365402649976984,0.28938421793905017,0.29523016692401366,0.3011942119122015,0.3072787386011306,0.3134861808826045,0.3198190218163031,0.32627979462303874,0.3328710836980787,0.3395955256449383,0.34645581033005657,0.35345468195877927,0.3605949401730774,0.36787944117144133,0.37531109885139846,0.38289288597511095,0.39062783535852,0.39851904108451275,0.4065696597405978,0.4147829116815799,0.423162082317747,0.43171052342907806,0.44043165450599764,0.4493289641172197,0.4584060113052215,0.46766642700990724,0.4771139155210324,0.48675225595996935,0.49658530379140725,0.5066169923655874,0.5168513344916972,0.5272924240430465,0.5379444375946725,0.5488116360940244,0.5598983665654003,0.571209063848813,0.582748252373988,0.5945205479701925,0.6065306597126319,0.6187833918061393,0.6312836455069246,0.6440364210831399,0.6570468198150554,0.6703200460356374,0.6838614092123546,0.6976763260710296,0.7117703227626081,0.7261490370736894,0.7408182206817161,0.7557837414557239,0.7710515858035647,0.7866278610665519,0.8025187979624768,0.8187307530779798,0.8352702114112708,0.8521437889662098,0.8693582353988043,0.8869204367171564,0.9048374180359579,0.9231163463866343,0.9417645335842476,0.9607894391523222,0.9801986733067539,0.9999999999999987,1.0202013400267544,1.0408107741923864,1.061836546545358,1.0832870676749573,1.1051709180756457,1.1274968515793735,1.1502737988572251,1.173510870991808,1.1972173631218082,1.221402758160168,1.2460767305873788,1.271249150321403,1.2969300866657711,1.3231298123374367,1.3498588075760027,1.3771277643359574,1.4049475905635942,1.4333294145603404,1.4622845894342247
0.2018965179946554,0.20597509820488327,0.21013607120076452,0.2143811014269778,0.21871188695221458,0.22313016014842957,0.22763768838381257,0.2322362747297586,0.23692775868212163,0.24171401689703628,0.24659696394160627,0.2515785530597563,0.25666077695355566,0.2618456685803258,0.2671353019658501,0.2725317930340124,0.27803730045319386,0.28365402649977,0.2893842179390501,0.2952301669240137,0.3011942119122015,0.30727873860113053,0.3134861808826046,0.319819021816303,0.3262797946230386,0.3328710836980787,0.33959552564493833,0.3464558103300565,0.3534546819587791,0.3605949401730773,0.3678794411714412,0.3753110988513985,0.3828928859751109,0.39062783535851986,0.3985190410845131,0.4065696597405977,0.41478291168157994,0.4231620823177472,0.43171052342907784,0.4404316545059975,0.4493289641172199,0.4584060113052216,0.467666427009907,0.4771139155210323,0.4867522559599697,0.4965853037914072,0.5066169923655875,0.516851334491697,0.5272924240430463,0.5379444375946724,0.5488116360940244,0.5598983665653999,0.571209063848813,0.5827482523739875,0.5945205479701925,0.6065306597126314,0.6187833918061392,0.6312836455069243,0.64403642108314,0.6570468198150553,0.670320046035638,0.6838614092123539,0.6976763260710298,0.7117703227626083,0.7261490370736893,0.7408182206817162,0.7557837414557235,0.7710515858035645,0.7866278610665517,0.8025187979624767,0.8187307530779798,0.8352702114112699,0.8521437889662098,0.869358235398804,0.8869204367171561,0.9048374180359582,0.9231163463866338,0.9417645335842467,0.9607894391523218,0.9801986733067538,0.9999999999999987,1.020201340026754,1.0408107741923867,1.0618365465453579,1.0832870676749569,1.1051709180756462,1.1274968515793735,1.150273798857225,1.173510870991808,1.1972173631218077,1.2214027581601679,1.246076730587379,1.2712491503214027,1.2969300866657703,1.323129812337436,1.3498588075760027,1.377127764335957,1.4049475905635942,1.4333294145603404,1.4622845894342242,1.4918246976412703
0.20597509820488347,0.21013607120076455,0.21438110142697775,0.21871188695221463,0.22313016014842968,0.2276376883838125,0.23223627472975866,0.23692775868212154,0.2417140168970364,0.24659696394160638,0.25157855305975635,0.25666077695355566,0.2618456685803258,0.2671353019658501,0.27253179303401226,0.2780373004531939,0.28365402649977006,0.2893842179390502,0.2952301669240136,0.3011942119122014,0.30727873860113064,0.31348618088260455,0.3198190218163031,0.3262797946230386,0.3328710836980786,0.3395955256449383,0.34645581033005646,0.35345468195877916,0.3605949401730772,0.3678794411714413,0.37531109885139835,0.3828928859751109,0.3906278353585199,0.3985190410845129,0.4065696597405978,0.4147829116815798,0.4231620823177474,0.43171052342907784,0.44043165450599725,0.4493289641172199,0.4584060113052216,0.4676664270099071,0.4771139155210321,0.48675225595996957,0.4965853037914075,0.5066169923655872,0.516851334491697,0.5272924240430462,0.5379444375946721,0.5488116360940244,0.5598983665654002,0.5712090638488126,0.5827482523739876,0.5945205479701923,0.6065306597126316,0.618783391806139,0.6312836455069245,0.6440364210831397,0.6570468198150554,0.6703200460356379,0.6838614092123544,0.6976763260710291,0.7117703227626084,0.7261490370736896,0.740818220681716,0.7557837414557237,0.7710515858035645,0.7866278610665515,0.8025187979624767,0.8187307530779799,0.83527021141127,0.852143788966209,0.8693582353988042,0.8869204367171558,0.9048374180359577,0.9231163463866342,0.9417645335842467,0.9607894391523214,0.9801986733067538,0.9999999999999982,1.020201340026754,1.0408107741923862,1.061836546545358,1.0832870676749562,1.1051709180756457,1.1274968515793744,1.1502737988572247,1.1735108709918078,1.197217363121808,1.2214027581601674,1.2460767305873783,1.2712491503214027,1.29693008666577,1.3231298123374355,1.3498588075760023,1.3771277643359565,1.4049475905635938,1.4333294145603406,1.4622845894342245,1.4918246976412703,1.5219615556186343
0.2101360712007648,0.2143811014269778,0.21871188695221458,0.22313016014842968,0.22763768838381246,0.2322362747297586,0.2369277586821216,0.24171401689703623,0.2465969639416063,0.25157855305975635,0.25666077695355566,0.26184566858032576,0.2671353019658502,0.2725317930340124,0.2780373004531938,0.2836540264997701,0.2893842179390503,0.29523016692401377,0.30119421191220147,0.30727873860113053,0.3134861808826046,0.31981902181630306,0.32627979462303863,0.33287108369807855,0.33959552564493806,0.34645581033005646,0.35345468195877905,0.36059494017307714,0.3678794411714412,0.37531109885139835,0.38289288597511073,0.3906278353585198,0.39851904108451286,0.4065696597405976,0.41478291168158005,0.4231620823177471,0.431710523429078,0.4404316545059974,0.4493289641172194,0.4584060113052217,0.4676664270099072,0.4771139155210323,0.4867522559599691,0.4965853037914074,0.5066169923655874,0.5168513344916967,0.5272924240430462,0.537944437594672,0.5488116360940242,0.5598983665653998,0.5712090638488129,0.5827482523739873,0.5945205479701923,0.6065306597126313,0.6187833918061391,0.631283645506924,0.6440364210831395,0.6570468198150551,0.6703200460356379,0.6838614092123544,0.6976763260710295,0.7117703227626075,0.7261490370736894,0.7408182206817163,0.7557837414557237,0.7710515858035644,0.7866278610665515,0.8025187979624765,0.8187307530779798,0.8352702114112701,0.8521437889662091,0.8693582353988035,0.8869204367171556,0.9048374180359576,0.9231163463866339,0.9417645335842469,0.960789439152321,0.980198673306753,0.9999999999999982,1.0202013400267538,1.0408107741923867,1.0618365465453572,1.0832870676749566,1.105170918075645,1.1274968515793735,1.1502737988572258,1.173510870991808,1.1972173631218075,1.2214027581601672,1.2460767305873781,1.2712491503214023,1.2969300866657698,1.3231298123374349,1.3498588075760014,1.377127764335956,1.404947590563593,1.43332941456034,1.462284589434225,1.4918246976412701,1.5219615556186332,1.5527072185113364
0.21438110142697794,0.2187118869522146,0.22313016014842962,0.2276376883838125,0.2322362747297585,0.23692775868212143,0.24171401689703625,0.24659696394160627,0.25157855305975635,0.2566607769535557,0.26184566858032576,0.2671353019658501,0.27253179303401226,0.2780373004531938,0.28365402649977006,0.2893842179390502,0.2952301669240139,0.3011942119122016,0.3072787386011305,0.3134861808826045,0.3198190218163031,0.3262797946230386,0.33287108369807866,0.339595525644938,0.34645581033005624,0.35345468195877894,0.3605949401730771,0.367879441171441,0.37531109885139824,0.38289288597511073,0.3906278353585196,0.39851904108451275,0.40656965974059767,0.41478291168157977,0.42316208231774727,0.4317105234290778,0.44043165450599725,0.4493289641172194,0.45840601130522113,0.4676664270099071,0.47711391552103216,0.4867522559599691,0.49658530379140686,0.5066169923655873,0.5168513344916968,0.5272924240430458,0.5379444375946719,0.5488116360940238,0.5598983665653997,0.5712090638488123,0.5827482523739873,0.5945205479701918,0.6065306597126313,0.6187833918061385,0.6312836455069238,0.6440364210831392,0.6570468198150549,0.6703200460356372,0.683861409212354,0.6976763260710293,0.7117703227626079,0.7261490370736884,0.7408182206817161,0.7557837414557238,0.7710515858035643,0.7866278610665511,0.802518797962476,0.8187307530779794,0.8352702114112696,0.852143788966209,0.8693582353988033,0.8869204367171548,0.9048374180359572,0.9231163463866334,0.9417645335842466,0.9607894391523212,0.9801986733067527,0.9999999999999974,1.0202013400267536,1.0408107741923855,1.0618365465453574,1.083287067674956,1.105170918075645,1.127496851579373,1.1502737988572247,1.1735108709918083,1.1972173631218075,1.221402758160167,1.246076730587378,1.2712491503214018,1.296930086665769,1.3231298123374347,1.3498588075760014,1.3771277643359554,1.4049475905635922,1.4333294145603392,1.4622845894342242,1.4918246976412701,1.5219615556186332,1.5527072185113353,1.5840739849944816
0.21871188695221475,0.2231301601484297,0.22763768838381251,0.23223627472975858,0.23692775868212143,0.24171401689703617,0.24659696394160624,0.25157855305975624,0.25666077695355566,0.2618456685803258,0.2671353019658501,0.2725317930340123,0.2780373004531939,0.2836540264997701,0.2893842179390502,0.2952301669240137,0.3011942119122016,0.3072787386011306,0.3134861808826045,0.319819021816303,0.3262797946230385,0.33287108369807855,0.33959552564493806,0.34645581033005624,0.35345468195877894,0.360594940173077,0.36787944117144095,0.3753110988513981,0.3828928859751105,0.39062783535851964,0.39851904108451247,0.40656965974059744,0.41478291168157966,0.42316208231774693,0.43171052342907784,0.44043165450599714,0.4493289641172194,0.45840601130522113,0.46766642700990674,0.4771139155210319,0.4867522559599693,0.49658530379140686,0.5066169923655868,0.5168513344916967,0.5272924240430461,0.5379444375946716,0.5488116360940238,0.5598983665653994,0.5712090638488123,0.5827482523739871,0.5945205479701918,0.6065306597126306,0.6187833918061385,0.6312836455069236,0.644036421083139,0.6570468198150544,0.670320046035637,0.6838614092123536,0.697676326071029,0.7117703227626078,0.7261490370736888,0.740818220681715,0.7557837414557236,0.7710515858035643,0.786627861066551,0.802518797962476,0.818730753077979,0.8352702114112694,0.8521437889662086,0.8693582353988033,0.8869204367171546,0.9048374180359567,0.9231163463866331,0.9417645335842459,0.960789439152321,0.9801986733067528,0.9999999999999971,1.020201340026753,1.040810774192386,1.0618365465453563,1.083287067674956,1.1051709180756446,1.127496851579373,1.1502737988572243,1.1735108709918074,1.1972173631218077,1.2214027581601667,1.2460767305873777,1.2712491503214014,1.2969300866657685,1.3231298123374335,1.3498588075760005,1.3771277643359547,1.404947590563592,1.4333294145603386,1.4622845894342231,1.4918246976412697,1.5219615556186332,1.5527072185113346,1.5840739849944807,1.616074402192893
0.22313016014842987,0.2276376883838127,0.23223627472975872,0.23692775868212165,0.2417140168970362,0.24659696394160624,0.25157855305975635,0.2566607769535557,0.2618456685803259,0.2671353019658503,0.2725317930340124,0.27803730045319397,0.28365402649977023,0.2893842179390505,0.2952301669240139,0.30119421191220175,0.3072787386011308,0.31348618088260477,0.3198190218163032,0.3262797946230387,0.33287108369807866,0.3395955256449382,0.34645581033005646,0.35345468195877905,0.360594940173077,0.3678794411714411,0.3753110988513983,0.3828928859751106,0.3906278353585197,0.39851904108451275,0.4065696597405975,0.41478291168157977,0.42316208231774716,0.4317105234290779,0.44043165450599747,0.4493289641172195,0.45840601130522146,0.4676664270099069,0.47711391552103183,0.4867522559599693,0.4965853037914072,0.5066169923655871,0.5168513344916965,0.5272924240430462,0.5379444375946721,0.5488116360940237,0.5598983665653996,0.5712090638488124,0.5827482523739873,0.5945205479701919,0.6065306597126311,0.6187833918061384,0.6312836455069238,0.6440364210831391,0.6570468198150545,0.6703200460356372,0.6838614092123538,0.6976763260710289,0.7117703227626078,0.726149037073689,0.7408182206817158,0.7557837414557229,0.7710515858035645,0.7866278610665516,0.8025187979624763,0.8187307530779795,0.8352702114112696,0.8521437889662088,0.8693582353988032,0.8869204367171553,0.9048374180359571,0.9231163463866332,0.9417645335842462,0.9607894391523206,0.9801986733067531,0.9999999999999977,1.0202013400267531,1.0408107741923855,1.0618365465453574,1.0832870676749555,1.105170918075645,1.1274968515793726,1.1502737988572247,1.1735108709918072,1.1972173631218075,1.2214027581601676,1.2460767305873781,1.271249150321402,1.2969300866657691,1.3231298123374344,1.3498588075760007,1.3771277643359552,1.4049475905635922,1.4333294145603392,1.4622845894342233,1.4918246976412695,1.5219615556186337,1.5527072185113362,1.5840739849944812,1.6160744021928928,1.6487212707001284
0.22763768838381276,0.23223627472975888,0.2369277586821217,0.24171401689703634,0.24659696394160627,0.2515785530597563,0.2566607769535557,0.2618456685803258,0.2671353019658502,0.27253179303401254,0.2780373004531939,0.28365402649977023,0.28938421793905056,0.2952301669240141,0.3011942119122018,0.3072787386011308,0.3134861808826048,0.3198190218163034,0.32627979462303874,0.3328710836980787,0.3395955256449382,0.3464558103300564,0.3534546819587791,0.3605949401730772,0.367879441171441,0.3753110988513983,0.38289288597511073,0.3906278353585195,0.39851904108451275,0.40656965974059756,0.41478291168157966,0.4231620823177471,0.4317105234290779,0.44043165450599725,0.4493289641172196,0.45840601130522135,0.46766642700990696,0.47711391552103194,0.48675225595996896,0.49658530379140703,0.5066169923655871,0.5168513344916965,0.5272924240430458,0.5379444375946721,0.5488116360940241,0.5598983665653994,0.5712090638488124,0.5827482523739872,0.5945205479701922,0.6065306597126309,0.6187833918061385,0.6312836455069236,0.6440364210831392,0.6570468198150544,0.6703200460356369,0.6838614092123536,0.6976763260710289,0.7117703227626074,0.7261490370736887,0.740818220681716,0.7557837414557231,0.7710515858035637,0.7866278610665516,0.8025187979624765,0.8187307530779795,0.8352702114112693,0.8521437889662086,0.8693582353988032,0.8869204367171546,0.9048374180359573,0.9231163463866332,0.9417645335842462,0.9607894391523206,0.9801986733067526,0.9999999999999978,1.0202013400267533,1.0408107741923853,1.0618365465453568,1.0832870676749562,1.1051709180756444,1.1274968515793726,1.150273798857224,1.1735108709918072,1.197217363121807,1.2214027581601672,1.2460767305873783,1.2712491503214023,1.2969300866657694,1.323129812337434,1.3498588075760005,1.377127764335955,1.404947590563592,1.4333294145603384,1.4622845894342236,1.4918246976412692,1.521961555618633,1.5527072185113355,1.584073984994482,1.6160744021928926,1.6487212707001282,1.6820276496988866
0.2322362747297588,0.23692775868212176,0.24171401689703637,0.24659696394160632,0.25157855305975624,0.25666077695355555,0.2618456685803258,0.2671353019658501,0.2725317930340125,0.278037300453194,0.28365402649977023,0.28938421793905056,0.295230166924014,0.30119421191220197,0.3072787386011308,0.31348618088260494,0.3198190218163033,0.32627979462303885,0.3328710836980787,0.3395955256449382,0.3464558103300563,0.3534546819587791,0.3605949401730771,0.36787944117144117,0.37531109885139813,0.3828928859751106,0.3906278353585197,0.3985190410845126,0.40656965974059756,0.4147829116815797,0.42316208231774693,0.4317105234290779,0.44043165450599736,0.44932896411721945,0.4584060113052214,0.4676664270099068,0.477113915521032,0.48675225595996907,0.49658530379140664,0.5066169923655869,0.5168513344916966,0.5272924240430458,0.5379444375946715,0.548811636094024,0.5598983665653996,0.5712090638488121,0.582748252373987,0.5945205479701915,0.606530659712631,0.6187833918061384,0.6312836455069235,0.6440364210831385,0.6570468198150543,0.6703200460356368,0.6838614092123534,0.6976763260710287,0.7117703227626074,0.7261490370736884,0.7408182206817154,0.755783741455723,0.7710515858035636,0.7866278610665502,0.8025187979624763,0.8187307530779795,0.8352702114112694,0.8521437889662083,0.8693582353988031,0.8869204367171546,0.9048374180359565,0.9231163463866333,0.9417645335842459,0.9607894391523203,0.9801986733067523,0.999999999999997,1.0202013400267533,1.0408107741923853,1.0618365465453565,1.0832870676749553,1.1051709180756446,1.1274968515793715,1.1502737988572243,1.1735108709918067,1.1972173631218068,1.221402758160166,1.246076730587378,1.2712491503214016,1.2969300866657687,1.323129812337434,1.3498588075760003,1.3771277643359543,1.4049475905635915,1.4333294145603381,1.4622845894342227,1.4918246976412695,1.5219615556186326,1.552707218511335,1.5840739849944814,1.6160744021928932,1.6487212707001269,1.6820276496988857,1.7160068621848583
0.2369277586821218,0.24171401689703648,0.24659696394160646,0.2515785530597564,0.25666077695355566,0.26184566858032576,0.26713530196585017,0.27253179303401237,0.27803730045319397,0.2836540264997703,0.2893842179390505,0.29523016692401405,0.30119421191220197,0.3072787386011312,0.31348618088260505,0.31981902181630345,0.32627979462303897,0.33287108369807894,0.3395955256449384,0.3464558103300566,0.3534546819587791,0.3605949401730773,0.36787944117144117,0.3753110988513984,0.3828928859751105,0.3906278353585197,0.39851904108451275,0.4065696597405976,0.4147829116815798,0.4231620823177472,0.4317105234290779,0.4404316545059976,0.44932896411721973,0.45840601130522146,0.4676664270099071,0.477113915521032,0.48675225595996924,0.49658530379140686,0.5066169923655868,0.5168513344916965,0.527292424043046,0.5379444375946718,0.5488116360940235,0.5598983665653996,0.5712090638488124,0.582748252373987,0.5945205479701916,0.606530659712631,0.6187833918061385,0.6312836455069235,0.644036421083139,0.6570468198150541,0.670320046035637,0.6838614092123535,0.6976763260710285,0.7117703227626073,0.7261490370736886,0.7408182206817153,0.7557837414557228,0.7710515858035639,0.7866278610665507,0.8025187979624756,0.8187307530779795,0.8352702114112696,0.8521437889662089,0.8693582353988029,0.8869204367171549,0.9048374180359567,0.9231163463866326,0.9417645335842464,0.9607894391523204,0.9801986733067527,0.9999999999999973,1.020201340026753,1.040810774192386,1.0618365465453568,1.0832870676749553,1.1051709180756444,1.1274968515793728,1.1502737988572234,1.173510870991807,1.1972173631218066,1.2214027581601667,1.2460767305873772,1.2712491503214018,1.2969300866657687,1.3231298123374342,1.3498588075760005,1.377127764335954,1.4049475905635918,1.4333294145603381,1.4622845894342227,1.4918246976412692,1.5219615556186328,1.5527072185113346,1.584073984994481,1.6160744021928934,1.6487212707001278,1.6820276496988857,1.716006862184858,1.750672500296101
0.24171401689703645,0.24659696394160646,0.2515785530597565,0.25666077695355577,0.2618456685803257,0.2671353019658501,0.2725317930340124,0.2780373004531939,0.2836540264997702,0.28938421793905045,0.295230166924014,0.3011942119122019,0.30727873860113103,0.3134861808826052,0.31981902181630345,0.32627979462303897,0.332871083698079,0.33959552564493833,0.3464558103300566,0.35345468195877927,0.3605949401730771,0.3678794411714411,0.37531109885139824,0.3828928859751108,0.39062783535851964,0.3985190410845127,0.4065696597405976,0.41478291168157966,0.4231620823177471,0.4317105234290779,0.44043165450599725,0.44932896411721956,0.4584060113052213,0.4676664270099069,0.4771139155210321,0.48675225595996907,0.4965853037914069,0.5066169923655869,0.5168513344916962,0.5272924240430455,0.5379444375946718,0.5488116360940234,0.5598983665653988,0.5712090638488123,0.582748252373987,0.5945205479701915,0.6065306597126309,0.6187833918061383,0.6312836455069234,0.6440364210831389,0.6570468198150541,0.6703200460356364,0.6838614092123535,0.6976763260710284,0.711770322762607,0.7261490370736883,0.7408182206817151,0.7557837414557227,0.7710515858035636,0.7866278610665508,0.8025187979624756,0.8187307530779786,0.8352702114112693,0.8521437889662087,0.8693582353988031,0.8869204367171544,0.9048374180359565,0.9231163463866328,0.9417645335842452,0.9607894391523207,0.9801986733067526,0.9999999999999969,1.0202013400267527,1.0408107741923849,1.0618365465453568,1.0832870676749555,1.1051709180756444,1.127496851579372,1.150273798857224,1.1735108709918058,1.1972173631218062,1.2214027581601659,1.2460767305873774,1.2712491503214007,1.2969300866657683,1.3231298123374335,1.3498588075759999,1.3771277643359545,1.4049475905635909,1.433329414560338,1.462284589434223,1.4918246976412688,1.5219615556186323,1.5527072185113344,1.58407398499448,1.6160744021928926,1.6487212707001275,1.682027649698886,1.7160068621848574,1.750672500296101,1.7860384307500738
0.2465969639416065,0.2515785530597565,0.25666077695355577,0.2618456685803259,0.26713530196585006,0.27253179303401226,0.2780373004531938,0.2836540264997702,0.2893842179390504,0.295230166924014,0.30119421191220175,0.3072787386011309,0.3134861808826051,0.3198190218163038,0.326279794623039,0.332871083698079,0.3395955256449386,0.3464558103300566,0.3534546819587794,0.36059494017307736,0.3678794411714411,0.37531109885139835,0.3828928859751107,0.3906278353585197,0.3985190410845125,0.40656965974059756,0.4147829116815798,0.423162082317747,0.431710523429078,0.4404316545059973,0.44932896411721945,0.4584060113052216,0.4676664270099069,0.477113915521032,0.4867522559599693,0.496585303791407,0.506616992365587,0.5168513344916963,0.5272924240430453,0.5379444375946714,0.5488116360940235,0.5598983665653988,0.5712090638488118,0.582748252373987,0.5945205479701915,0.6065306597126305,0.6187833918061381,0.6312836455069232,0.6440364210831386,0.657046819815054,0.6703200460356366,0.683861409212353,0.6976763260710286,0.7117703227626069,0.7261490370736879,0.7408182206817151,0.7557837414557227,0.7710515858035631,0.7866278610665502,0.8025187979624755,0.8187307530779785,0.8352702114112687,0.8521437889662086,0.8693582353988029,0.8869204367171544,0.9048374180359562,0.9231163463866326,0.9417645335842453,0.9607894391523197,0.9801986733067529,0.9999999999999971,1.0202013400267527,1.040810774192385,1.0618365465453563,1.0832870676749553,1.1051709180756444,1.1274968515793722,1.1502737988572234,1.1735108709918072,1.1972173631218057,1.2214027581601659,1.2460767305873768,1.2712491503214007,1.2969300866657676,1.3231298123374335,1.3498588075759994,1.3771277643359536,1.4049475905635913,1.4333294145603372,1.4622845894342222,1.491824697641268,1.521961555618632,1.5527072185113338,1.5840739849944805,1.6160744021928914,1.6487212707001269,1.6820276496988857,1.7160068621848574,1.7506725002960999,1.7860384307500734,1.8221188003905087
0.2515785530597565,0.25666077695355594,0.26184566858032593,0.2671353019658503,0.2725317930340123,0.2780373004531938,0.2836540264997702,0.28938421793905045,0.29523016692401405,0.30119421191220186,0.3072787386011309,0.31348618088260516,0.3198190218163037,0.3262797946230393,0.3328710836980791,0.3395955256449386,0.3464558103300569,0.3534546819587794,0.3605949401730775,0.36787944117144145,0.37531109885139835,0.3828928859751109,0.39062783535851986,0.3985190410845128,0.4065696597405975,0.4147829116815799,0.42316208231774743,0.4317105234290779,0.4404316545059976,0.4493289641172196,0.4584060113052215,0.4676664270099072,0.4771139155210321,0.4867522559599692,0.49658530379140703,0.5066169923655869,0.5168513344916966,0.5272924240430457,0.5379444375946714,0.5488116360940233,0.5598983665653992,0.5712090638488118,0.5827482523739864,0.5945205479701914,0.6065306597126308,0.6187833918061381,0.6312836455069232,0.6440364210831385,0.6570468198150541,0.6703200460356368,0.6838614092123533,0.6976763260710281,0.7117703227626073,0.7261490370736882,0.7408182206817151,0.7557837414557227,0.7710515858035634,0.7866278610665502,0.8025187979624753,0.8187307530779789,0.8352702114112689,0.8521437889662081,0.869358235398803,0.8869204367171545,0.9048374180359564,0.9231163463866321,0.9417645335842456,0.9607894391523197,0.9801986733067519,0.9999999999999978,1.0202013400267531,1.0408107741923849,1.0618365465453568,1.0832870676749553,1.1051709180756444,1.1274968515793726,1.1502737988572236,1.1735108709918065,1.1972173631218068,1.2214027581601656,1.246076730587377,1.2712491503214005,1.2969300866657683,1.3231298123374327,1.3498588075759999,1.377127764335953,1.4049475905635906,1.4333294145603372,1.4622845894342216,1.4918246976412686,1.5219615556186321,1.552707218511334,1.5840739849944798,1.616074402192892,1.6487212707001264,1.6820276496988849,1.7160068621848574,1.7506725002961012,1.7860384307500727,1.8221188003905098,1.8589280418463425
0.2566607769535558,0.26184566858032593,0.26713530196585017,0.2725317930340124,0.2780373004531937,0.2836540264997699,0.2893842179390502,0.29523016692401377,0.30119421191220175,0.30727873860113086,0.3134861808826049,0.3198190218163035,0.3262797946230392,0.3328710836980793,0.3395955256449385,0.34645581033005685,0.3534546819587794,0.36059494017307736,0.36787944117144133,0.37531109885139846,0.3828928859751106,0.39062783535851975,0.39851904108451264,0.40656965974059767,0.41478291168157955,0.42316208231774716,0.43171052342907806,0.4404316545059972,0.4493289641172197,0.4584060113052214,0.4676664270099069,0.47711391552103216,0.4867522559599692,0.49658530379140686,0.506616992365587,0.5168513344916964,0.5272924240430455,0.5379444375946714,0.548811636094023,0.5598983665653986,0.5712090638488118,0.5827482523739864,0.5945205479701909,0.6065306597126302,0.618783391806138,0.6312836455069228,0.6440364210831383,0.6570468198150539,0.6703200460356362,0.683861409212353,0.6976763260710283,0.7117703227626067,0.7261490370736883,0.7408182206817147,0.7557837414557226,0.7710515858035633,0.7866278610665504,0.8025187979624749,0.8187307530779783,0.8352702114112688,0.8521437889662078,0.8693582353988019,0.8869204367171541,0.9048374180359561,0.9231163463866322,0.9417645335842448,0.9607894391523201,0.9801986733067517,0.9999999999999961,1.020201340026753,1.0408107741923849,1.061836546545356,1.0832870676749553,1.1051709180756437,1.1274968515793722,1.1502737988572238,1.1735108709918063,1.1972173631218057,1.2214027581601659,1.2460767305873761,1.2712491503214,1.296930086665767,1.3231298123374324,1.3498588075759985,1.3771277643359532,1.4049475905635898,1.4333294145603366,1.4622845894342211,1.491824697641267,1.521961555618632,1.5527072185113335,1.5840739849944794,1.6160744021928912,1.6487212707001258,1.682027649698884,1.7160068621848559,1.7506725002960999,1.7860384307500723,1.8221188003905076,1.8589280418463423,1.896480879304951
0.261845668580326,0.26713530196585017,0.27253179303401237,0.27803730045319386,0.28365402649976995,0.2893842179390502,0.29523016692401377,0.30119421191220175,0.3072787386011308,0.313486180882605,0.3198190218163034,0.32627979462303913,0.3328710836980792,0.33959552564493883,0.3464558103300569,0.3534546819587795,0.36059494017307764,0.36787944117144133,0.37531109885139863,0.38289288597511095,0.39062783535851964,0.39851904108451286,0.40656965974059767,0.41478291168157977,0.42316208231774705,0.4317105234290779,0.44043165450599764,0.4493289641172197,0.45840601130522163,0.4676664270099069,0.47711391552103205,0.48675225595996935,0.49658530379140686,0.5066169923655869,0.5168513344916966,0.5272924240430455,0.5379444375946716,0.5488116360940233,0.5598983665653987,0.5712090638488113,0.5827482523739866,0.594520547970191,0.60653065971263,0.6187833918061374,0.631283645506923,0.6440364210831382,0.6570468198150538,0.6703200460356361,0.6838614092123527,0.6976763260710281,0.7117703227626068,0.7261490370736876,0.7408182206817152,0.7557837414557224,0.771051585803563,0.7866278610665502,0.8025187979624752,0.8187307530779785,0.8352702114112682,0.8521437889662078,0.8693582353988021,0.8869204367171538,0.9048374180359563,0.9231163463866319,0.9417645335842448,0.9607894391523195,0.9801986733067517,0.9999999999999961,1.0202013400267522,1.0408107741923853,1.0618365465453563,1.0832870676749546,1.1051709180756442,1.1274968515793722,1.1502737988572234,1.1735108709918065,1.1972173631218062,1.2214027581601652,1.2460767305873763,1.2712491503214,1.2969300866657671,1.3231298123374324,1.3498588075759987,1.3771277643359525,1.40494759056359,1.4333294145603361,1.4622845894342213,1.4918246976412668,1.5219615556186303,1.5527072185113338,1.5840739849944792,1.616074402192891,1.648721270700126,1.6820276496988842,1.7160068621848557,1.7506725002960999,1.7860384307500716,1.8221188003905076,1.85892804184634,1.8964808793049521,1.9347923344020317
0.2671353019658504,0.2725317930340124,0.2780373004531939,0.2836540264997701,0.2893842179390502,0.29523016692401377,0.30119421191220164,0.3072787386011308,0.3134861808826049,0.3198190218163035,0.3262797946230389,0.33287108369807905,0.3395955256449387,0.3464558103300572,0.35345468195877966,0.3605949401730777,0.36787944117144167,0.3753110988513986,0.3828928859751111,0.39062783535852,0.3985190410845128,0.4065696597405978,0.41478291168158,0.42316208231774727,0.4317105234290779,0.44043165450599764,0.4493289641172199,0.45840601130522146,0.46766642700990735,0.47711391552103216,0.48675225595996924,0.4965853037914073,0.5066169923655871,0.5168513344916965,0.5272924240430458,0.5379444375946717,0.5488116360940235,0.559898366565399,0.5712090638488115,0.5827482523739863,0.5945205479701913,0.60653065971263,0.6187833918061374,0.6312836455069226,0.6440364210831383,0.6570468198150538,0.6703200460356361,0.6838614092123525,0.6976763260710279,0.7117703227626067,0.7261490370736878,0.7408182206817148,0.7557837414557228,0.7710515858035631,0.7866278610665505,0.8025187979624754,0.8187307530779784,0.8352702114112684,0.8521437889662077,0.8693582353988024,0.886920436717154,0.9048374180359557,0.9231163463866322,0.941764533584245,0.9607894391523196,0.9801986733067516,0.9999999999999966,1.020201340026752,1.0408107741923844,1.0618365465453568,1.0832870676749553,1.105170918075644,1.1274968515793722,1.1502737988572236,1.1735108709918063,1.1972173631218064,1.2214027581601656,1.2460767305873763,1.2712491503214005,1.2969300866657674,1.3231298123374324,1.349858807575999,1.3771277643359525,1.4049475905635895,1.4333294145603364,1.4622845894342198,1.4918246976412668,1.5219615556186301,1.5527072185113324,1.5840739849944798,1.6160744021928906,1.6487212707001255,1.6820276496988844,1.716006862184856,1.7506725002960983,1.7860384307500714,1.822118800390507,1.8589280418463403,1.8964808793049501,1.9347923344020324,1.973877732230448
0.27253179303401254,0.27803730045319386,0.28365402649977,0.28938421793905034,0.29523016692401366,0.30119421191220147,0.3072787386011307,0.31348618088260466,0.3198190218163034,0.3262797946230389,0.3328710836980788,0.3395955256449386,0.34645581033005696,0.3534546819587796,0.3605949401730776,0.36787944117144167,0.37531109885139863,0.38289288597511106,0.39062783535852014,0.39851904108451297,0.4065696597405976,0.4147829116815798,0.42316208231774716,0.431710523429078,0.4404316545059973,0.4493289641172196,0.4584060113052217,0.46766642700990696,0.4771139155210322,0.4867522559599692,0.4965853037914071,0.5066169923655871,0.5168513344916964,0.5272924240430455,0.5379444375946717,0.5488116360940234,0.5598983665653989,0.5712090638488115,0.582748252373986,0.5945205479701908,0.60653065971263,0.6187833918061371,0.6312836455069223,0.6440364210831377,0.6570468198150534,0.6703200460356358,0.6838614092123525,0.6976763260710275,0.7117703227626063,0.7261490370736875,0.7408182206817147,0.7557837414557219,0.7710515858035633,0.7866278610665499,0.8025187979624753,0.8187307530779783,0.8352702114112682,0.8521437889662076,0.8693582353988019,0.8869204367171537,0.9048374180359556,0.9231163463866318,0.9417645335842448,0.960789439152319,0.9801986733067513,0.9999999999999959,1.0202013400267518,1.040810774192384,1.0618365465453554,1.0832870676749553,1.105170918075644,1.1274968515793717,1.150273798857224,1.1735108709918056,1.1972173631218062,1.2214027581601656,1.2460767305873766,1.2712491503213996,1.2969300866657671,1.323129812337432,1.3498588075759983,1.3771277643359523,1.4049475905635889,1.4333294145603352,1.4622845894342205,1.4918246976412655,1.5219615556186294,1.5527072185113322,1.5840739849944778,1.6160744021928906,1.6487212707001249,1.6820276496988837,1.7160068621848559,1.7506725002960977,1.78603843075007,1.8221188003905067,1.85892804184634,1.8964808793049492,1.9347923344020301,1.973877732230448,2.0137527074704766
0.2780373004531941,0.28365402649977006,0.28938421793905017,0.2952301669240139,0.3011942119122015,0.3072787386011306,0.3134861808826047,0.31981902181630323,0.3262797946230388,0.3328710836980789,0.33959552564493845,0.34645581033005673,0.3534546819587796,0.3605949401730777,0.3678794411714415,0.3753110988513988,0.38289288597511123,0.39062783535851997,0.398519041084513,0.40656965974059794,0.4147829116815799,0.42316208231774727,0.43171052342907806,0.4404316545059976,0.4493289641172197,0.45840601130522163,0.4676664270099074,0.47711391552103194,0.4867522559599694,0.4965853037914069,0.506616992365587,0.5168513344916968,0.5272924240430455,0.5379444375946715,0.5488116360940237,0.559898366565399,0.5712090638488118,0.5827482523739861,0.5945205479701907,0.6065306597126298,0.6187833918061373,0.6312836455069222,0.6440364210831375,0.657046819815053,0.6703200460356358,0.6838614092123522,0.6976763260710275,0.7117703227626062,0.7261490370736874,0.7408182206817144,0.7557837414557221,0.7710515858035628,0.7866278610665502,0.8025187979624749,0.8187307530779785,0.8352702114112686,0.852143788966208,0.869358235398802,0.8869204367171536,0.9048374180359555,0.923116346386632,0.9417645335842446,0.9607894391523193,0.9801986733067508,0.9999999999999954,1.020201340026752,1.040810774192384,1.0618365465453556,1.0832870676749546,1.1051709180756442,1.1274968515793717,1.150273798857223,1.1735108709918063,1.197217363121806,1.2214027581601654,1.2460767305873766,1.2712491503213998,1.296930086665767,1.3231298123374322,1.349858807575998,1.3771277643359519,1.4049475905635889,1.4333294145603355,1.4622845894342191,1.491824697641266,1.521961555618629,1.5527072185113315,1.5840739849944774,1.6160744021928892,1.6487212707001246,1.6820276496988833,1.7160068621848557,1.750672500296098,1.7860384307500696,1.8221188003905056,1.8589280418463399,1.8964808793049492,1.9347923344020288,1.9738777322304462,2.013752707470477,2.0544332106438876
0.2836540264997703,0.2893842179390503,0.2952301669240137,0.3011942119122017,0.30727873860113064,0.31348618088260466,0.3198190218163032,0.32627979462303874,0.3328710836980788,0.33959552564493845,0.3464558103300566,0.3534546819587796,0.36059494017307764,0.36787944117144167,0.37531109885139874,0.3828928859751112,0.3906278353585202,0.3985190410845131,0.4065696597405979,0.4147829116815801,0.4231620823177474,0.4317105234290782,0.4404316545059975,0.4493289641172197,0.4584060113052214,0.46766642700990707,0.4771139155210324,0.4867522559599694,0.49658530379140714,0.506616992365587,0.5168513344916966,0.5272924240430461,0.5379444375946714,0.5488116360940234,0.5598983665653989,0.5712090638488118,0.5827482523739863,0.5945205479701909,0.6065306597126296,0.6187833918061371,0.6312836455069224,0.6440364210831375,0.6570468198150529,0.6703200460356352,0.6838614092123524,0.6976763260710274,0.7117703227626061,0.7261490370736873,0.7408182206817141,0.755783741455722,0.7710515858035627,0.7866278610665495,0.802518797962475,0.8187307530779782,0.8352702114112686,0.8521437889662078,0.8693582353988021,0.8869204367171535,0.9048374180359555,0.9231163463866319,0.9417645335842448,0.9607894391523188,0.9801986733067515,0.9999999999999957,1.0202013400267518,1.040810774192384,1.0618365465453554,1.0832870676749542,1.1051709180756435,1.127496851579372,1.1502737988572231,1.1735108709918054,1.1972173631218064,1.2214027581601654,1.2460767305873763,1.2712491503214003,1.2969300866657667,1.3231298123374318,1.3498588075759979,1.377127764335952,1.4049475905635886,1.4333294145603348,1.4622845894342194,1.4918246976412652,1.5219615556186292,1.5527072185113313,1.5840739849944772,1.6160744021928892,1.6487212707001235,1.6820276496988829,1.7160068621848545,1.7506725002960977,1.7860384307500705,1.8221188003905051,1.858928041846339,1.8964808793049484,1.934792334402029,1.9738777322304455,2.0137527074704753,2.0544332106438876,2.0959355144943643
0.28938421793905045,0.29523016692401366,0.30119421191220136,0.30727873860113064,0.31348618088260455,0.319819021816303,0.3262797946230386,0.3328710836980787,0.3395955256449382,0.3464558103300565,0.35345468195877916,0.36059494017307736,0.36787944117144145,0.3753110988513987,0.38289288597511095,0.3906278353585201,0.3985190410845132,0.4065696597405977,0.41478291168158,0.42316208231774727,0.43171052342907795,0.44043165450599747,0.4493289641172195,0.45840601130522135,0.46766642700990707,0.477113915521032,0.48675225595996935,0.4965853037914068,0.5066169923655869,0.5168513344916963,0.5272924240430457,0.5379444375946716,0.5488116360940231,0.5598983665653986,0.5712090638488115,0.5827482523739862,0.5945205479701908,0.6065306597126296,0.6187833918061368,0.6312836455069218,0.6440364210831375,0.6570468198150524,0.670320046035635,0.6838614092123515,0.6976763260710269,0.7117703227626054,0.7261490370736867,0.7408182206817137,0.7557837414557212,0.7710515858035624,0.7866278610665495,0.8025187979624744,0.8187307530779783,0.835270211411268,0.8521437889662076,0.8693582353988017,0.8869204367171534,0.9048374180359551,0.9231163463866313,0.9417645335842445,0.9607894391523187,0.9801986733067506,0.9999999999999954,1.020201340026751,1.0408107741923833,1.061836546545355,1.0832870676749538,1.1051709180756426,1.127496851579371,1.1502737988572227,1.1735108709918054,1.197217363121805,1.2214027581601656,1.2460767305873757,1.2712491503213992,1.2969300866657667,1.3231298123374315,1.3498588075759972,1.3771277643359514,1.4049475905635882,1.4333294145603344,1.4622845894342185,1.4918246976412641,1.5219615556186277,1.5527072185113306,1.5840739849944758,1.6160744021928874,1.6487212707001224,1.682027649698881,1.7160068621848539,1.7506725002960961,1.7860384307500694,1.8221188003905051,1.8589280418463368,1.896480879304947,1.9347923344020272,1.9738777322304437,2.0137527074704735,2.054433210643885,2.0959355144943643,2.1382762204968175
0.2952301669240141,0.30119421191220164,0.3072787386011307,0.31348618088260477,0.3198190218163032,0.3262797946230387,0.3328710836980788,0.3395955256449383,0.3464558103300565,0.3534546819587792,0.3605949401730774,0.3678794411714414,0.3753110988513988,0.3828928859751113,0.3906278353585201,0.39851904108451325,0.40656965974059817,0.41478291168158016,0.4231620823177476,0.43171052342907823,0.44043165450599764,0.4493289641172199,0.4584060113052217,0.46766642700990724,0.4771139155210321,0.4867522559599694,0.4965853037914072,0.5066169923655872,0.5168513344916966,0.5272924240430455,0.5379444375946718,0.5488116360940238,0.5598983665653988,0.5712090638488116,0.5827482523739864,0.594520547970191,0.6065306597126302,0.6187833918061373,0.6312836455069221,0.6440364210831376,0.6570468198150531,0.6703200460356352,0.6838614092123517,0.6976763260710266,0.7117703227626059,0.7261490370736869,0.7408182206817138,0.7557837414557212,0.7710515858035624,0.7866278610665497,0.8025187979624747,0.8187307530779779,0.8352702114112688,0.8521437889662077,0.8693582353988025,0.8869204367171538,0.9048374180359559,0.9231163463866319,0.9417645335842445,0.9607894391523191,0.9801986733067513,0.9999999999999956,1.0202013400267516,1.0408107741923835,1.061836546545355,1.0832870676749542,1.105170918075643,1.1274968515793715,1.1502737988572234,1.1735108709918058,1.1972173631218057,1.2214027581601647,1.2460767305873766,1.2712491503213996,1.296930086665767,1.3231298123374327,1.3498588075759979,1.3771277643359519,1.4049475905635886,1.433329414560335,1.462284589434219,1.491824697641265,1.521961555618628,1.5527072185113306,1.584073984994477,1.616074402192888,1.6487212707001226,1.6820276496988809,1.716006862184853,1.7506725002960966,1.7860384307500687,1.8221188003905053,1.858928041846338,1.8964808793049468,1.9347923344020277,1.9738777322304448,2.0137527074704735,2.054433210643885,2.095935514494362,2.1382762204968184,2.181472265498201
0.3011942119122022,0.30727873860113086,0.3134861808826048,0.31981902181630345,0.3262797946230389,0.3328710836980788,0.33959552564493833,0.34645581033005657,0.3534546819587794,0.3605949401730774,0.36787944117144145,0.37531109885139874,0.38289288597511123,0.39062783535852025,0.3985190410845133,0.4065696597405983,0.4147829116815805,0.42316208231774766,0.43171052342907845,0.44043165450599786,0.4493289641172202,0.458406011305222,0.46766642700990757,0.47711391552103244,0.48675225595996957,0.4965853037914073,0.5066169923655873,0.516851334491697,0.527292424043046,0.5379444375946718,0.5488116360940237,0.5598983665653994,0.5712090638488118,0.5827482523739865,0.5945205479701915,0.6065306597126303,0.6187833918061375,0.6312836455069224,0.6440364210831374,0.6570468198150531,0.6703200460356356,0.6838614092123518,0.6976763260710269,0.7117703227626054,0.7261490370736873,0.7408182206817139,0.7557837414557215,0.7710515858035623,0.7866278610665495,0.802518797962475,0.8187307530779783,0.8352702114112681,0.8521437889662082,0.8693582353988023,0.8869204367171544,0.904837418035956,0.9231163463866319,0.9417645335842451,0.9607894391523194,0.9801986733067517,0.9999999999999966,1.0202013400267518,1.0408107741923847,1.0618365465453552,1.0832870676749542,1.1051709180756435,1.1274968515793715,1.1502737988572227,1.1735108709918063,1.197217363121806,1.2214027581601654,1.246076730587376,1.2712491503214007,1.2969300866657671,1.323129812337432,1.3498588075759987,1.377127764335952,1.4049475905635889,1.4333294145603352,1.4622845894342196,1.491824697641265,1.521961555618629,1.5527072185113304,1.5840739849944767,1.6160744021928888,1.648721270700123,1.6820276496988813,1.7160068621848534,1.750672500296096,1.786038430750069,1.8221188003905051,1.8589280418463383,1.8964808793049477,1.9347923344020275,1.9738777322304444,2.0137527074704735,2.0544332106438854,2.0959355144943626,2.138276220496817,2.181472265498201,2.225540928492468
0.30727873860113114,0.31348618088260477,0.31981902181630323,0.32627979462303885,0.33287108369807883,0.3395955256449382,0.3464558103300565,0.35345468195877916,0.36059494017307714,0.3678794411714412,0.37531109885139846,0.3828928859751109,0.39062783535852014,0.3985190410845131,0.406569659740598,0.41478291168158044,0.4231620823177477,0.4317105234290783,0.4404316545059978,0.4493289641172199,0.4584060113052218,0.4676664270099074,0.4771139155210324,0.4867522559599693,0.49658530379140714,0.5066169923655872,0.5168513344916968,0.5272924240430459,0.5379444375946718,0.5488116360940235,0.559898366565399,0.571209063848812,0.5827482523739862,0.594520547970191,0.6065306597126299,0.6187833918061375,0.6312836455069224,0.6440364210831377,0.6570468198150528,0.6703200460356352,0.6838614092123517,0.6976763260710267,0.7117703227626051,0.7261490370736864,0.7408182206817134,0.755783741455721,0.771051585803562,0.7866278610665488,0.802518797962474,0.8187307530779777,0.8352702114112679,0.8521437889662072,0.8693582353988022,0.8869204367171535,0.904837418035956,0.9231163463866318,0.9417645335842444,0.9607894391523192,0.980198673306751,0.9999999999999958,1.0202013400267518,1.0408107741923838,1.0618365465453552,1.0832870676749538,1.1051709180756424,1.1274968515793713,1.150273798857222,1.1735108709918054,1.1972173631218057,1.221402758160165,1.246076730587376,1.2712491503213992,1.2969300866657674,1.3231298123374315,1.3498588075759976,1.377127764335952,1.4049475905635882,1.4333294145603346,1.4622845894342185,1.4918246976412646,1.5219615556186277,1.5527072185113302,1.5840739849944754,1.6160744021928872,1.6487212707001229,1.6820276496988804,1.7160068621848523,1.7506725002960948,1.7860384307500676,1.822118800390503,1.858928041846337,1.896480879304947,1.934792334402027,1.9738777322304426,2.0137527074704717,2.0544332106438845,2.0959355144943603,2.138276220496815,2.181472265498199,2.225540928492467,2.2704998375324057
0.31348618088260516,0.3198190218163034,0.3262797946230388,0.33287108369807894,0.3395955256449384,0.3464558103300564,0.3534546819587791,0.36059494017307714,0.36787944117144117,0.37531109885139846,0.3828928859751108,0.3906278353585199,0.39851904108451314,0.40656965974059806,0.4147829116815801,0.4231620823177476,0.4317105234290786,0.4404316545059977,0.44932896411722006,0.45840601130522185,0.4676664270099075,0.4771139155210326,0.4867522559599695,0.49658530379140703,0.5066169923655871,0.5168513344916968,0.5272924240430461,0.5379444375946717,0.5488116360940235,0.559898366565399,0.5712090638488118,0.5827482523739865,0.5945205479701909,0.60653065971263,0.6187833918061374,0.6312836455069225,0.6440364210831377,0.6570468198150529,0.6703200460356349,0.6838614092123517,0.6976763260710268,0.7117703227626051,0.7261490370736862,0.7408182206817133,0.7557837414557209,0.7710515858035618,0.7866278610665488,0.8025187979624737,0.8187307530779774,0.8352702114112678,0.852143788966207,0.8693582353988016,0.8869204367171537,0.9048374180359554,0.9231163463866319,0.9417645335842444,0.9607894391523192,0.9801986733067515,0.9999999999999958,1.0202013400267516,1.0408107741923838,1.0618365465453543,1.0832870676749542,1.1051709180756428,1.1274968515793704,1.1502737988572225,1.173510870991805,1.1972173631218053,1.2214027581601654,1.246076730587376,1.2712491503213998,1.2969300866657663,1.3231298123374322,1.3498588075759976,1.3771277643359516,1.4049475905635886,1.4333294145603348,1.462284589434219,1.4918246976412641,1.5219615556186277,1.5527072185113295,1.5840739849944758,1.6160744021928861,1.6487212707001215,1.6820276496988804,1.716006862184852,1.750672500296094,1.7860384307500667,1.8221188003905022,1.8589280418463359,1.896480879304946,1.934792334402027,1.9738777322304424,2.0137527074704713,2.0544332106438827,2.0959355144943608,2.138276220496815,2.1814722654981975,2.225540928492465,2.270499837532405,2.316366976781092
0.3198190218163039,0.326279794623039,0.3328710836980789,0.33959552564493856,0.34645581033005673,0.35345468195877927,0.36059494017307725,0.3678794411714412,0.37531109885139835,0.382892885975111,0.39062783535851986,0.39851904108451297,0.406569659740598,0.4147829116815801,0.4231620823177477,0.4317105234290784,0.440431654505998,0.44932896411722006,0.458406011305222,0.46766642700990746,0.47711391552103255,0.4867522559599697,0.4965853037914072,0.5066169923655871,0.5168513344916966,0.5272924240430462,0.537944437594672,0.5488116360940235,0.559898366565399,0.5712090638488116,0.5827482523739864,0.5945205479701913,0.60653065971263,0.6187833918061371,0.6312836455069226,0.6440364210831377,0.657046819815053,0.6703200460356353,0.6838614092123515,0.6976763260710268,0.7117703227626054,0.7261490370736863,0.740818220681713,0.7557837414557208,0.7710515858035617,0.7866278610665488,0.802518797962474,0.818730753077977,0.8352702114112676,0.8521437889662071,0.8693582353988015,0.8869204367171534,0.9048374180359557,0.9231163463866316,0.9417645335842448,0.9607894391523188,0.9801986733067509,0.9999999999999957,1.0202013400267516,1.0408107741923842,1.0618365465453552,1.0832870676749538,1.1051709180756428,1.1274968515793706,1.1502737988572223,1.1735108709918056,1.197217363121805,1.2214027581601647,1.2460767305873757,1.2712491503214,1.2969300866657671,1.323129812337431,1.3498588075759985,1.3771277643359516,1.4049475905635886,1.433329414560335,1.462284589434219,1.4918246976412646,1.521961555618628,1.5527072185113295,1.5840739849944752,1.616074402192887,1.6487212707001213,1.6820276496988793,1.7160068621848519,1.7506725002960946,1.7860384307500663,1.8221188003905022,1.8589280418463352,1.8964808793049446,1.9347923344020257,1.9738777322304424,2.0137527074704713,2.054433210643882,2.095935514494359,2.138276220496815,2.1814722654981966,2.2255409284924634,2.2704998375324035,2.3163669767810906,2.3631606937057947
0.3262797946230395,0.33287108369807933,0.3395955256449387,0.346455810330057,0.35345468195877955,0.3605949401730775,0.36787944117144133,0.3753110988513987,0.38289288597511106,0.3906278353585201,0.3985190410845132,0.40656965974059806,0.4147829116815804,0.4231620823177478,0.4317105234290786,0.4404316545059982,0.4493289641172206,0.4584060113052222,0.4676664270099076,0.47711391552103277,0.48675225595997007,0.4965853037914077,0.5066169923655878,0.5168513344916971,0.5272924240430461,0.5379444375946723,0.5488116360940242,0.5598983665653997,0.5712090638488124,0.5827482523739869,0.5945205479701915,0.6065306597126305,0.6187833918061378,0.6312836455069228,0.6440364210831381,0.6570468198150534,0.6703200460356358,0.6838614092123523,0.6976763260710269,0.7117703227626058,0.7261490370736868,0.7408182206817137,0.755783741455721,0.7710515858035618,0.7866278610665494,0.802518797962474,0.8187307530779775,0.8352702114112676,0.8521437889662071,0.869358235398802,0.8869204367171535,0.9048374180359557,0.9231163463866322,0.941764533584245,0.9607894391523195,0.9801986733067519,0.9999999999999961,1.0202013400267522,1.0408107741923842,1.061836546545356,1.0832870676749546,1.105170918075643,1.1274968515793715,1.150273798857223,1.1735108709918058,1.1972173631218055,1.2214027581601654,1.2460767305873763,1.2712491503214005,1.2969300866657674,1.3231298123374327,1.3498588075759983,1.3771277643359527,1.404947590563589,1.4333294145603357,1.46228458943422,1.4918246976412652,1.5219615556186286,1.5527072185113306,1.584073984994476,1.6160744021928874,1.648721270700122,1.6820276496988797,1.716006862184852,1.7506725002960952,1.7860384307500674,1.8221188003905024,1.8589280418463359,1.8964808793049455,1.9347923344020255,1.9738777322304426,2.0137527074704713,2.0544332106438827,2.09593551449436,2.1382762204968153,2.1814722654981975,2.225540928492464,2.2704998375324035,2.31636697678109,2.3631606937057943,2.4108997064172106
0.33287108369807955,0.33959552564493894,0.34645581033005707,0.35345468195877966,0.36059494017307764,0.3678794411714414,0.3753110988513985,0.38289288597511095,0.39062783535852,0.3985190410845131,0.40656965974059794,0.41478291168158016,0.42316208231774777,0.43171052342907856,0.4404316545059981,0.4493289641172204,0.4584060113052224,0.46766642700990774,0.47711391552103277,0.4867522559599698,0.49658530379140775,0.5066169923655877,0.516851334491697,0.5272924240430461,0.537944437594672,0.5488116360940238,0.5598983665653996,0.5712090638488123,0.582748252373987,0.5945205479701915,0.6065306597126305,0.6187833918061377,0.6312836455069225,0.6440364210831381,0.6570468198150534,0.6703200460356358,0.6838614092123521,0.697676326071027,0.7117703227626051,0.726149037073687,0.7408182206817137,0.7557837414557209,0.7710515858035614,0.7866278610665488,0.8025187979624739,0.8187307530779774,0.8352702114112676,0.8521437889662066,0.8693582353988016,0.8869204367171533,0.9048374180359552,0.9231163463866315,0.9417645335842448,0.9607894391523192,0.9801986733067516,0.9999999999999959,1.0202013400267516,1.0408107741923842,1.061836546545355,1.0832870676749544,1.1051709180756435,1.1274968515793715,1.1502737988572227,1.173510870991806,1.197217363121806,1.2214027581601652,1.2460767305873761,1.2712491503214003,1.2969300866657676,1.323129812337432,1.3498588075759983,1.3771277643359519,1.404947590563589,1.4333294145603352,1.4622845894342196,1.4918246976412655,1.5219615556186283,1.5527072185113306,1.584073984994476,1.6160744021928868,1.6487212707001213,1.6820276496988802,1.716006862184851,1.7506725002960941,1.786038430750067,1.8221188003905022,1.8589280418463345,1.8964808793049441,1.9347923344020246,1.9738777322304406,2.0137527074704704,2.054433210643882,2.0959355144943594,2.1382762204968135,2.181472265498197,2.2255409284924643,2.2704998375324013,2.316366976781089,2.3631606937057925,2.4108997064172084,2.45960311115695
0.33959552564493917,0.34645581033005735,0.3534546819587799,0.3605949401730779,0.36787944117144167,0.37531109885139863,0.3828928859751111,0.3906278353585201,0.3985190410845131,0.4065696597405981,0.4147829116815802,0.42316208231774766,0.4317105234290786,0.44043165450599825,0.4493289641172204,0.45840601130522246,0.4676664270099081,0.4771139155210328,0.4867522559599701,0.49658530379140775,0.5066169923655878,0.5168513344916974,0.5272924240430464,0.537944437594672,0.548811636094024,0.5598983665653997,0.5712090638488124,0.582748252373987,0.5945205479701917,0.6065306597126305,0.6187833918061378,0.6312836455069228,0.6440364210831382,0.6570468198150534,0.6703200460356359,0.6838614092123524,0.6976763260710273,0.7117703227626059,0.7261490370736868,0.7408182206817139,0.7557837414557215,0.7710515858035619,0.7866278610665487,0.8025187979624742,0.8187307530779775,0.8352702114112678,0.8521437889662069,0.8693582353988011,0.8869204367171531,0.904837418035956,0.9231163463866314,0.9417645335842447,0.9607894391523194,0.9801986733067517,0.9999999999999963,1.020201340026752,1.0408107741923842,1.0618365465453556,1.0832870676749546,1.1051709180756437,1.1274968515793717,1.1502737988572227,1.173510870991806,1.197217363121806,1.2214027581601654,1.2460767305873761,1.2712491503214003,1.2969300866657676,1.3231298123374324,1.3498588075759987,1.3771277643359527,1.4049475905635889,1.4333294145603357,1.4622845894342196,1.4918246976412661,1.5219615556186292,1.5527072185113306,1.584073984994477,1.616074402192888,1.6487212707001213,1.68202764969888,1.7160068621848525,1.7506725002960937,1.786038430750066,1.8221188003905024,1.8589280418463352,1.8964808793049444,1.9347923344020246,1.9738777322304404,2.0137527074704695,2.054433210643882,2.095935514494359,2.138276220496813,2.181472265498196,2.225540928492463,2.270499837532402,2.3163669767810875,2.3631606937057925,2.4108997064172075,2.459603111156948,2.5092903899362984
0.3464558103300574,0.35345468195878005,0.3605949401730781,0.36787944117144195,0.37531109885139885,0.3828928859751113,0.39062783535852014,0.398519041084513,0.40656965974059806,0.41478291168158044,0.42316208231774777,0.43171052342907856,0.4404316545059982,0.44932896411722056,0.4584060113052223,0.46766642700990785,0.4771139155210331,0.48675225595997,0.49658530379140786,0.5066169923655878,0.5168513344916975,0.5272924240430467,0.5379444375946723,0.5488116360940241,0.5598983665653994,0.5712090638488125,0.5827482523739872,0.5945205479701917,0.6065306597126305,0.6187833918061382,0.6312836455069228,0.6440364210831383,0.6570468198150534,0.6703200460356361,0.6838614092123524,0.6976763260710275,0.7117703227626057,0.7261490370736872,0.7408182206817135,0.7557837414557212,0.7710515858035621,0.7866278610665488,0.8025187979624736,0.8187307530779773,0.8352702114112678,0.8521437889662071,0.8693582353988012,0.8869204367171528,0.9048374180359553,0.923116346386632,0.9417645335842443,0.960789439152319,0.9801986733067515,0.9999999999999961,1.020201340026752,1.040810774192384,1.0618365465453554,1.0832870676749544,1.1051709180756433,1.1274968515793713,1.150273798857223,1.1735108709918054,1.1972173631218057,1.2214027581601654,1.2460767305873761,1.2712491503213998,1.296930086665767,1.323129812337432,1.3498588075759983,1.3771277643359523,1.4049475905635893,1.433329414560335,1.4622845894342198,1.491824697641265,1.521961555618629,1.5527072185113306,1.5840739849944765,1.6160744021928881,1.6487212707001226,1.6820276496988793,1.7160068621848512,1.750672500296094,1.7860384307500656,1.8221188003905016,1.858928041846335,1.8964808793049446,1.934792334402024,1.97387773223044,2.0137527074704686,2.0544332106438805,2.0959355144943586,2.1382762204968127,2.1814722654981957,2.225540928492462,2.270499837532401,2.3163669767810875,2.3631606937057903,2.410899706417207,2.459603111156947,2.5092903899362953,2.5599814183292713
0.35345468195878016,0.3605949401730784,0.3678794411714422,0.37531109885139924,0.3828928859751115,0.3906278353585202,0.39851904108451325,0.40656965974059817,0.4147829116815802,0.4231620823177479,0.43171052342907873,0.44043165450599836,0.4493289641172206,0.4584060113052225,0.46766642700990807,0.4771139155210331,0.48675225595997046,0.496585303791408,0.506616992365588,0.5168513344916974,0.5272924240430468,0.5379444375946726,0.5488116360940242,0.5598983665653996,0.5712090638488123,0.5827482523739873,0.5945205479701918,0.6065306597126309,0.6187833918061382,0.6312836455069231,0.6440364210831383,0.6570468198150538,0.670320046035636,0.6838614092123525,0.6976763260710277,0.7117703227626062,0.7261490370736869,0.740818220681714,0.7557837414557209,0.7710515858035621,0.7866278610665491,0.8025187979624739,0.818730753077977,0.8352702114112677,0.8521437889662071,0.8693582353988015,0.8869204367171533,0.9048374180359552,0.9231163463866312,0.9417645335842447,0.960789439152319,0.9801986733067511,0.999999999999996,1.020201340026752,1.0408107741923844,1.0618365465453559,1.0832870676749542,1.1051709180756433,1.127496851579371,1.150273798857223,1.1735108709918058,1.1972173631218055,1.2214027581601656,1.2460767305873768,1.2712491503214007,1.2969300866657671,1.3231298123374327,1.349858807575999,1.3771277643359525,1.4049475905635895,1.4333294145603357,1.4622845894342202,1.4918246976412657,1.5219615556186288,1.5527072185113313,1.584073984994477,1.6160744021928877,1.6487212707001229,1.6820276496988806,1.7160068621848514,1.750672500296094,1.7860384307500667,1.8221188003905013,1.858928041846335,1.8964808793049448,1.9347923344020244,1.9738777322304397,2.0137527074704686,2.0544332106438805,2.0959355144943577,2.1382762204968127,2.181472265498195,2.2255409284924617,2.2704998375324004,2.316366976781087,2.3631606937057903,2.410899706417206,2.459603111156947,2.5092903899362953,2.55998141832927,2.6116964734231187
0.3605949401730784,0.36787944117144245,0.3753110988513997,0.38289288597511184,0.39062783535852064,0.39851904108451347,0.4065696597405983,0.41478291168158044,0.4231620823177478,0.43171052342907884,0.44043165450599836,0.4493289641172206,0.45840601130522257,0.4676664270099084,0.47711391552103355,0.4867522559599704,0.4965853037914082,0.506616992365588,0.5168513344916976,0.5272924240430468,0.5379444375946727,0.5488116360940245,0.5598983665653999,0.5712090638488125,0.5827482523739873,0.5945205479701918,0.606530659712631,0.6187833918061383,0.6312836455069234,0.6440364210831386,0.6570468198150538,0.6703200460356362,0.6838614092123529,0.6976763260710278,0.7117703227626063,0.7261490370736873,0.7408182206817141,0.7557837414557217,0.7710515858035618,0.7866278610665495,0.8025187979624743,0.8187307530779776,0.8352702114112672,0.8521437889662067,0.8693582353988015,0.8869204367171534,0.9048374180359553,0.9231163463866314,0.9417645335842446,0.9607894391523194,0.9801986733067506,0.999999999999996,1.0202013400267522,1.0408107741923847,1.061836546545356,1.0832870676749546,1.1051709180756437,1.1274968515793717,1.150273798857223,1.1735108709918063,1.1972173631218057,1.2214027581601654,1.2460767305873766,1.271249150321401,1.2969300866657676,1.3231298123374329,1.3498588075759987,1.3771277643359525,1.4049475905635898,1.4333294145603364,1.4622845894342207,1.4918246976412655,1.5219615556186292,1.552707218511331,1.5840739849944774,1.6160744021928886,1.6487212707001229,1.6820276496988813,1.716006862184853,1.7506725002960943,1.7860384307500663,1.8221188003905022,1.8589280418463343,1.8964808793049437,1.9347923344020244,1.9738777322304406,2.01375270747047,2.05443321064388,2.0959355144943568,2.1382762204968113,2.181472265498195,2.225540928492461,2.2704998375324004,2.3163669767810866,2.3631606937057907,2.410899706417206,2.4596031111569454,2.5092903899362957,2.55998141832927,2.611696473423116,2.6644562419294178
0.3678794411714423,0.37531109885139974,0.382892885975112,0.3906278353585209,0.39851904108451375,0.40656965974059833,0.4147829116815805,0.4231620823177478,0.4317105234290786,0.44043165450599825,0.44932896411722045,0.45840601130522246,0.46766642700990824,0.4771139155210333,0.4867522559599705,0.49658530379140825,0.5066169923655883,0.5168513344916976,0.527292424043047,0.5379444375946726,0.5488116360940246,0.5598983665653999,0.5712090638488125,0.5827482523739872,0.5945205479701917,0.606530659712631,0.6187833918061385,0.6312836455069234,0.6440364210831387,0.657046819815054,0.6703200460356361,0.6838614092123526,0.6976763260710278,0.7117703227626063,0.7261490370736875,0.7408182206817141,0.7557837414557216,0.7710515858035623,0.7866278610665489,0.8025187979624744,0.8187307530779777,0.8352702114112672,0.8521437889662066,0.8693582353988012,0.886920436717153,0.904837418035955,0.9231163463866313,0.9417645335842442,0.9607894391523188,0.980198673306751,0.9999999999999953,1.0202013400267516,1.0408107741923842,1.0618365465453559,1.0832870676749546,1.1051709180756433,1.1274968515793713,1.150273798857223,1.1735108709918054,1.1972173631218057,1.2214027581601656,1.2460767305873763,1.2712491503214003,1.2969300866657678,1.3231298123374324,1.3498588075759983,1.3771277643359527,1.404947590563589,1.4333294145603355,1.4622845894342202,1.4918246976412661,1.521961555618629,1.5527072185113309,1.584073984994477,1.6160744021928886,1.648721270700123,1.6820276496988809,1.7160068621848532,1.750672500296095,1.7860384307500656,1.8221188003905013,1.8589280418463345,1.8964808793049432,1.934792334402023,1.9738777322304404,2.013752707470468,2.0544332106438787,2.0959355144943568,2.138276220496811,2.181472265498194,2.2255409284924617,2.2704998375323986,2.316366976781086,2.3631606937057894,2.410899706417205,2.459603111156946,2.5092903899362926,2.559981418329268,2.6116964734231143,2.6644562419294147,2.718281828459045
0.37531109885139957,0.38289288597511223,0.3906278353585212,0.398519041084514,0.4065696597405987,0.41478291168158055,0.423162082317748,0.4317105234290787,0.44043165450599825,0.44932896411722073,0.45840601130522246,0.4676664270099081,0.4771139155210334,0.4867522559599706,0.4965853037914084,0.5066169923655882,0.516851334491698,0.5272924240430469,0.5379444375946729,0.5488116360940245,0.5598983665654,0.5712090638488129,0.5827482523739875,0.5945205479701917,0.6065306597126306,0.6187833918061384,0.6312836455069235,0.6440364210831387,0.6570468198150542,0.6703200460356366,0.6838614092123525,0.6976763260710278,0.7117703227626064,0.7261490370736876,0.7408182206817143,0.7557837414557217,0.7710515858035621,0.7866278610665494,0.8025187979624739,0.8187307530779777,0.8352702114112677,0.8521437889662067,0.869358235398801,0.8869204367171529,0.904837418035955,0.9231163463866314,0.9417645335842441,0.9607894391523187,0.9801986733067506,0.9999999999999958,1.020201340026751,1.0408107741923838,1.0618365465453554,1.0832870676749546,1.1051709180756433,1.1274968515793713,1.150273798857223,1.173510870991806,1.1972173631218053,1.2214027581601654,1.2460767305873763,1.2712491503213998,1.2969300866657674,1.3231298123374329,1.3498588075759983,1.377127764335952,1.4049475905635893,1.4333294145603355,1.4622845894342194,1.4918246976412661,1.5219615556186292,1.5527072185113315,1.5840739849944765,1.616074402192888,1.6487212707001233,1.6820276496988815,1.7160068621848525,1.7506725002960957,1.7860384307500676,1.8221188003905011,1.8589280418463345,1.8964808793049435,1.934792334402023,1.9738777322304393,2.0137527074704686,2.0544332106438796,2.0959355144943568,2.13827622049681,2.181472265498193,2.2255409284924594,2.2704998375323986,2.3163669767810844,2.363160693705789,2.410899706417205,2.459603111156945,2.509290389936292,2.559981418329267,2.6116964734231143,2.6644562419294138,2.718281828459043,2.773194763964298
0.38289288597511206,0.3906278353585214,0.39851904108451447,0.40656965974059905,0.4147829116815811,0.42316208231774827,0.4317105234290789,0.4404316545059983,0.44932896411722056,0.4584060113052226,0.46766642700990835,0.4771139155210336,0.4867522559599707,0.49658530379140847,0.5066169923655888,0.516851334491698,0.5272924240430474,0.537944437594673,0.5488116360940248,0.5598983665654004,0.5712090638488129,0.5827482523739878,0.5945205479701923,0.606530659712631,0.6187833918061382,0.6312836455069236,0.6440364210831389,0.6570468198150543,0.6703200460356368,0.6838614092123532,0.6976763260710278,0.7117703227626069,0.7261490370736878,0.7408182206817145,0.755783741455722,0.7710515858035625,0.7866278610665496,0.8025187979624746,0.8187307530779775,0.8352702114112681,0.8521437889662071,0.8693582353988011,0.8869204367171526,0.9048374180359551,0.9231163463866315,0.9417645335842441,0.9607894391523186,0.9801986733067508,0.9999999999999956,1.0202013400267516,1.0408107741923833,1.0618365465453552,1.0832870676749544,1.1051709180756437,1.1274968515793715,1.1502737988572231,1.173510870991806,1.197217363121806,1.2214027581601652,1.2460767305873763,1.2712491503214005,1.2969300866657674,1.3231298123374324,1.3498588075759996,1.3771277643359527,1.4049475905635893,1.433329414560336,1.4622845894342205,1.4918246976412657,1.5219615556186297,1.5527072185113315,1.5840739849944774,1.6160744021928888,1.648721270700123,1.6820276496988817,1.7160068621848537,1.7506725002960957,1.7860384307500679,1.822118800390503,1.8589280418463345,1.8964808793049437,1.9347923344020241,1.97387773223044,2.013752707470468,2.05443321064388,2.0959355144943568,2.1382762204968104,2.181472265498193,2.22554092849246,2.270499837532398,2.316366976781085,2.3631606937057876,2.410899706417204,2.4596031111569436,2.5092903899362926,2.559981418329266,2.611696473423114,2.6644562419294138,2.7182818284590415,2.7731947639642964,2.8292170143515594
0.39062783535852097,0.39851904108451447,0.4065696597405992,0.41478291168158127,0.42316208231774854,0.43171052342907895,0.44043165450599847,0.4493289641172207,0.4584060113052226,0.4676664270099083,0.4771139155210332,0.4867522559599707,0.4965853037914085,0.5066169923655887,0.5168513344916982,0.5272924240430472,0.5379444375946734,0.5488116360940248,0.5598983665654005,0.571209063848813,0.5827482523739875,0.5945205479701922,0.6065306597126313,0.6187833918061382,0.6312836455069232,0.6440364210831387,0.6570468198150541,0.6703200460356366,0.6838614092123529,0.6976763260710283,0.7117703227626064,0.7261490370736878,0.740818220681715,0.7557837414557222,0.7710515858035626,0.7866278610665497,0.8025187979624746,0.8187307530779777,0.8352702114112676,0.8521437889662069,0.8693582353988015,0.8869204367171527,0.9048374180359545,0.923116346386631,0.9417645335842441,0.9607894391523183,0.9801986733067505,0.9999999999999953,1.0202013400267511,1.0408107741923838,1.0618365465453545,1.083287067674954,1.105170918075643,1.1274968515793713,1.150273798857223,1.1735108709918056,1.1972173631218057,1.2214027581601654,1.2460767305873757,1.2712491503213998,1.296930086665767,1.3231298123374318,1.3498588075759985,1.3771277643359525,1.4049475905635889,1.433329414560335,1.46228458943422,1.491824697641266,1.5219615556186283,1.552707218511332,1.5840739849944774,1.6160744021928881,1.6487212707001224,1.6820276496988806,1.716006862184854,1.7506725002960961,1.7860384307500674,1.822118800390503,1.8589280418463359,1.8964808793049435,1.934792334402023,1.9738777322304395,2.013752707470468,2.054433210643879,2.095935514494356,2.1382762204968095,2.181472265498192,2.225540928492459,2.2704998375323977,2.3163669767810835,2.363160693705788,2.4108997064172026,2.4596031111569436,2.5092903899362913,2.559981418329266,2.611696473423111,2.664456241929412,2.7182818284590415,2.7731947639642938,2.829217014351557,2.8863709892679577
0.3985190410845142,0.4065696597405992,0.4147829116815816,0.42316208231774877,0.4317105234290794,0.44043165450599864,0.44932896411722084,0.45840601130522274,0.4676664270099084,0.4771139155210336,0.48675225595997057,0.49658530379140875,0.5066169923655887,0.5168513344916983,0.5272924240430474,0.5379444375946733,0.5488116360940252,0.5598983665654004,0.5712090638488133,0.5827482523739876,0.5945205479701923,0.6065306597126314,0.6187833918061388,0.6312836455069235,0.6440364210831386,0.6570468198150542,0.6703200460356368,0.683861409212353,0.6976763260710284,0.7117703227626071,0.7261490370736876,0.7408182206817148,0.7557837414557222,0.7710515858035626,0.78662786106655,0.8025187979624747,0.8187307530779775,0.8352702114112678,0.8521437889662068,0.8693582353988014,0.8869204367171534,0.9048374180359546,0.9231163463866306,0.9417645335842438,0.9607894391523184,0.9801986733067508,0.9999999999999957,1.020201340026751,1.0408107741923833,1.0618365465453552,1.0832870676749538,1.105170918075643,1.127496851579371,1.150273798857223,1.1735108709918058,1.1972173631218055,1.2214027581601654,1.2460767305873761,1.2712491503213998,1.2969300866657674,1.3231298123374322,1.349858807575998,1.3771277643359527,1.4049475905635898,1.4333294145603355,1.46228458943422,1.4918246976412664,1.5219615556186288,1.5527072185113306,1.5840739849944778,1.6160744021928888,1.6487212707001229,1.682027649698881,1.7160068621848525,1.7506725002960966,1.7860384307500683,1.8221188003905033,1.8589280418463359,1.8964808793049452,1.9347923344020235,1.973877732230439,2.013752707470469,2.0544332106438796,2.095935514494355,2.13827622049681,2.1814722654981926,2.2255409284924594,2.2704998375323973,2.3163669767810835,2.3631606937057867,2.4108997064172026,2.459603111156942,2.509290389936292,2.5599814183292655,2.611696473423112,2.6644562419294107,2.7182818284590406,2.7731947639642933,2.8292170143515545,2.886370989267956,2.944679551065525
0.4065696597405991,0.41478291168158143,0.42316208231774877,0.43171052342907956,0.4404316545059989,0.44932896411722084,0.4584060113052227,0.46766642700990824,0.47711391552103344,0.4867522559599708,0.4965853037914085,0.5066169923655888,0.5168513344916983,0.5272924240430477,0.5379444375946734,0.5488116360940252,0.5598983665654007,0.5712090638488134,0.5827482523739881,0.5945205479701923,0.6065306597126311,0.6187833918061387,0.6312836455069236,0.6440364210831387,0.657046819815054,0.6703200460356367,0.6838614092123533,0.6976763260710283,0.7117703227626068,0.726149037073688,0.7408182206817147,0.7557837414557224,0.7710515858035629,0.7866278610665497,0.8025187979624748,0.8187307530779778,0.835270211411268,0.8521437889662069,0.8693582353988015,0.886920436717153,0.9048374180359553,0.9231163463866306,0.9417645335842435,0.9607894391523182,0.9801986733067505,0.9999999999999949,1.020201340026751,1.0408107741923833,1.0618365465453548,1.0832870676749538,1.1051709180756424,1.127496851579371,1.150273798857222,1.1735108709918054,1.1972173631218057,1.221402758160165,1.2460767305873761,1.2712491503213998,1.2969300866657667,1.323129812337432,1.3498588075759983,1.377127764335952,1.4049475905635898,1.4333294145603355,1.4622845894342191,1.4918246976412657,1.5219615556186292,1.5527072185113304,1.5840739849944765,1.616074402192889,1.6487212707001229,1.6820276496988809,1.716006862184853,1.7506725002960948,1.7860384307500679,1.8221188003905036,1.8589280418463356,1.896480879304945,1.9347923344020246,1.9738777322304393,2.0137527074704678,2.0544332106438796,2.095935514494356,2.1382762204968095,2.1814722654981926,2.2255409284924585,2.2704998375323973,2.316366976781082,2.3631606937057863,2.4108997064172004,2.4596031111569414,2.5092903899362895,2.559981418329264,2.6116964734231107,2.66445624192941,2.7182818284590375,2.7731947639642933,2.8292170143515545,2.8863709892679523,2.9446795510655215,3.004166023946433
0.4147829116815814,0.4231620823177488,0.4317105234290797,0.4404316545059991,0.4493289641172213,0.45840601130522285,0.4676664270099085,0.4771139155210337,0.4867522559599707,0.4965853037914088,0.5066169923655885,0.5168513344916982,0.5272924240430478,0.5379444375946734,0.5488116360940255,0.5598983665654007,0.5712090638488135,0.5827482523739881,0.5945205479701929,0.6065306597126313,0.6187833918061386,0.6312836455069238,0.6440364210831393,0.657046819815054,0.6703200460356363,0.6838614092123532,0.6976763260710283,0.7117703227626067,0.7261490370736879,0.7408182206817149,0.7557837414557221,0.7710515858035634,0.78662786106655,0.8025187979624752,0.8187307530779783,0.8352702114112679,0.8521437889662072,0.8693582353988017,0.8869204367171528,0.9048374180359551,0.9231163463866315,0.9417645335842435,0.9607894391523181,0.9801986733067501,0.9999999999999949,1.020201340026751,1.040810774192383,1.061836546545355,1.0832870676749535,1.1051709180756428,1.1274968515793704,1.1502737988572223,1.1735108709918054,1.1972173631218053,1.221402758160165,1.246076730587376,1.2712491503214003,1.2969300866657665,1.3231298123374322,1.3498588075759983,1.3771277643359523,1.4049475905635886,1.433329414560336,1.46228458943422,1.4918246976412655,1.5219615556186286,1.5527072185113315,1.5840739849944765,1.616074402192888,1.6487212707001235,1.682027649698881,1.7160068621848528,1.7506725002960957,1.7860384307500674,1.8221188003905033,1.8589280418463359,1.896480879304945,1.9347923344020246,1.9738777322304413,2.013752707470468,2.0544332106438787,2.0959355144943563,2.1382762204968095,2.181472265498192,2.225540928492459,2.270499837532397,2.3163669767810826,2.3631606937057854,2.410899706417201,2.459603111156941,2.50929038993629,2.5599814183292633,2.6116964734231116,2.66445624192941,2.718281828459039,2.7731947639642907,2.8292170143515545,2.8863709892679523,2.944679551065518,3.0041660239464307,3.0648542032930024
0.42316208231774877,0.43171052342907956,0.440431654505999,0.4493289641172214,0.45840601130522324,0.4676664270099085,0.47711391552103355,0.4867522559599707,0.49658530379140864,0.5066169923655887,0.5168513344916983,0.5272924240430477,0.5379444375946737,0.5488116360940253,0.5598983665654009,0.5712090638488136,0.5827482523739885,0.5945205479701927,0.6065306597126319,0.618783391806139,0.6312836455069235,0.6440364210831392,0.6570468198150545,0.6703200460356366,0.6838614092123528,0.6976763260710283,0.7117703227626069,0.7261490370736877,0.7408182206817149,0.7557837414557222,0.7710515858035629,0.7866278610665504,0.8025187979624749,0.8187307530779782,0.8352702114112682,0.8521437889662072,0.8693582353988016,0.8869204367171529,0.9048374180359547,0.9231163463866313,0.9417645335842444,0.960789439152318,0.98019867330675,0.9999999999999944,1.0202013400267507,1.040810774192383,1.0618365465453543,1.083287067674953,1.105170918075642,1.1274968515793709,1.1502737988572218,1.1735108709918052,1.1972173631218048,1.2214027581601645,1.2460767305873757,1.2712491503213996,1.296930086665767,1.3231298123374318,1.3498588075759983,1.3771277643359519,1.4049475905635889,1.4333294145603348,1.46228458943422,1.4918246976412652,1.5219615556186286,1.5527072185113313,1.5840739849944772,1.6160744021928874,1.6487212707001226,1.6820276496988817,1.716006862184853,1.750672500296095,1.7860384307500679,1.8221188003905024,1.8589280418463359,1.8964808793049452,1.9347923344020252,1.9738777322304408,2.01375270747047,2.054433210643879,2.095935514494356,2.1382762204968104,2.1814722654981917,2.2255409284924585,2.270499837532397,2.3163669767810826,2.3631606937057863,2.410899706417201,2.45960311115694,2.509290389936289,2.5599814183292633,2.611696473423109,2.6644562419294098,2.7182818284590375,2.7731947639642915,2.829217014351551,2.8863709892679523,2.944679551065517,3.0041660239464267,3.064854203292999,3.126768365186156
0.4317105234290797,0.4404316545059989,0.4493289641172212,0.4584060113052231,0.4676664270099087,0.4771139155210337,0.48675225595997074,0.4965853037914085,0.5066169923655887,0.5168513344916983,0.5272924240430473,0.5379444375946736,0.5488116360940253,0.5598983665654009,0.5712090638488138,0.5827482523739883,0.5945205479701932,0.6065306597126318,0.6187833918061392,0.631283645506924,0.644036421083139,0.6570468198150546,0.6703200460356369,0.6838614092123529,0.697676326071028,0.7117703227626069,0.7261490370736878,0.7408182206817148,0.7557837414557222,0.7710515858035629,0.7866278610665498,0.8025187979624748,0.8187307530779784,0.8352702114112683,0.8521437889662076,0.8693582353988013,0.8869204367171534,0.9048374180359554,0.9231163463866305,0.941764533584244,0.9607894391523191,0.9801986733067501,0.9999999999999947,1.0202013400267504,1.0408107741923829,1.061836546545354,1.0832870676749533,1.1051709180756424,1.1274968515793702,1.1502737988572223,1.1735108709918045,1.1972173631218048,1.2214027581601643,1.2460767305873754,1.2712491503213996,1.2969300866657667,1.3231298123374322,1.3498588075759983,1.3771277643359525,1.4049475905635889,1.4333294145603355,1.462284589434219,1.4918246976412657,1.521961555618629,1.5527072185113304,1.584073984994477,1.6160744021928886,1.6487212707001226,1.682027649698881,1.716006862184853,1.7506725002960952,1.786038430750067,1.8221188003905033,1.8589280418463359,1.8964808793049448,1.9347923344020255,1.9738777322304406,2.013752707470469,2.0544332106438814,2.0959355144943563,2.13827622049681,2.1814722654981917,2.2255409284924585,2.2704998375323964,2.3163669767810826,2.3631606937057854,2.4108997064172004,2.4596031111569396,2.509290389936288,2.5599814183292624,2.6116964734231085,2.664456241929409,2.718281828459039,2.7731947639642907,2.8292170143515527,2.8863709892679497,2.944679551065517,3.004166023946425,3.0648542032929944,3.1267683651861518,3.1899332761161845
0.44043165450599914,0.4493289641172211,0.45840601130522296,0.46766642700990885,0.4771139155210339,0.4867522559599708,0.49658530379140875,0.5066169923655887,0.5168513344916984,0.5272924240430475,0.5379444375946735,0.5488116360940255,0.5598983665654009,0.5712090638488135,0.5827482523739886,0.5945205479701932,0.6065306597126322,0.6187833918061392,0.6312836455069244,0.6440364210831392,0.6570468198150543,0.6703200460356369,0.6838614092123535,0.6976763260710283,0.7117703227626064,0.7261490370736882,0.7408182206817144,0.7557837414557221,0.7710515858035629,0.78662786106655,0.8025187979624748,0.8187307530779786,0.8352702114112681,0.8521437889662072,0.869358235398802,0.8869204367171533,0.9048374180359552,0.923116346386631,0.9417645335842441,0.9607894391523183,0.9801986733067507,0.9999999999999948,1.02020134002675,1.0408107741923824,1.0618365465453539,1.0832870676749526,1.1051709180756422,1.12749685157937,1.1502737988572218,1.173510870991805,1.1972173631218042,1.2214027581601645,1.2460767305873754,1.2712491503213987,1.2969300866657667,1.3231298123374318,1.349858807575998,1.3771277643359523,1.4049475905635889,1.4333294145603355,1.4622845894342196,1.4918246976412648,1.521961555618629,1.5527072185113306,1.5840739849944756,1.616074402192888,1.6487212707001229,1.68202764969888,1.7160068621848525,1.7506725002960957,1.786038430750067,1.822118800390502,1.8589280418463363,1.8964808793049444,1.9347923344020246,1.973877732230441,2.013752707470469,2.0544332106438805,2.095935514494358,2.1382762204968104,2.1814722654981913,2.2255409284924585,2.2704998375323964,2.316366976781082,2.363160693705786,2.4108997064172,2.45960311115694,2.5092903899362873,2.559981418329261,2.611696473423108,2.664456241929408,2.7182818284590353,2.77319476396429,2.829217014351551,2.886370989267951,2.9446795510655153,3.0041660239464267,3.064854203292994,3.1267683651861478,3.189933276116181,3.2543742028896707
0.44932896411722156,0.4584060113052229,0.4676664270099086,0.47711391552103377,0.48675225595997085,0.4965853037914085,0.5066169923655888,0.5168513344916982,0.5272924240430477,0.5379444375946735,0.5488116360940253,0.559898366565401,0.5712090638488139,0.5827482523739884,0.5945205479701932,0.606530659712632,0.6187833918061395,0.6312836455069243,0.6440364210831396,0.6570468198150545,0.6703200460356368,0.6838614092123533,0.6976763260710284,0.7117703227626065,0.7261490370736877,0.7408182206817149,0.755783741455722,0.7710515858035627,0.7866278610665499,0.8025187979624748,0.818730753077978,0.8352702114112683,0.8521437889662071,0.8693582353988017,0.8869204367171538,0.9048374180359547,0.9231163463866314,0.9417645335842438,0.9607894391523184,0.9801986733067505,0.9999999999999952,1.0202013400267498,1.0408107741923827,1.0618365465453534,1.083287067674953,1.1051709180756415,1.1274968515793697,1.1502737988572214,1.173510870991804,1.1972173631218048,1.2214027581601636,1.246076730587375,1.271249150321399,1.2969300866657656,1.3231298123374313,1.3498588075759974,1.3771277643359516,1.4049475905635884,1.433329414560335,1.4622845894342196,1.4918246976412655,1.5219615556186277,1.5527072185113306,1.584073984994476,1.6160744021928874,1.6487212707001226,1.6820276496988806,1.7160068621848517,1.7506725002960952,1.7860384307500679,1.822118800390502,1.8589280418463343,1.8964808793049448,1.9347923344020248,1.9738777322304397,2.013752707470469,2.05443321064388,2.0959355144943568,2.138276220496811,2.181472265498193,2.225540928492458,2.2704998375323973,2.3163669767810817,2.363160693705785,2.4108997064172004,2.4596031111569396,2.5092903899362877,2.559981418329261,2.6116964734231067,2.664456241929408,2.7182818284590353,2.773194763964289,2.8292170143515523,2.886370989267949,2.9446795510655153,3.0041660239464236,3.0648542032929957,3.126768365186147,3.1899332761161774,3.254374202889667,3.3201169227365477
0.4584060113052234,0.4676664270099083,0.4771139155210334,0.48675225595997074,0.4965853037914087,0.5066169923655885,0.5168513344916981,0.5272924240430475,0.5379444375946735,0.5488116360940254,0.5598983665654005,0.5712090638488138,0.5827482523739884,0.5945205479701929,0.6065306597126318,0.6187833918061393,0.6312836455069244,0.6440364210831393,0.6570468198150546,0.6703200460356368,0.683861409212353,0.6976763260710283,0.7117703227626068,0.7261490370736873,0.7408182206817142,0.7557837414557218,0.7710515858035626,0.7866278610665495,0.8025187979624745,0.8187307530779777,0.8352702114112678,0.8521437889662073,0.8693582353988014,0.886920436717153,0.9048374180359552,0.9231163463866308,0.9417645335842441,0.960789439152318,0.9801986733067499,0.9999999999999949,1.0202013400267507,1.0408107741923818,1.0618365465453534,1.083287067674952,1.1051709180756415,1.127496851579369,1.1502737988572205,1.1735108709918038,1.1972173631218035,1.2214027581601639,1.2460767305873743,1.2712491503213985,1.2969300866657658,1.3231298123374304,1.3498588075759972,1.3771277643359512,1.404947590563588,1.4333294145603344,1.4622845894342191,1.4918246976412646,1.521961555618628,1.5527072185113289,1.584073984994476,1.6160744021928872,1.648721270700121,1.6820276496988802,1.7160068621848517,1.7506725002960941,1.786038430750067,1.8221188003905027,1.8589280418463343,1.8964808793049441,1.9347923344020248,1.9738777322304402,2.0137527074704686,2.05443321064388,2.095935514494356,2.1382762204968104,2.1814722654981935,2.2255409284924577,2.2704998375323955,2.3163669767810813,2.3631606937057845,2.410899706417198,2.4596031111569396,2.5092903899362877,2.55998141832926,2.6116964734231067,2.6644562419294053,2.718281828459035,2.7731947639642867,2.829217014351549,2.8863709892679488,2.9446795510655135,3.004166023946424,3.0648542032929926,3.1267683651861478,3.1899332761161743,3.254374202889662,3.3201169227365415,3.3871877336213334
0.46766642700990935,0.47711391552103366,0.4867522559599708,0.4965853037914089,0.5066169923655888,0.5168513344916985,0.5272924240430475,0.5379444375946737,0.5488116360940257,0.5598983665654013,0.5712090638488138,0.5827482523739888,0.5945205479701932,0.6065306597126324,0.6187833918061396,0.6312836455069247,0.6440364210831403,0.6570468198150551,0.6703200460356374,0.6838614092123535,0.6976763260710285,0.7117703227626074,0.7261490370736883,0.7408182206817147,0.7557837414557222,0.7710515858035633,0.7866278610665499,0.8025187979624752,0.8187307530779783,0.8352702114112683,0.8521437889662075,0.8693582353988022,0.8869204367171535,0.9048374180359553,0.923116346386632,0.9417645335842442,0.9607894391523187,0.9801986733067504,0.9999999999999949,1.020201340026751,1.0408107741923838,1.0618365465453539,1.0832870676749526,1.1051709180756415,1.1274968515793702,1.1502737988572211,1.173510870991804,1.1972173631218042,1.2214027581601639,1.246076730587375,1.2712491503213985,1.2969300866657665,1.3231298123374315,1.349858807575997,1.3771277643359516,1.4049475905635886,1.4333294145603352,1.4622845894342198,1.4918246976412657,1.5219615556186288,1.5527072185113309,1.5840739849944758,1.6160744021928881,1.6487212707001226,1.6820276496988802,1.7160068621848537,1.7506725002960952,1.786038430750067,1.822118800390503,1.858928041846336,1.8964808793049444,1.9347923344020246,1.9738777322304426,2.013752707470469,2.054433210643881,2.0959355144943577,2.138276220496811,2.1814722654981944,2.2255409284924603,2.2704998375323973,2.3163669767810835,2.3631606937057854,2.410899706417201,2.45960311115694,2.5092903899362886,2.5599814183292615,2.6116964734231076,2.664456241929407,2.718281828459035,2.7731947639642884,2.82921701435155,2.886370989267949,2.944679551065517,3.004166023946425,3.064854203292994,3.1267683651861473,3.189933276116178,3.254374202889662,3.3201169227365392,3.3871877336213307,3.4556134647626755
0.47711391552103455,0.48675225595997085,0.49658530379140847,0.5066169923655889,0.5168513344916983,0.5272924240430478,0.5379444375946736,0.5488116360940256,0.5598983665654012,0.571209063848814,0.5827482523739885,0.5945205479701935,0.6065306597126324,0.6187833918061395,0.6312836455069246,0.6440364210831401,0.6570468198150555,0.6703200460356374,0.6838614092123539,0.6976763260710286,0.7117703227626071,0.7261490370736887,0.7408182206817151,0.7557837414557222,0.7710515858035628,0.7866278610665502,0.8025187979624747,0.8187307530779783,0.8352702114112682,0.8521437889662078,0.8693582353988021,0.8869204367171539,0.9048374180359556,0.9231163463866319,0.9417645335842448,0.9607894391523184,0.9801986733067507,0.9999999999999948,1.0202013400267504,1.0408107741923829,1.0618365465453548,1.0832870676749522,1.1051709180756415,1.1274968515793693,1.1502737988572214,1.1735108709918038,1.197217363121804,1.2214027581601634,1.2460767305873746,1.2712491503213992,1.296930086665766,1.3231298123374315,1.3498588075759972,1.377127764335951,1.404947590563588,1.4333294145603341,1.4622845894342196,1.4918246976412655,1.521961555618629,1.5527072185113309,1.5840739849944767,1.616074402192887,1.6487212707001222,1.6820276496988802,1.716006862184852,1.7506725002960954,1.786038430750067,1.8221188003905018,1.8589280418463359,1.8964808793049457,1.9347923344020244,1.9738777322304402,2.01375270747047,2.054433210643881,2.095935514494357,2.1382762204968118,2.181472265498193,2.22554092849246,2.2704998375323986,2.3163669767810835,2.3631606937057854,2.4108997064172,2.45960311115694,2.5092903899362877,2.5599814183292615,2.611696473423108,2.6644562419294067,2.718281828459035,2.7731947639642867,2.82921701435155,2.8863709892679488,2.9446795510655144,3.004166023946425,3.0648542032929935,3.1267683651861486,3.1899332761161765,3.2543742028896645,3.320116922736538,3.3871877336213267,3.455613464762671,3.5254214873653833
0.48675225595997157,0.4965853037914084,0.5066169923655883,0.5168513344916983,0.5272924240430474,0.5379444375946735,0.5488116360940254,0.559898366565401,0.5712090638488139,0.5827482523739884,0.5945205479701929,0.6065306597126323,0.6187833918061396,0.6312836455069245,0.6440364210831399,0.6570468198150552,0.670320046035638,0.6838614092123538,0.6976763260710288,0.7117703227626071,0.7261490370736882,0.7408182206817151,0.7557837414557222,0.7710515858035626,0.7866278610665497,0.8025187979624752,0.8187307530779779,0.8352702114112681,0.8521437889662073,0.8693582353988017,0.8869204367171534,0.9048374180359555,0.9231163463866315,0.9417645335842442,0.9607894391523186,0.9801986733067503,0.9999999999999949,1.0202013400267507,1.0408107741923824,1.0618365465453543,1.0832870676749535,1.1051709180756415,1.127496851579369,1.1502737988572205,1.1735108709918036,1.1972173631218037,1.2214027581601632,1.2460767305873741,1.271249150321398,1.2969300866657658,1.3231298123374304,1.3498588075759967,1.377127764335951,1.404947590563587,1.4333294145603341,1.4622845894342185,1.4918246976412646,1.5219615556186281,1.552707218511331,1.584073984994476,1.6160744021928874,1.6487212707001213,1.6820276496988804,1.7160068621848525,1.750672500296094,1.7860384307500672,1.8221188003905022,1.858928041846334,1.8964808793049441,1.9347923344020252,1.9738777322304402,2.013752707470469,2.054433210643881,2.0959355144943568,2.1382762204968104,2.1814722654981944,2.22554092849246,2.2704998375323973,2.316366976781084,2.363160693705786,2.4108997064172004,2.45960311115694,2.5092903899362873,2.5599814183292615,2.611696473423107,2.664456241929407,2.718281828459034,2.7731947639642867,2.8292170143515487,2.8863709892679474,2.944679551065513,3.0041660239464227,3.064854203292993,3.1267683651861455,3.1899332761161765,3.2543742028896614,3.32011692273654,3.3871877336213245,3.4556134647626666,3.525421487365378,3.59663972556928
0.4965853037914095,0.5066169923655884,0.5168513344916981,0.5272924240430475,0.5379444375946734,0.5488116360940254,0.5598983665654008,0.571209063848814,0.5827482523739886,0.5945205479701933,0.6065306597126321,0.6187833918061395,0.6312836455069246,0.6440364210831399,0.6570468198150553,0.6703200460356377,0.6838614092123543,0.6976763260710289,0.7117703227626073,0.7261490370736885,0.7408182206817153,0.7557837414557227,0.7710515858035633,0.78662786106655,0.8025187979624746,0.8187307530779785,0.8352702114112683,0.8521437889662076,0.8693582353988016,0.8869204367171534,0.9048374180359552,0.9231163463866321,0.941764533584244,0.9607894391523184,0.9801986733067506,0.9999999999999949,1.0202013400267507,1.0408107741923829,1.0618365465453539,1.0832870676749526,1.1051709180756424,1.1274968515793689,1.1502737988572205,1.1735108709918034,1.197217363121804,1.2214027581601632,1.2460767305873741,1.2712491503213976,1.2969300866657654,1.3231298123374307,1.3498588075759965,1.3771277643359516,1.4049475905635878,1.4333294145603337,1.4622845894342185,1.4918246976412646,1.5219615556186286,1.5527072185113302,1.5840739849944763,1.616074402192888,1.648721270700122,1.6820276496988793,1.7160068621848523,1.7506725002960946,1.7860384307500665,1.8221188003905027,1.858928041846335,1.8964808793049444,1.9347923344020246,1.973877732230441,2.01375270747047,2.05443321064388,2.0959355144943577,2.1382762204968118,2.1814722654981926,2.2255409284924603,2.2704998375323977,2.316366976781083,2.3631606937057867,2.410899706417201,2.459603111156939,2.5092903899362873,2.55998141832926,2.611696473423107,2.664456241929407,2.7182818284590344,2.7731947639642867,2.829217014351548,2.8863709892679457,2.9446795510655135,3.0041660239464223,3.064854203292992,3.126768365186147,3.1899332761161743,3.2543742028896614,3.320116922736538,3.387187733621327,3.4556134647626653,3.525421487365372,3.5966397255692772,3.669296667619244
0.5066169923655897,0.5168513344916982,0.5272924240430472,0.5379444375946736,0.5488116360940254,0.5598983665654012,0.5712090638488139,0.5827482523739886,0.5945205479701933,0.6065306597126323,0.6187833918061397,0.6312836455069248,0.6440364210831401,0.6570468198150553,0.670320046035638,0.6838614092123545,0.6976763260710296,0.7117703227626077,0.7261490370736886,0.7408182206817154,0.7557837414557228,0.7710515858035635,0.7866278610665501,0.802518797962475,0.8187307530779783,0.8352702114112686,0.8521437889662075,0.8693582353988019,0.8869204367171531,0.9048374180359555,0.9231163463866313,0.9417645335842445,0.9607894391523188,0.9801986733067505,0.9999999999999954,1.0202013400267507,1.0408107741923835,1.061836546545354,1.0832870676749526,1.105170918075642,1.1274968515793702,1.1502737988572207,1.1735108709918034,1.1972173631218035,1.2214027581601632,1.2460767305873741,1.271249150321398,1.2969300866657647,1.3231298123374302,1.3498588075759967,1.37712776433595,1.4049475905635873,1.4333294145603341,1.4622845894342182,1.4918246976412652,1.521961555618628,1.5527072185113306,1.5840739849944772,1.6160744021928874,1.6487212707001226,1.68202764969888,1.7160068621848514,1.7506725002960952,1.7860384307500667,1.8221188003905024,1.8589280418463363,1.8964808793049444,1.9347923344020246,1.9738777322304404,2.01375270747047,2.054433210643881,2.0959355144943568,2.138276220496812,2.1814722654981944,2.2255409284924594,2.270499837532399,2.316366976781084,2.363160693705787,2.4108997064172017,2.45960311115694,2.509290389936288,2.5599814183292615,2.611696473423107,2.6644562419294076,2.7182818284590344,2.7731947639642875,2.8292170143515483,2.8863709892679466,2.9446795510655126,3.0041660239464214,3.064854203292991,3.126768365186147,3.189933276116176,3.254374202889662,3.320116922736539,3.387187733621325,3.455613464762666,3.525421487365372,3.596639725569273,3.669296667619239,3.743421377260862
0.5168513344916994,0.5272924240430474,0.5379444375946733,0.5488116360940253,0.5598983665654009,0.5712090638488139,0.5827482523739885,0.5945205479701934,0.6065306597126325,0.6187833918061398,0.6312836455069247,0.6440364210831402,0.6570468198150554,0.6703200460356378,0.6838614092123544,0.6976763260710295,0.7117703227626082,0.7261490370736887,0.7408182206817153,0.7557837414557229,0.7710515858035633,0.7866278610665506,0.802518797962475,0.8187307530779784,0.8352702114112684,0.8521437889662076,0.8693582353988021,0.886920436717154,0.9048374180359555,0.9231163463866316,0.9417645335842443,0.9607894391523188,0.9801986733067504,0.9999999999999954,1.0202013400267511,1.0408107741923827,1.0618365465453548,1.0832870676749529,1.1051709180756417,1.12749685157937,1.1502737988572216,1.1735108709918036,1.1972173631218033,1.2214027581601625,1.2460767305873743,1.271249150321398,1.2969300866657647,1.3231298123374302,1.3498588075759967,1.377127764335951,1.404947590563587,1.433329414560334,1.4622845894342187,1.4918246976412635,1.5219615556186274,1.55270721851133,1.584073984994476,1.616074402192888,1.6487212707001224,1.6820276496988804,1.7160068621848523,1.7506725002960943,1.7860384307500674,1.8221188003905024,1.8589280418463356,1.8964808793049452,1.9347923344020252,1.9738777322304402,2.01375270747047,2.0544332106438814,2.0959355144943586,2.138276220496811,2.181472265498194,2.2255409284924603,2.270499837532397,2.316366976781085,2.3631606937057867,2.4108997064172013,2.459603111156941,2.5092903899362877,2.559981418329262,2.6116964734231076,2.664456241929406,2.718281828459035,2.773194763964286,2.829217014351549,2.8863709892679457,2.944679551065512,3.0041660239464227,3.0648542032929917,3.1267683651861446,3.1899332761161743,3.2543742028896614,3.3201169227365375,3.3871877336213254,3.455613464762667,3.5254214873653744,3.5966397255692715,3.669296667619237,3.743421377260857,3.8190435053663343
0.5272924240430484,0.5379444375946737,0.5488116360940254,0.559898366565401,0.571209063848814,0.5827482523739889,0.5945205479701934,0.6065306597126325,0.6187833918061401,0.6312836455069248,0.6440364210831402,0.6570468198150557,0.670320046035638,0.6838614092123545,0.6976763260710297,0.7117703227626084,0.726149037073689,0.7408182206817159,0.7557837414557228,0.7710515858035639,0.7866278610665506,0.8025187979624757,0.8187307530779783,0.8352702114112686,0.8521437889662072,0.8693582353988024,0.8869204367171538,0.9048374180359559,0.923116346386632,0.9417645335842446,0.9607894391523187,0.980198673306751,0.9999999999999952,1.0202013400267513,1.0408107741923833,1.0618365465453543,1.083287067674953,1.1051709180756422,1.1274968515793693,1.1502737988572214,1.1735108709918045,1.1972173631218035,1.2214027581601625,1.2460767305873737,1.2712491503213985,1.2969300866657656,1.3231298123374302,1.349858807575996,1.3771277643359507,1.404947590563588,1.4333294145603341,1.4622845894342191,1.4918246976412641,1.5219615556186272,1.5527072185113302,1.5840739849944763,1.616074402192888,1.6487212707001226,1.6820276496988804,1.7160068621848523,1.7506725002960946,1.7860384307500665,1.822118800390503,1.8589280418463359,1.896480879304945,1.9347923344020257,1.9738777322304406,2.0137527074704695,2.054433210643881,2.095935514494358,2.138276220496812,2.1814722654981944,2.225540928492461,2.270499837532399,2.3163669767810835,2.363160693705788,2.4108997064172017,2.4596031111569423,2.5092903899362895,2.5599814183292615,2.611696473423108,2.6644562419294067,2.718281828459035,2.7731947639642867,2.8292170143515496,2.886370989267948,2.9446795510655117,3.004166023946422,3.0648542032929904,3.126768365186146,3.189933276116174,3.2543742028896605,3.320116922736538,3.3871877336213254,3.4556134647626675,3.5254214873653744,3.5966397255692732,3.6692966676192347,3.7434213772608538,3.819043505366332,3.8961933017952144
0.5379444375946745,0.5488116360940257,0.5598983665654013,0.571209063848814,0.5827482523739888,0.5945205479701936,0.6065306597126323,0.6187833918061401,0.6312836455069252,0.6440364210831404,0.6570468198150556,0.6703200460356382,0.6838614092123547,0.69767632607103,0.7117703227626084,0.7261490370736895,0.7408182206817162,0.7557837414557232,0.7710515858035638,0.786627861066551,0.8025187979624758,0.8187307530779794,0.8352702114112688,0.8521437889662082,0.8693582353988024,0.8869204367171544,0.9048374180359565,0.9231163463866325,0.941764533584245,0.9607894391523193,0.9801986733067514,0.9999999999999961,1.0202013400267511,1.0408107741923838,1.061836546545355,1.0832870676749533,1.1051709180756428,1.12749685157937,1.150273798857221,1.1735108709918045,1.1972173631218046,1.2214027581601634,1.2460767305873743,1.2712491503213978,1.2969300866657654,1.3231298123374304,1.3498588075759965,1.3771277643359505,1.4049475905635878,1.4333294145603346,1.4622845894342185,1.4918246976412646,1.5219615556186283,1.5527072185113304,1.5840739849944763,1.6160744021928872,1.6487212707001229,1.6820276496988813,1.7160068621848532,1.7506725002960961,1.7860384307500667,1.822118800390503,1.8589280418463359,1.8964808793049457,1.934792334402026,1.9738777322304413,2.01375270747047,2.054433210643881,2.095935514494358,2.138276220496812,2.1814722654981957,2.2255409284924603,2.270499837532399,2.3163669767810853,2.3631606937057867,2.410899706417203,2.4596031111569423,2.50929038993629,2.559981418329264,2.6116964734231085,2.6644562419294084,2.7182818284590353,2.773194763964287,2.8292170143515505,2.886370989267948,2.944679551065515,3.004166023946421,3.0648542032929917,3.126768365186145,3.1899332761161747,3.2543742028896614,3.320116922736538,3.3871877336213254,3.455613464762667,3.525421487365374,3.596639725569274,3.669296667619237,3.7434213772608538,3.81904350536633,3.8961933017952104,3.974901627494749
0.5488116360940265,0.5598983665654016,0.5712090638488141,0.582748252373989,0.5945205479701937,0.6065306597126329,0.61878339180614,0.6312836455069251,0.6440364210831406,0.6570468198150557,0.6703200460356381,0.6838614092123549,0.6976763260710299,0.7117703227626087,0.7261490370736895,0.7408182206817165,0.7557837414557241,0.7710515858035641,0.7866278610665512,0.8025187979624762,0.8187307530779793,0.8352702114112698,0.8521437889662083,0.869358235398803,0.8869204367171539,0.9048374180359561,0.9231163463866328,0.9417645335842454,0.9607894391523193,0.9801986733067514,0.9999999999999958,1.0202013400267518,1.0408107741923835,1.0618365465453552,1.0832870676749535,1.1051709180756424,1.1274968515793706,1.150273798857222,1.1735108709918043,1.1972173631218044,1.2214027581601645,1.2460767305873746,1.271249150321398,1.296930086665765,1.3231298123374309,1.3498588075759972,1.377127764335951,1.4049475905635875,1.4333294145603341,1.462284589434219,1.4918246976412644,1.5219615556186281,1.5527072185113304,1.5840739849944756,1.6160744021928881,1.6487212707001226,1.6820276496988813,1.7160068621848539,1.7506725002960954,1.7860384307500683,1.8221188003905031,1.8589280418463352,1.8964808793049461,1.9347923344020252,1.9738777322304415,2.0137527074704704,2.0544332106438814,2.095935514494358,2.1382762204968127,2.1814722654981957,2.2255409284924625,2.270499837532399,2.3163669767810853,2.3631606937057885,2.4108997064172026,2.459603111156943,2.50929038993629,2.5599814183292646,2.6116964734231107,2.664456241929409,2.718281828459036,2.773194763964288,2.8292170143515505,2.886370989267948,2.944679551065514,3.004166023946425,3.0648542032929895,3.126768365186145,3.189933276116173,3.2543742028896614,3.3201169227365375,3.3871877336213254,3.4556134647626675,3.525421487365373,3.596639725569274,3.6692966676192373,3.7434213772608547,3.819043505366327,3.896193301795207,3.974901627494745,4.055199966844674
0.5598983665654022,0.5712090638488143,0.582748252373989,0.5945205479701937,0.6065306597126325,0.61878339180614,0.6312836455069251,0.6440364210831405,0.6570468198150559,0.6703200460356381,0.6838614092123546,0.6976763260710297,0.7117703227626084,0.7261490370736897,0.7408182206817164,0.7557837414557238,0.7710515858035645,0.786627861066551,0.802518797962476,0.8187307530779796,0.8352702114112692,0.8521437889662086,0.8693582353988025,0.8869204367171543,0.904837418035956,0.9231163463866323,0.9417645335842453,0.9607894391523195,0.9801986733067514,0.9999999999999957,1.0202013400267518,1.0408107741923838,1.0618365465453552,1.0832870676749538,1.1051709180756426,1.1274968515793706,1.1502737988572216,1.1735108709918045,1.197217363121804,1.2214027581601636,1.2460767305873746,1.2712491503213978,1.296930086665765,1.32312981233743,1.349858807575997,1.3771277643359505,1.4049475905635866,1.433329414560333,1.462284589434218,1.4918246976412646,1.521961555618627,1.5527072185113302,1.5840739849944763,1.616074402192887,1.648721270700123,1.6820276496988804,1.7160068621848525,1.7506725002960954,1.7860384307500667,1.8221188003905036,1.858928041846335,1.8964808793049444,1.9347923344020255,1.9738777322304422,2.01375270747047,2.0544332106438823,2.0959355144943586,2.1382762204968118,2.1814722654981944,2.225540928492461,2.2704998375324,2.3163669767810844,2.3631606937057876,2.410899706417203,2.4596031111569414,2.5092903899362904,2.559981418329264,2.61169647342311,2.664456241929409,2.7182818284590358,2.773194763964287,2.829217014351549,2.8863709892679474,2.9446795510655135,3.004166023946422,3.0648542032929913,3.1267683651861438,3.1899332761161734,3.254374202889659,3.3201169227365366,3.3871877336213227,3.4556134647626657,3.5254214873653713,3.596639725569272,3.669296667619235,3.7434213772608538,3.819043505366327,3.896193301795206,3.97490162749474,4.055199966844671,4.137120440251392
0.5712090638488152,0.5827482523739895,0.5945205479701942,0.6065306597126331,0.6187833918061405,0.6312836455069254,0.6440364210831407,0.6570468198150559,0.6703200460356387,0.6838614092123549,0.6976763260710298,0.7117703227626085,0.7261490370736896,0.7408182206817169,0.7557837414557242,0.7710515858035651,0.7866278610665516,0.8025187979624764,0.8187307530779799,0.83527021141127,0.852143788966209,0.8693582353988036,0.8869204367171547,0.9048374180359564,0.9231163463866322,0.9417645335842457,0.9607894391523204,0.9801986733067523,0.9999999999999966,1.020201340026752,1.0408107741923842,1.0618365465453559,1.0832870676749546,1.1051709180756435,1.127496851579371,1.1502737988572223,1.1735108709918054,1.1972173631218048,1.2214027581601639,1.2460767305873748,1.2712491503213996,1.296930086665766,1.3231298123374307,1.3498588075759965,1.377127764335951,1.4049475905635875,1.4333294145603341,1.462284589434218,1.4918246976412646,1.5219615556186283,1.55270721851133,1.5840739849944765,1.616074402192888,1.6487212707001224,1.6820276496988817,1.7160068621848537,1.7506725002960957,1.786038430750069,1.8221188003905036,1.8589280418463368,1.8964808793049452,1.9347923344020248,1.9738777322304428,2.0137527074704717,2.054433210643882,2.095935514494359,2.1382762204968135,2.1814722654981953,2.2255409284924617,2.2704998375324,2.316366976781087,2.3631606937057894,2.410899706417203,2.4596031111569436,2.5092903899362904,2.559981418329264,2.6116964734231116,2.6644562419294098,2.718281828459038,2.7731947639642884,2.8292170143515505,2.8863709892679483,2.9446795510655144,3.0041660239464236,3.0648542032929913,3.126768365186146,3.1899332761161747,3.254374202889659,3.320116922736537,3.3871877336213254,3.4556134647626653,3.525421487365372,3.596639725569273,3.6692966676192333,3.7434213772608547,3.819043505366329,3.8961933017952073,3.97490162749474,4.055199966844668,4.137120440251389,4.220695816996552
0.5827482523739898,0.5945205479701944,0.6065306597126332,0.6187833918061405,0.6312836455069257,0.644036421083141,0.6570468198150561,0.6703200460356382,0.6838614092123549,0.69767632607103,0.7117703227626085,0.7261490370736897,0.7408182206817165,0.7557837414557246,0.7710515858035648,0.786627861066552,0.8025187979624769,0.8187307530779799,0.8352702114112698,0.852143788966209,0.8693582353988035,0.8869204367171554,0.9048374180359565,0.9231163463866328,0.9417645335842453,0.96078943915232,0.9801986733067521,0.9999999999999968,1.0202013400267527,1.0408107741923847,1.0618365465453556,1.0832870676749546,1.1051709180756435,1.127496851579371,1.1502737988572227,1.1735108709918056,1.1972173631218057,1.221402758160165,1.2460767305873746,1.2712491503213985,1.296930086665766,1.3231298123374309,1.3498588075759967,1.3771277643359507,1.4049475905635873,1.4333294145603344,1.462284589434218,1.491824697641264,1.521961555618628,1.55270721851133,1.5840739849944758,1.616074402192888,1.6487212707001222,1.6820276496988809,1.7160068621848534,1.7506725002960957,1.7860384307500679,1.8221188003905038,1.8589280418463356,1.8964808793049457,1.9347923344020257,1.9738777322304408,2.0137527074704713,2.054433210643882,2.095935514494358,2.1382762204968127,2.1814722654981953,2.2255409284924617,2.270499837532399,2.316366976781086,2.3631606937057894,2.410899706417202,2.4596031111569427,2.5092903899362913,2.5599814183292633,2.6116964734231107,2.6644562419294098,2.718281828459037,2.7731947639642898,2.82921701435155,2.886370989267948,2.944679551065514,3.0041660239464245,3.064854203292993,3.1267683651861433,3.1899332761161747,3.2543742028896596,3.3201169227365366,3.387187733621322,3.455613464762665,3.5254214873653713,3.596639725569271,3.6692966676192333,3.743421377260853,3.8190435053663276,3.8961933017952073,3.9749016274947393,4.0551999668446665,4.137120440251386,4.220695816996549,4.3059595283452055
0.5945205479701944,0.6065306597126338,0.618783391806141,0.6312836455069262,0.6440364210831412,0.6570468198150564,0.6703200460356384,0.683861409212355,0.69767632607103,0.7117703227626085,0.7261490370736895,0.7408182206817164,0.7557837414557242,0.7710515858035651,0.786627861066552,0.8025187979624769,0.8187307530779804,0.8352702114112699,0.8521437889662092,0.8693582353988035,0.886920436717155,0.9048374180359572,0.923116346386633,0.9417645335842458,0.9607894391523198,0.9801986733067525,0.999999999999997,1.0202013400267524,1.0408107741923847,1.0618365465453559,1.0832870676749546,1.1051709180756435,1.1274968515793717,1.150273798857223,1.1735108709918056,1.1972173631218053,1.2214027581601647,1.246076730587375,1.2712491503213987,1.2969300866657663,1.3231298123374315,1.3498588075759972,1.377127764335951,1.4049475905635873,1.4333294145603344,1.462284589434218,1.4918246976412635,1.5219615556186268,1.5527072185113298,1.584073984994476,1.6160744021928872,1.6487212707001222,1.6820276496988806,1.716006862184853,1.750672500296096,1.7860384307500674,1.8221188003905036,1.8589280418463376,1.8964808793049455,1.9347923344020257,1.9738777322304413,2.01375270747047,2.054433210643882,2.0959355144943594,2.1382762204968127,2.1814722654981957,2.2255409284924617,2.2704998375324,2.316366976781085,2.3631606937057894,2.4108997064172035,2.4596031111569436,2.50929038993629,2.559981418329265,2.6116964734231094,2.664456241929409,2.718281828459037,2.773194763964289,2.829217014351551,2.8863709892679488,2.9446795510655144,3.0041660239464223,3.064854203292992,3.126768365186145,3.189933276116173,3.25437420288966,3.3201169227365344,3.3871877336213227,3.455613464762663,3.525421487365371,3.59663972556927,3.6692966676192342,3.743421377260851,3.819043505366325,3.8961933017952055,3.9749016274947384,4.055199966844665,4.137120440251385,4.220695816996545,4.305959528345203,4.392945680918755
0.6065306597126335,0.6187833918061412,0.6312836455069263,0.6440364210831416,0.6570468198150569,0.6703200460356391,0.6838614092123553,0.6976763260710304,0.7117703227626089,0.7261490370736899,0.7408182206817165,0.7557837414557242,0.7710515858035651,0.7866278610665525,0.8025187979624773,0.8187307530779805,0.8352702114112706,0.8521437889662096,0.869358235398804,0.8869204367171555,0.9048374180359575,0.9231163463866336,0.9417645335842462,0.9607894391523205,0.9801986733067521,0.9999999999999972,1.0202013400267531,1.040810774192385,1.0618365465453565,1.0832870676749553,1.105170918075644,1.127496851579372,1.1502737988572234,1.1735108709918063,1.197217363121806,1.2214027581601654,1.2460767305873761,1.2712491503213996,1.296930086665766,1.3231298123374315,1.3498588075759979,1.3771277643359514,1.4049475905635878,1.4333294145603341,1.462284589434219,1.4918246976412644,1.5219615556186274,1.5527072185113298,1.584073984994476,1.616074402192888,1.6487212707001224,1.6820276496988809,1.716006862184853,1.750672500296096,1.7860384307500687,1.8221188003905038,1.8589280418463372,1.8964808793049468,1.9347923344020264,1.9738777322304426,2.013752707470471,2.0544332106438814,2.09593551449436,2.138276220496814,2.1814722654981957,2.2255409284924625,2.2704998375324004,2.3163669767810857,2.3631606937057885,2.410899706417204,2.4596031111569436,2.5092903899362913,2.5599814183292646,2.611696473423111,2.6644562419294093,2.7182818284590384,2.7731947639642907,2.829217014351552,2.8863709892679505,2.9446795510655144,3.004166023946423,3.064854203292992,3.1267683651861464,3.1899332761161743,3.25437420288966,3.3201169227365375,3.387187733621323,3.4556134647626644,3.52542148736537,3.59663972556927,3.669296667619233,3.7434213772608516,3.819043505366325,3.896193301795204,3.9749016274947397,4.055199966844666,4.137120440251384,4.220695816996545,4.3059595283452,4.3929456809187535,4.4816890703380645
0.618783391806141,0.6312836455069262,0.6440364210831417,0.6570468198150573,0.6703200460356394,0.6838614092123554,0.6976763260710305,0.7117703227626089,0.7261490370736898,0.7408182206817168,0.7557837414557241,0.7710515858035647,0.7866278610665521,0.8025187979624775,0.8187307530779803,0.8352702114112704,0.8521437889662098,0.869358235398804,0.8869204367171555,0.9048374180359574,0.9231163463866334,0.9417645335842463,0.9607894391523204,0.9801986733067521,0.9999999999999967,1.0202013400267527,1.040810774192385,1.0618365465453563,1.0832870676749553,1.1051709180756442,1.127496851579372,1.1502737988572236,1.1735108709918058,1.1972173631218064,1.221402758160165,1.2460767305873757,1.2712491503214003,1.2969300866657665,1.3231298123374309,1.3498588075759974,1.3771277643359512,1.404947590563588,1.4333294145603341,1.462284589434218,1.491824697641264,1.521961555618627,1.552707218511329,1.5840739849944752,1.6160744021928874,1.6487212707001222,1.6820276496988804,1.7160068621848525,1.750672500296095,1.7860384307500683,1.8221188003905042,1.8589280418463363,1.8964808793049464,1.9347923344020264,1.973877732230442,2.0137527074704713,2.054433210643882,2.0959355144943577,2.138276220496814,2.1814722654981957,2.2255409284924617,2.2704998375324,2.316366976781085,2.3631606937057876,2.410899706417203,2.4596031111569436,2.509290389936291,2.559981418329264,2.6116964734231103,2.664456241929409,2.718281828459036,2.7731947639642907,2.829217014351552,2.886370989267949,2.9446795510655153,3.004166023946423,3.0648542032929904,3.126768365186145,3.1899332761161734,3.25437420288966,3.3201169227365352,3.3871877336213245,3.455613464762663,3.525421487365369,3.5966397255692684,3.669296667619231,3.7434213772608493,3.819043505366323,3.896193301795203,3.974901627494736,4.055199966844665,4.137120440251382,4.220695816996543,4.305959528345197,4.392945680918749,4.481689070338061,4.57222519514216
0.631283645506926,0.6440364210831416,0.657046819815057,0.6703200460356394,0.6838614092123562,0.697676326071031,0.7117703227626089,0.7261490370736902,0.7408182206817169,0.7557837414557244,0.7710515858035649,0.7866278610665522,0.8025187979624774,0.8187307530779809,0.8352702114112707,0.8521437889662099,0.8693582353988041,0.8869204367171554,0.9048374180359577,0.9231163463866335,0.9417645335842465,0.9607894391523207,0.9801986733067525,0.9999999999999971,1.0202013400267524,1.0408107741923855,1.061836546545357,1.083287067674955,1.1051709180756448,1.127496851579372,1.1502737988572236,1.1735108709918063,1.1972173631218064,1.2214027581601659,1.2460767305873763,1.2712491503213998,1.296930086665767,1.3231298123374318,1.3498588075759974,1.3771277643359516,1.4049475905635882,1.4333294145603346,1.4622845894342182,1.491824697641264,1.5219615556186283,1.5527072185113298,1.5840739849944752,1.6160744021928868,1.648721270700122,1.6820276496988806,1.7160068621848525,1.7506725002960952,1.7860384307500674,1.8221188003905036,1.8589280418463368,1.896480879304946,1.9347923344020261,1.9738777322304424,2.0137527074704713,2.0544332106438827,2.0959355144943586,2.1382762204968118,2.1814722654981966,2.225540928492463,2.2704998375323995,2.3163669767810866,2.3631606937057894,2.410899706417202,2.4596031111569423,2.5092903899362904,2.5599814183292637,2.61169647342311,2.664456241929409,2.7182818284590375,2.7731947639642884,2.829217014351552,2.8863709892679497,2.9446795510655153,3.0041660239464245,3.0648542032929926,3.126768365186144,3.1899332761161734,3.2543742028896614,3.3201169227365366,3.3871877336213227,3.455613464762665,3.5254214873653695,3.596639725569269,3.6692966676192307,3.7434213772608493,3.8190435053663228,3.896193301795203,3.9749016274947357,4.055199966844663,4.137120440251383,4.220695816996542,4.305959528345197,4.392945680918748,4.4816890703380565,4.572225195142154,4.664590270988123
0.6440364210831415,0.6570468198150572,0.6703200460356399,0.6838614092123565,0.6976763260710314,0.7117703227626095,0.7261490370736902,0.7408182206817172,0.7557837414557248,0.7710515858035653,0.7866278610665519,0.8025187979624768,0.8187307530779807,0.8352702114112709,0.85214378896621,0.8693582353988041,0.8869204367171556,0.9048374180359576,0.9231163463866342,0.9417645335842464,0.9607894391523212,0.9801986733067534,0.9999999999999972,1.0202013400267531,1.0408107741923849,1.061836546545357,1.0832870676749558,1.105170918075644,1.1274968515793726,1.150273798857224,1.1735108709918067,1.1972173631218064,1.2214027581601659,1.2460767305873766,1.2712491503214005,1.2969300866657674,1.3231298123374324,1.3498588075759979,1.3771277643359516,1.4049475905635889,1.4333294145603352,1.462284589434219,1.4918246976412657,1.5219615556186277,1.5527072185113302,1.5840739849944756,1.6160744021928872,1.6487212707001224,1.6820276496988806,1.7160068621848523,1.7506725002960943,1.7860384307500674,1.8221188003905024,1.8589280418463372,1.896480879304947,1.9347923344020257,1.973877732230442,2.0137527074704713,2.0544332106438823,2.09593551449436,2.138276220496813,2.1814722654981944,2.225540928492463,2.2704998375324004,2.3163669767810857,2.36316069370579,2.4108997064172044,2.4596031111569427,2.5092903899362904,2.5599814183292646,2.61169647342311,2.6644562419294093,2.718281828459037,2.7731947639642907,2.8292170143515505,2.8863709892679505,2.9446795510655166,3.0041660239464245,3.064854203292993,3.126768365186145,3.189933276116172,3.25437420288966,3.320116922736539,3.3871877336213214,3.4556134647626644,3.525421487365372,3.5966397255692684,3.669296667619232,3.7434213772608476,3.8190435053663223,3.896193301795202,3.9749016274947344,4.055199966844661,4.13712044025138,4.220695816996543,4.305959528345195,4.392945680918746,4.481689070338056,4.572225195142153,4.664590270988122,4.758821245137854
0.6570468198150566,0.6703200460356395,0.6838614092123563,0.6976763260710315,0.7117703227626099,0.7261490370736907,0.7408182206817173,0.7557837414557245,0.7710515858035654,0.7866278610665522,0.8025187979624769,0.8187307530779804,0.8352702114112708,0.8521437889662099,0.8693582353988041,0.8869204367171557,0.9048374180359575,0.9231163463866335,0.9417645335842468,0.9607894391523207,0.9801986733067531,0.9999999999999973,1.0202013400267531,1.0408107741923849,1.061836546545356,1.0832870676749553,1.1051709180756444,1.127496851579372,1.1502737988572238,1.1735108709918065,1.1972173631218064,1.2214027581601656,1.2460767305873768,1.2712491503214005,1.2969300866657676,1.3231298123374327,1.349858807575998,1.3771277643359516,1.404947590563588,1.4333294145603352,1.4622845894342196,1.4918246976412646,1.5219615556186281,1.5527072185113295,1.5840739849944763,1.6160744021928866,1.648721270700121,1.6820276496988795,1.716006862184852,1.750672500296095,1.7860384307500667,1.8221188003905027,1.8589280418463359,1.8964808793049452,1.9347923344020264,1.9738777322304415,2.0137527074704704,2.0544332106438823,2.095935514494359,2.1382762204968127,2.181472265498195,2.22554092849246,2.2704998375324004,2.316366976781086,2.3631606937057885,2.410899706417203,2.4596031111569427,2.5092903899362895,2.559981418329264,2.61169647342311,2.6644562419294076,2.7182818284590358,2.773194763964289,2.8292170143515505,2.8863709892679474,2.9446795510655153,3.0041660239464227,3.064854203292992,3.126768365186145,3.189933276116174,3.254374202889658,3.320116922736535,3.3871877336213245,3.4556134647626617,3.525421487365369,3.5966397255692684,3.6692966676192302,3.7434213772608484,3.819043505366319,3.8961933017951997,3.974901627494732,4.055199966844661,4.137120440251379,4.22069581699654,4.305959528345195,4.392945680918743,4.481689070338055,4.572225195142147,4.664590270988118,4.758821245137848,4.854955811237432
0.6703200460356392,0.6838614092123559,0.6976763260710314,0.71177032276261,0.7261490370736912,0.7408182206817174,0.7557837414557246,0.7710515858035653,0.7866278610665521,0.8025187979624774,0.8187307530779799,0.8352702114112707,0.8521437889662099,0.8693582353988042,0.8869204367171558,0.9048374180359579,0.9231163463866336,0.9417645335842463,0.9607894391523214,0.9801986733067524,0.9999999999999971,1.0202013400267531,1.040810774192385,1.0618365465453559,1.083287067674955,1.1051709180756442,1.127496851579372,1.1502737988572231,1.1735108709918065,1.1972173631218066,1.2214027581601659,1.2460767305873766,1.2712491503214003,1.2969300866657676,1.3231298123374329,1.3498588075759985,1.3771277643359519,1.4049475905635884,1.4333294145603344,1.4622845894342194,1.4918246976412655,1.521961555618628,1.55270721851133,1.5840739849944747,1.6160744021928872,1.6487212707001213,1.6820276496988802,1.7160068621848517,1.7506725002960948,1.786038430750066,1.8221188003905016,1.8589280418463359,1.8964808793049448,1.9347923344020255,1.973877732230442,2.0137527074704695,2.054433210643881,2.095935514494358,2.1382762204968127,2.1814722654981957,2.225540928492461,2.270499837532397,2.3163669767810853,2.3631606937057894,2.410899706417202,2.4596031111569427,2.5092903899362904,2.559981418329263,2.6116964734231085,2.6644562419294076,2.718281828459035,2.7731947639642875,2.8292170143515496,2.8863709892679483,2.9446795510655126,3.004166023946423,3.0648542032929904,3.1267683651861433,3.1899332761161734,3.2543742028896587,3.3201169227365335,3.3871877336213205,3.455613464762665,3.5254214873653678,3.596639725569268,3.66929666761923,3.743421377260847,3.8190435053663188,3.8961933017951966,3.9749016274947317,4.055199966844658,4.137120440251377,4.220695816996537,4.305959528345191,4.392945680918743,4.48168907033805,4.572225195142147,4.664590270988114,4.758821245137844,4.854955811237428,4.953032424395112
0.6838614092123557,0.6976763260710314,0.71177032276261,0.7261490370736913,0.7408182206817179,0.7557837414557252,0.7710515858035656,0.7866278610665529,0.8025187979624772,0.8187307530779808,0.8352702114112706,0.8521437889662097,0.8693582353988046,0.886920436717156,0.9048374180359577,0.923116346386634,0.9417645335842464,0.9607894391523211,0.9801986733067533,0.999999999999997,1.0202013400267531,1.040810774192385,1.0618365465453565,1.0832870676749549,1.1051709180756437,1.127496851579372,1.1502737988572238,1.173510870991806,1.1972173631218064,1.2214027581601663,1.2460767305873766,1.2712491503214007,1.2969300866657676,1.3231298123374327,1.349858807575999,1.3771277643359527,1.4049475905635886,1.4333294145603344,1.462284589434219,1.4918246976412648,1.5219615556186294,1.5527072185113306,1.5840739849944767,1.616074402192887,1.648721270700122,1.6820276496988795,1.7160068621848517,1.7506725002960943,1.786038430750066,1.822118800390503,1.8589280418463352,1.8964808793049441,1.9347923344020252,1.9738777322304413,2.01375270747047,2.0544332106438814,2.095935514494358,2.1382762204968127,2.1814722654981953,2.225540928492462,2.2704998375323995,2.3163669767810835,2.36316069370579,2.410899706417203,2.4596031111569414,2.509290389936291,2.5599814183292637,2.611696473423109,2.6644562419294076,2.7182818284590358,2.7731947639642875,2.829217014351549,2.8863709892679483,2.944679551065514,3.0041660239464205,3.0648542032929926,3.1267683651861446,3.1899332761161743,3.2543742028896587,3.3201169227365352,3.3871877336213205,3.4556134647626613,3.525421487365369,3.5966397255692666,3.6692966676192307,3.7434213772608476,3.81904350536632,3.896193301795198,3.974901627494731,4.055199966844658,4.137120440251376,4.220695816996538,4.3059595283451895,4.392945680918742,4.481689070338052,4.572225195142144,4.664590270988114,4.758821245137842,4.854955811237425,4.95303242439511,5.053090316563864
0.6976763260710312,0.7117703227626101,0.7261490370736914,0.7408182206817184,0.7557837414557258,0.7710515858035663,0.7866278610665529,0.8025187979624777,0.8187307530779809,0.8352702114112714,0.85214378896621,0.8693582353988044,0.8869204367171563,0.9048374180359585,0.923116346386634,0.941764533584247,0.9607894391523213,0.9801986733067534,0.999999999999998,1.0202013400267531,1.0408107741923855,1.061836546545357,1.0832870676749558,1.105170918075644,1.127496851579372,1.150273798857224,1.1735108709918065,1.1972173631218064,1.2214027581601667,1.246076730587377,1.271249150321401,1.296930086665768,1.3231298123374324,1.3498588075759987,1.3771277643359532,1.4049475905635898,1.4333294145603355,1.4622845894342196,1.4918246976412652,1.521961555618629,1.5527072185113315,1.584073984994476,1.6160744021928881,1.648721270700122,1.6820276496988809,1.7160068621848519,1.750672500296095,1.786038430750067,1.8221188003905031,1.8589280418463363,1.896480879304945,1.9347923344020255,1.9738777322304417,2.0137527074704704,2.0544332106438827,2.0959355144943586,2.138276220496813,2.1814722654981957,2.225540928492463,2.2704998375324,2.3163669767810853,2.363160693705786,2.4108997064172035,2.459603111156943,2.50929038993629,2.5599814183292646,2.6116964734231103,2.6644562419294084,2.7182818284590367,2.7731947639642884,2.8292170143515496,2.886370989267948,2.9446795510655144,3.004166023946424,3.0648542032929913,3.1267683651861464,3.1899332761161734,3.2543742028896596,3.3201169227365357,3.387187733621322,3.455613464762661,3.5254214873653678,3.596639725569269,3.669296667619229,3.7434213772608502,3.819043505366321,3.8961933017951997,3.974901627494731,4.055199966844657,4.137120440251377,4.220695816996537,4.305959528345191,4.392945680918741,4.481689070338049,4.572225195142147,4.6645902709881115,4.758821245137842,4.854955811237422,4.953032424395105,5.053090316563862,5.155169512234681
0.7117703227626098,0.726149037073691,0.7408182206817179,0.7557837414557257,0.7710515858035664,0.786627861066553,0.8025187979624777,0.818730753077981,0.835270211411271,0.8521437889662102,0.8693582353988049,0.8869204367171558,0.9048374180359586,0.9231163463866344,0.9417645335842469,0.9607894391523213,0.980198673306753,0.9999999999999976,1.0202013400267533,1.040810774192385,1.0618365465453565,1.083287067674955,1.1051709180756442,1.127496851579372,1.150273798857223,1.1735108709918065,1.1972173631218062,1.2214027581601654,1.246076730587377,1.2712491503214012,1.2969300866657676,1.3231298123374329,1.349858807575999,1.3771277643359525,1.4049475905635893,1.4333294145603352,1.4622845894342198,1.491824697641265,1.5219615556186283,1.5527072185113315,1.5840739849944772,1.6160744021928874,1.6487212707001229,1.6820276496988797,1.7160068621848525,1.750672500296094,1.7860384307500674,1.8221188003905027,1.8589280418463352,1.8964808793049457,1.934792334402025,1.973877732230441,2.0137527074704704,2.054433210643882,2.095935514494358,2.138276220496812,2.181472265498194,2.2255409284924603,2.2704998375323995,2.3163669767810853,2.3631606937057863,2.4108997064172013,2.459603111156943,2.5092903899362904,2.559981418329263,2.6116964734231085,2.66445624192941,2.7182818284590353,2.7731947639642875,2.829217014351549,2.8863709892679474,2.9446795510655126,3.0041660239464227,3.0648542032929913,3.1267683651861433,3.1899332761161743,3.254374202889659,3.3201169227365352,3.3871877336213214,3.4556134647626617,3.525421487365366,3.596639725569267,3.6692966676192307,3.743421377260847,3.819043505366321,3.896193301795199,3.9749016274947304,4.055199966844657,4.137120440251374,4.220695816996535,4.305959528345189,4.392945680918739,4.48168907033805,4.572225195142143,4.664590270988112,4.758821245137837,4.85495581123742,4.953032424395104,5.053090316563857,5.155169512234675,5.2593108444468974
0.7261490370736908,0.7408182206817182,0.7557837414557259,0.7710515858035666,0.7866278610665531,0.8025187979624785,0.8187307530779813,0.8352702114112714,0.8521437889662107,0.869358235398805,0.8869204367171565,0.9048374180359586,0.9231163463866348,0.9417645335842474,0.9607894391523214,0.9801986733067537,0.9999999999999983,1.0202013400267536,1.0408107741923858,1.0618365465453563,1.0832870676749555,1.1051709180756442,1.1274968515793722,1.1502737988572234,1.173510870991806,1.1972173631218066,1.2214027581601659,1.246076730587377,1.2712491503214016,1.2969300866657683,1.323129812337433,1.3498588075759994,1.377127764335953,1.4049475905635889,1.4333294145603368,1.4622845894342198,1.4918246976412657,1.521961555618629,1.5527072185113306,1.5840739849944767,1.6160744021928892,1.6487212707001226,1.6820276496988802,1.7160068621848532,1.7506725002960952,1.7860384307500674,1.8221188003905033,1.8589280418463368,1.8964808793049448,1.9347923344020261,1.9738777322304413,2.01375270747047,2.054433210643882,2.0959355144943586,2.138276220496812,2.1814722654981953,2.225540928492461,2.2704998375323995,2.3163669767810857,2.363160693705788,2.410899706417203,2.4596031111569405,2.509290389936291,2.559981418329264,2.611696473423109,2.664456241929409,2.718281828459037,2.773194763964289,2.8292170143515496,2.8863709892679483,2.9446795510655135,3.0041660239464227,3.064854203292992,3.1267683651861455,3.1899332761161725,3.2543742028896605,3.3201169227365352,3.387187733621322,3.455613464762664,3.525421487365369,3.596639725569266,3.6692966676192285,3.743421377260848,3.8190435053663196,3.8961933017951997,3.9749016274947326,4.055199966844658,4.137120440251376,4.220695816996534,4.3059595283451895,4.39294568091874,4.4816890703380485,4.572225195142143,4.664590270988112,4.758821245137839,4.854955811237419,4.9530324243951025,5.053090316563855,5.155169512234673,5.259310844446896,5.365555971121974
0.740818220681718,0.7557837414557258,0.7710515858035666,0.7866278610665536,0.8025187979624785,0.8187307530779817,0.8352702114112714,0.8521437889662108,0.8693582353988053,0.8869204367171571,0.9048374180359587,0.9231163463866349,0.941764533584248,0.960789439152322,0.9801986733067539,0.9999999999999984,1.020201340026754,1.0408107741923858,1.0618365465453572,1.0832870676749555,1.1051709180756442,1.1274968515793722,1.150273798857224,1.173510870991806,1.197217363121806,1.2214027581601665,1.2460767305873774,1.271249150321401,1.2969300866657685,1.3231298123374335,1.3498588075759992,1.3771277643359534,1.4049475905635898,1.4333294145603361,1.4622845894342205,1.4918246976412657,1.521961555618629,1.5527072185113313,1.584073984994476,1.6160744021928883,1.648721270700124,1.6820276496988806,1.7160068621848528,1.7506725002960957,1.7860384307500685,1.8221188003905033,1.8589280418463372,1.8964808793049455,1.934792334402026,1.9738777322304424,2.01375270747047,2.0544332106438823,2.0959355144943594,2.138276220496812,2.1814722654981953,2.2255409284924617,2.270499837532399,2.3163669767810857,2.3631606937057894,2.410899706417203,2.4596031111569423,2.509290389936289,2.559981418329264,2.6116964734231107,2.6644562419294084,2.718281828459038,2.77319476396429,2.8292170143515496,2.8863709892679483,2.944679551065515,3.004166023946424,3.064854203292992,3.126768365186145,3.1899332761161747,3.254374202889659,3.3201169227365375,3.387187733621323,3.455613464762665,3.525421487365368,3.596639725569267,3.669296667619229,3.743421377260847,3.8190435053663223,3.8961933017951993,3.9749016274947317,4.055199966844659,4.137120440251375,4.220695816996536,4.305959528345188,4.392945680918739,4.4816890703380485,4.572225195142143,4.66459027098811,4.758821245137839,4.854955811237418,4.9530324243951,5.053090316563854,5.155169512234671,5.25931084444689,5.365555971121971,5.4739473917272
0.7557837414557255,0.7710515858035663,0.7866278610665534,0.8025187979624783,0.8187307530779813,0.8352702114112713,0.8521437889662105,0.8693582353988052,0.8869204367171568,0.9048374180359586,0.9231163463866349,0.9417645335842474,0.9607894391523221,0.9801986733067537,0.9999999999999981,1.0202013400267542,1.0408107741923862,1.0618365465453568,1.0832870676749555,1.1051709180756444,1.1274968515793722,1.1502737988572234,1.1735108709918063,1.197217363121806,1.2214027581601654,1.246076730587377,1.2712491503214005,1.296930086665768,1.3231298123374333,1.3498588075759987,1.3771277643359525,1.404947590563589,1.4333294145603361,1.4622845894342194,1.4918246976412657,1.5219615556186286,1.5527072185113306,1.584073984994477,1.6160744021928872,1.6487212707001224,1.6820276496988822,1.7160068621848523,1.7506725002960954,1.7860384307500676,1.8221188003905036,1.858928041846337,1.896480879304946,1.9347923344020257,1.9738777322304413,2.0137527074704713,2.0544332106438814,2.0959355144943586,2.1382762204968135,2.1814722654981953,2.2255409284924608,2.2704998375323995,2.316366976781085,2.363160693705788,2.4108997064172035,2.4596031111569423,2.5092903899362886,2.5599814183292624,2.61169647342311,2.6644562419294084,2.7182818284590358,2.7731947639642893,2.829217014351551,2.8863709892679483,2.944679551065513,3.0041660239464236,3.0648542032929917,3.1267683651861455,3.1899332761161734,3.254374202889661,3.3201169227365366,3.3871877336213236,3.455613464762662,3.525421487365369,3.5966397255692693,3.6692966676192293,3.743421377260847,3.8190435053663183,3.896193301795198,3.974901627494731,4.055199966844658,4.137120440251376,4.220695816996534,4.305959528345188,4.3929456809187375,4.481689070338047,4.572225195142141,4.664590270988109,4.758821245137836,4.854955811237415,4.953032424395098,5.05309031656385,5.155169512234669,5.259310844446888,5.365555971121966,5.4739473917271955,5.584528464276053
0.7710515858035665,0.7866278610665539,0.8025187979624785,0.8187307530779823,0.835270211411272,0.8521437889662109,0.8693582353988052,0.8869204367171569,0.9048374180359592,0.923116346386635,0.9417645335842482,0.9607894391523222,0.9801986733067545,0.9999999999999988,1.0202013400267542,1.0408107741923862,1.0618365465453576,1.0832870676749558,1.105170918075645,1.1274968515793726,1.150273798857224,1.1735108709918065,1.197217363121806,1.2214027581601656,1.2460767305873772,1.2712491503214007,1.296930086665768,1.3231298123374333,1.349858807576,1.3771277643359532,1.4049475905635898,1.4333294145603368,1.4622845894342205,1.491824697641266,1.5219615556186297,1.5527072185113306,1.5840739849944776,1.6160744021928886,1.6487212707001229,1.6820276496988806,1.7160068621848537,1.7506725002960952,1.7860384307500683,1.822118800390504,1.858928041846337,1.8964808793049461,1.9347923344020266,1.9738777322304422,2.0137527074704713,2.0544332106438827,2.0959355144943586,2.1382762204968135,2.1814722654981966,2.225540928492462,2.2704998375323995,2.3163669767810857,2.363160693705789,2.410899706417204,2.459603111156943,2.5092903899362904,2.559981418329263,2.6116964734231094,2.664456241929409,2.718281828459038,2.7731947639642893,2.82921701435155,2.8863709892679505,2.9446795510655144,3.0041660239464245,3.0648542032929935,3.1267683651861478,3.189933276116175,3.254374202889661,3.320116922736538,3.3871877336213236,3.4556134647626644,3.525421487365369,3.5966397255692697,3.6692966676192307,3.743421377260847,3.8190435053663214,3.896193301795196,3.974901627494732,4.0551999668446586,4.137120440251376,4.220695816996536,4.305959528345187,4.39294568091874,4.481689070338046,4.572225195142144,4.664590270988109,4.758821245137839,4.854955811237417,4.953032424395099,5.0530903165638525,5.155169512234666,5.259310844446883,5.365555971121965,5.473947391727188,5.584528464276049,5.69734342267199
0.7866278610665531,0.8025187979624786,0.8187307530779815,0.8352702114112718,0.8521437889662108,0.869358235398805,0.8869204367171568,0.9048374180359585,0.923116346386635,0.941764533584248,0.9607894391523223,0.980198673306754,0.9999999999999987,1.0202013400267542,1.0408107741923864,1.0618365465453579,1.0832870676749562,1.1051709180756446,1.1274968515793728,1.1502737988572243,1.1735108709918063,1.1972173631218066,1.2214027581601659,1.246076730587377,1.2712491503214012,1.296930086665768,1.3231298123374338,1.3498588075759996,1.3771277643359536,1.4049475905635895,1.4333294145603355,1.462284589434221,1.4918246976412666,1.521961555618629,1.5527072185113315,1.5840739849944756,1.6160744021928886,1.6487212707001229,1.68202764969888,1.7160068621848525,1.7506725002960961,1.7860384307500672,1.8221188003905031,1.858928041846336,1.896480879304946,1.9347923344020264,1.9738777322304424,2.013752707470471,2.054433210643882,2.0959355144943594,2.1382762204968127,2.181472265498196,2.225540928492463,2.2704998375323995,2.3163669767810857,2.363160693705789,2.410899706417203,2.459603111156943,2.509290389936292,2.559981418329264,2.611696473423109,2.664456241929409,2.718281828459036,2.7731947639642898,2.829217014351551,2.8863709892679488,2.9446795510655157,3.0041660239464236,3.064854203292992,3.126768365186147,3.189933276116175,3.25437420288966,3.3201169227365366,3.387187733621325,3.4556134647626644,3.5254214873653704,3.596639725569269,3.669296667619232,3.7434213772608484,3.819043505366319,3.8961933017951975,3.97490162749473,4.055199966844658,4.1371204402513735,4.220695816996536,4.305959528345189,4.392945680918737,4.481689070338046,4.572225195142141,4.66459027098811,4.758821245137837,4.854955811237416,4.953032424395096,5.053090316563852,5.1551695122346635,5.259310844446883,5.36555597112196,5.473947391727189,5.584528464276045,5.6973434226719855,5.812437394402586
0.8025187979624784,0.818730753077982,0.835270211411272,0.852143788966211,0.8693582353988056,0.8869204367171567,0.9048374180359589,0.9231163463866349,0.9417645335842483,0.9607894391523224,0.9801986733067549,0.9999999999999989,1.0202013400267547,1.0408107741923869,1.0618365465453579,1.083287067674957,1.1051709180756455,1.127496851579373,1.150273798857225,1.1735108709918076,1.1972173631218066,1.2214027581601667,1.2460767305873772,1.2712491503214007,1.296930086665768,1.3231298123374333,1.3498588075759996,1.3771277643359536,1.4049475905635906,1.4333294145603366,1.4622845894342202,1.4918246976412666,1.52196155561863,1.5527072185113315,1.5840739849944774,1.616074402192888,1.648721270700123,1.6820276496988813,1.7160068621848523,1.7506725002960952,1.786038430750069,1.8221188003905036,1.8589280418463368,1.8964808793049457,1.9347923344020268,1.9738777322304424,2.0137527074704717,2.0544332106438823,2.09593551449436,2.138276220496814,2.181472265498196,2.225540928492464,2.270499837532402,2.316366976781086,2.363160693705789,2.4108997064172044,2.4596031111569445,2.5092903899362917,2.5599814183292646,2.6116964734231116,2.6644562419294098,2.7182818284590375,2.77319476396429,2.8292170143515523,2.88637098926795,2.9446795510655153,3.0041660239464254,3.0648542032929926,3.1267683651861455,3.1899332761161765,3.254374202889663,3.3201169227365392,3.387187733621325,3.455613464762665,3.5254214873653718,3.596639725569271,3.669296667619232,3.7434213772608516,3.8190435053663228,3.896193301795199,3.9749016274947335,4.0551999668446586,4.137120440251376,4.220695816996535,4.305959528345189,4.39294568091874,4.481689070338047,4.572225195142142,4.664590270988111,4.758821245137838,4.854955811237416,4.9530324243951,5.053090316563852,5.155169512234668,5.259310844446883,5.365555971121959,5.473947391727185,5.584528464276043,5.69734342267198,5.812437394402585,5.929856418591145
0.8187307530779817,0.8352702114112723,0.8521437889662113,0.8693582353988055,0.886920436717157,0.904837418035959,0.9231163463866346,0.9417645335842478,0.9607894391523225,0.9801986733067545,0.999999999999999,1.0202013400267547,1.040810774192387,1.061836546545358,1.083287067674957,1.105170918075646,1.1274968515793737,1.1502737988572256,1.1735108709918078,1.1972173631218075,1.2214027581601667,1.246076730587378,1.2712491503214018,1.2969300866657687,1.3231298123374335,1.3498588075760003,1.3771277643359543,1.4049475905635904,1.4333294145603372,1.4622845894342207,1.4918246976412661,1.5219615556186301,1.5527072185113322,1.5840739849944772,1.6160744021928888,1.6487212707001226,1.6820276496988815,1.7160068621848543,1.750672500296095,1.786038430750068,1.8221188003905044,1.858928041846336,1.8964808793049457,1.9347923344020257,1.9738777322304424,2.0137527074704717,2.054433210643883,2.0959355144943594,2.138276220496814,2.1814722654981975,2.225540928492463,2.2704998375324017,2.3163669767810875,2.3631606937057894,2.4108997064172053,2.4596031111569445,2.5092903899362917,2.559981418329267,2.6116964734231116,2.664456241929412,2.7182818284590375,2.773194763964291,2.829217014351553,2.886370989267952,2.944679551065516,3.004166023946425,3.0648542032929944,3.1267683651861486,3.189933276116175,3.2543742028896645,3.32011692273654,3.3871877336213267,3.455613464762666,3.5254214873653744,3.596639725569272,3.669296667619234,3.7434213772608507,3.819043505366324,3.896193301795203,3.974901627494732,4.055199966844661,4.137120440251376,4.220695816996538,4.305959528345189,4.392945680918741,4.481689070338047,4.572225195142141,4.664590270988111,4.7588212451378356,4.854955811237417,4.953032424395098,5.053090316563854,5.155169512234667,5.259310844446884,5.365555971121961,5.473947391727186,5.584528464276039,5.697343422671981,5.812437394402578,5.92985641859114,6.049647464412946
0.8352702114112719,0.8521437889662115,0.8693582353988057,0.8869204367171569,0.904837418035959,0.9231163463866346,0.9417645335842478,0.9607894391523221,0.9801986733067539,0.9999999999999989,1.0202013400267544,1.0408107741923869,1.0618365465453583,1.0832870676749575,1.105170918075646,1.1274968515793742,1.1502737988572256,1.173510870991808,1.197217363121808,1.2214027581601674,1.2460767305873781,1.2712491503214016,1.2969300866657687,1.3231298123374333,1.3498588075759996,1.3771277643359543,1.4049475905635906,1.4333294145603368,1.4622845894342211,1.4918246976412664,1.5219615556186301,1.5527072185113315,1.5840739849944778,1.6160744021928883,1.6487212707001233,1.6820276496988809,1.7160068621848537,1.7506725002960966,1.7860384307500665,1.8221188003905036,1.8589280418463372,1.896480879304945,1.9347923344020255,1.9738777322304415,2.0137527074704713,2.054433210643882,2.0959355144943594,2.1382762204968127,2.181472265498196,2.225540928492463,2.2704998375324013,2.316366976781088,2.363160693705791,2.410899706417205,2.459603111156945,2.509290389936293,2.559981418329267,2.611696473423114,2.664456241929412,2.71828182845904,2.773194763964292,2.829217014351554,2.8863709892679523,2.944679551065517,3.0041660239464245,3.0648542032929953,3.1267683651861495,3.1899332761161774,3.254374202889662,3.320116922736541,3.3871877336213267,3.455613464762668,3.525421487365374,3.596639725569272,3.6692966676192333,3.7434213772608524,3.8190435053663245,3.896193301795202,3.974901627494736,4.05519996684466,4.137120440251379,4.220695816996535,4.30595952834519,4.3929456809187375,4.4816890703380485,4.572225195142141,4.664590270988109,4.758821245137836,4.854955811237415,4.953032424395099,5.053090316563849,5.155169512234667,5.259310844446884,5.3655559711219585,5.473947391727183,5.5845284642760395,5.697343422671976,5.812437394402572,5.929856418591133,6.0496474644129385,6.171858449883551
0.8521437889662115,0.8693582353988053,0.8869204367171575,0.9048374180359594,0.9231163463866353,0.9417645335842476,0.9607894391523222,0.9801986733067543,0.9999999999999991,1.0202013400267547,1.0408107741923869,1.0618365465453585,1.0832870676749573,1.1051709180756468,1.1274968515793742,1.150273798857226,1.1735108709918085,1.1972173631218086,1.2214027581601683,1.246076730587379,1.2712491503214023,1.2969300866657694,1.3231298123374347,1.3498588075760003,1.3771277643359547,1.4049475905635909,1.433329414560338,1.4622845894342218,1.4918246976412675,1.5219615556186306,1.5527072185113322,1.5840739849944785,1.6160744021928901,1.6487212707001238,1.682027649698882,1.7160068621848539,1.7506725002960966,1.7860384307500685,1.8221188003905031,1.8589280418463363,1.8964808793049475,1.9347923344020261,1.973877732230442,2.013752707470471,2.054433210643883,2.095935514494359,2.138276220496814,2.181472265498196,2.225540928492463,2.270499837532401,2.316366976781088,2.3631606937057916,2.4108997064172066,2.459603111156946,2.509290389936295,2.5599814183292677,2.6116964734231147,2.6644562419294133,2.71828182845904,2.7731947639642933,2.8292170143515554,2.886370989267953,2.9446795510655193,3.004166023946428,3.0648542032929953,3.1267683651861504,3.1899332761161783,3.2543742028896636,3.3201169227365397,3.387187733621328,3.4556134647626684,3.525421487365374,3.5966397255692732,3.669296667619237,3.7434213772608547,3.8190435053663263,3.8961933017952055,3.974901627494736,4.055199966844665,4.1371204402513815,4.220695816996541,4.305959528345192,4.392945680918744,4.481689070338048,4.572225195142144,4.664590270988111,4.758821245137839,4.854955811237417,4.953032424395098,5.053090316563852,5.155169512234665,5.259310844446884,5.365555971121964,5.473947391727187,5.584528464276041,5.6973434226719775,5.812437394402575,5.929856418591133,6.049647464412935,6.171858449883546,6.296538261026658
0.8693582353988057,0.886920436717157,0.9048374180359595,0.9231163463866354,0.9417645335842478,0.9607894391523217,0.9801986733067537,0.9999999999999986,1.0202013400267549,1.0408107741923864,1.0618365465453579,1.083287067674957,1.105170918075646,1.1274968515793742,1.1502737988572254,1.1735108709918087,1.1972173631218088,1.2214027581601683,1.2460767305873788,1.271249150321403,1.2969300866657696,1.3231298123374344,1.349858807576001,1.3771277643359545,1.4049475905635913,1.4333294145603377,1.4622845894342218,1.4918246976412672,1.5219615556186306,1.552707218511332,1.584073984994478,1.6160744021928894,1.6487212707001238,1.6820276496988817,1.7160068621848537,1.7506725002960957,1.7860384307500687,1.822118800390504,1.8589280418463359,1.8964808793049461,1.9347923344020266,1.9738777322304415,2.013752707470471,2.054433210643881,2.09593551449436,2.138276220496813,2.181472265498196,2.225540928492464,2.2704998375324013,2.316366976781087,2.3631606937057894,2.4108997064172057,2.4596031111569463,2.5092903899362935,2.5599814183292686,2.6116964734231134,2.6644562419294147,2.718281828459042,2.7731947639642938,2.8292170143515545,2.886370989267955,2.9446795510655197,3.00416602394643,3.064854203292997,3.1267683651861486,3.1899332761161787,3.2543742028896645,3.3201169227365406,3.387187733621327,3.45561346476267,3.525421487365375,3.596639725569273,3.669296667619236,3.743421377260854,3.819043505366326,3.8961933017952064,3.9749016274947384,4.055199966844661,4.137120440251382,4.220695816996539,4.305959528345193,4.39294568091874,4.48168907033805,4.572225195142143,4.664590270988112,4.758821245137837,4.854955811237416,4.9530324243951,5.05309031656385,5.155169512234664,5.2593108444468815,5.365555971121961,5.473947391727188,5.584528464276041,5.697343422671978,5.812437394402574,5.929856418591131,6.049647464412932,6.171858449883538,6.2965382610266465,6.423736771429134
0.8869204367171576,0.9048374180359592,0.9231163463866355,0.9417645335842482,0.9607894391523225,0.9801986733067543,0.9999999999999982,1.0202013400267544,1.040810774192387,1.0618365465453583,1.0832870676749569,1.1051709180756464,1.1274968515793746,1.150273798857226,1.1735108709918087,1.1972173631218086,1.2214027581601683,1.2460767305873794,1.2712491503214032,1.29693008666577,1.3231298123374353,1.3498588075760007,1.377127764335956,1.4049475905635913,1.4333294145603377,1.4622845894342222,1.4918246976412677,1.5219615556186308,1.5527072185113322,1.5840739849944785,1.61607440219289,1.6487212707001242,1.6820276496988822,1.7160068621848545,1.750672500296097,1.7860384307500683,1.8221188003905051,1.8589280418463372,1.8964808793049455,1.9347923344020261,1.9738777322304433,2.0137527074704713,2.0544332106438827,2.095935514494358,2.1382762204968144,2.1814722654981953,2.225540928492463,2.2704998375324017,2.3163669767810875,2.3631606937057903,2.4108997064172066,2.4596031111569467,2.509290389936295,2.559981418329269,2.6116964734231147,2.664456241929414,2.7182818284590433,2.7731947639642947,2.829217014351556,2.8863709892679554,2.9446795510655215,3.004166023946429,3.064854203292999,3.126768365186152,3.1899332761161787,3.2543742028896654,3.320116922736542,3.3871877336213294,3.4556134647626684,3.5254214873653784,3.5966397255692732,3.669296667619237,3.743421377260856,3.8190435053663268,3.896193301795206,3.9749016274947406,4.055199966844666,4.1371204402513815,4.220695816996543,4.305959528345195,4.392945680918747,4.48168907033805,4.572225195142147,4.6645902709881115,4.758821245137839,4.854955811237418,4.953032424395101,5.0530903165638525,5.155169512234665,5.259310844446882,5.365555971121959,5.4739473917271875,5.584528464276044,5.69734342267198,5.812437394402578,5.929856418591133,6.049647464412933,6.171858449883537,6.296538261026644,6.423736771429123,6.553504862191148
0.9048374180359594,0.9231163463866356,0.9417645335842483,0.9607894391523224,0.9801986733067544,0.9999999999999983,1.0202013400267544,1.0408107741923869,1.0618365465453588,1.0832870676749575,1.1051709180756457,1.1274968515793737,1.1502737988572262,1.1735108709918096,1.1972173631218084,1.221402758160168,1.246076730587379,1.271249150321403,1.2969300866657703,1.3231298123374347,1.3498588075760007,1.3771277643359547,1.4049475905635924,1.433329414560338,1.4622845894342222,1.4918246976412677,1.5219615556186308,1.5527072185113329,1.5840739849944783,1.61607440219289,1.6487212707001244,1.6820276496988822,1.7160068621848534,1.7506725002960972,1.7860384307500692,1.8221188003905038,1.8589280418463368,1.8964808793049464,1.9347923344020261,1.9738777322304422,2.0137527074704735,2.0544332106438823,2.0959355144943586,2.138276220496813,2.181472265498198,2.225540928492462,2.270499837532401,2.3163669767810875,2.3631606937057907,2.410899706417205,2.4596031111569467,2.5092903899362944,2.559981418329268,2.6116964734231143,2.6644562419294138,2.7182818284590415,2.773194763964295,2.8292170143515563,2.886370989267955,2.9446795510655206,3.0041660239464307,3.0648542032929975,3.1267683651861535,3.1899332761161814,3.2543742028896645,3.320116922736544,3.38718773362133,3.45561346476267,3.5254214873653766,3.596639725569276,3.6692966676192382,3.7434213772608564,3.8190435053663294,3.8961933017952077,3.974901627494738,4.055199966844667,4.137120440251384,4.220695816996542,4.3059595283451975,4.392945680918746,4.481689070338056,4.5722251951421455,4.664590270988116,4.758821245137837,4.854955811237419,4.953032424395101,5.053090316563853,5.155169512234666,5.259310844446882,5.3655559711219585,5.473947391727183,5.584528464276041,5.697343422671981,5.812437394402577,5.929856418591136,6.049647464412935,6.171858449883541,6.29653826102664,6.423736771429121,6.553504862191137,6.6858944422792685
0.9231163463866358,0.9417645335842486,0.9607894391523228,0.9801986733067546,0.9999999999999987,1.020201340026754,1.0408107741923864,1.0618365465453583,1.083287067674958,1.105170918075647,1.1274968515793742,1.1502737988572258,1.173510870991809,1.197217363121809,1.2214027581601683,1.246076730587379,1.2712491503214025,1.2969300866657698,1.3231298123374349,1.349858807576001,1.377127764335955,1.4049475905635915,1.4333294145603384,1.4622845894342218,1.4918246976412677,1.5219615556186317,1.5527072185113338,1.5840739849944778,1.6160744021928894,1.6487212707001235,1.6820276496988822,1.716006862184854,1.7506725002960966,1.786038430750069,1.8221188003905047,1.8589280418463368,1.896480879304947,1.9347923344020268,1.973877732230442,2.0137527074704717,2.054433210643884,2.09593551449436,2.1382762204968135,2.181472265498196,2.2255409284924643,2.270499837532401,2.316366976781088,2.3631606937057916,2.4108997064172053,2.4596031111569454,2.5092903899362944,2.5599814183292686,2.611696473423114,2.664456241929414,2.718281828459042,2.7731947639642947,2.829217014351557,2.886370989267955,2.9446795510655197,3.0041660239464303,3.0648542032929984,3.1267683651861513,3.1899332761161823,3.2543742028896676,3.3201169227365424,3.387187733621331,3.4556134647626697,3.5254214873653766,3.596639725569278,3.66929666761924,3.743421377260855,3.819043505366329,3.8961933017952086,3.974901627494742,4.0551999668446665,4.137120440251386,4.220695816996543,4.305959528345198,4.392945680918746,4.481689070338056,4.572225195142149,4.664590270988113,4.758821245137843,4.854955811237417,4.953032424395101,5.053090316563854,5.155169512234667,5.259310844446885,5.3655559711219585,5.473947391727184,5.5845284642760395,5.697343422671982,5.812437394402583,5.929856418591137,6.0496474644129385,6.171858449883542,6.296538261026648,6.423736771429121,6.553504862191136,6.685894442279256,6.820958469290749
0.9417645335842487,0.9607894391523233,0.9801986733067549,0.9999999999999988,1.0202013400267547,1.0408107741923867,1.0618365465453585,1.0832870676749577,1.105170918075647,1.1274968515793755,1.1502737988572262,1.1735108709918094,1.1972173631218097,1.2214027581601685,1.2460767305873788,1.2712491503214027,1.2969300866657694,1.3231298123374347,1.3498588075760012,1.3771277643359543,1.4049475905635906,1.4333294145603377,1.4622845894342222,1.4918246976412677,1.5219615556186312,1.5527072185113335,1.5840739849944787,1.6160744021928901,1.6487212707001246,1.6820276496988826,1.7160068621848543,1.7506725002960968,1.786038430750069,1.822118800390504,1.8589280418463376,1.896480879304947,1.934792334402027,1.9738777322304433,2.0137527074704713,2.0544332106438836,2.095935514494361,2.1382762204968153,2.181472265498197,2.225540928492464,2.2704998375324026,2.316366976781088,2.363160693705791,2.4108997064172066,2.4596031111569476,2.509290389936295,2.5599814183292695,2.6116964734231143,2.6644562419294138,2.718281828459042,2.7731947639642947,2.8292170143515563,2.8863709892679563,2.9446795510655206,3.0041660239464285,3.0648542032929984,3.1267683651861513,3.1899332761161805,3.2543742028896685,3.320116922736545,3.387187733621331,3.455613464762672,3.5254214873653784,3.5966397255692772,3.6692966676192396,3.7434213772608587,3.8190435053663307,3.8961933017952086,3.9749016274947433,4.0551999668446665,4.137120440251385,4.220695816996548,4.305959528345198,4.39294568091875,4.481689070338057,4.572225195142152,4.664590270988117,4.758821245137843,4.8549558112374225,4.953032424395101,5.053090316563855,5.155169512234669,5.259310844446885,5.365555971121963,5.473947391727187,5.5845284642760395,5.697343422671979,5.812437394402582,5.929856418591138,6.049647464412939,6.171858449883549,6.296538261026653,6.423736771429127,6.55350486219114,6.685894442279257,6.820958469290739,6.958750970637273
0.9607894391523232,0.9801986733067553,0.9999999999999993,1.0202013400267549,1.0408107741923867,1.061836546545358,1.0832870676749573,1.1051709180756468,1.127496851579376,1.1502737988572276,1.1735108709918096,1.1972173631218097,1.2214027581601696,1.2460767305873799,1.271249150321403,1.29693008666577,1.3231298123374342,1.3498588075759996,1.3771277643359547,1.4049475905635909,1.433329414560337,1.4622845894342213,1.4918246976412672,1.5219615556186306,1.552707218511333,1.5840739849944792,1.6160744021928906,1.6487212707001244,1.6820276496988833,1.7160068621848548,1.7506725002960966,1.7860384307500692,1.822118800390505,1.858928041846337,1.8964808793049475,1.9347923344020264,1.9738777322304435,2.0137527074704717,2.0544332106438827,2.0959355144943603,2.1382762204968175,2.181472265498198,2.2255409284924634,2.2704998375324035,2.3163669767810893,2.363160693705793,2.410899706417208,2.459603111156947,2.509290389936295,2.5599814183292695,2.6116964734231147,2.664456241929415,2.718281828459042,2.773194763964295,2.8292170143515563,2.886370989267956,2.94467955106552,3.0041660239464294,3.064854203292998,3.126768365186151,3.1899332761161805,3.2543742028896663,3.3201169227365437,3.387187733621331,3.455613464762672,3.525421487365379,3.596639725569278,3.669296667619241,3.7434213772608587,3.8190435053663316,3.8961933017952113,3.9749016274947433,4.055199966844672,4.137120440251389,4.220695816996546,4.305959528345203,4.392945680918752,4.481689070338061,4.572225195142149,4.664590270988118,4.758821245137844,4.85495581123742,4.953032424395107,5.053090316563853,5.155169512234667,5.259310844446888,5.36555597112196,5.473947391727191,5.58452846427604,5.697343422671979,5.81243739440258,5.929856418591139,6.0496474644129385,6.17185844988355,6.296538261026652,6.423736771429132,6.553504862191143,6.685894442279265,6.820958469290742,6.9587509706372614,7.099327065156631
0.980198673306755,1.0000000000000007,1.0202013400267553,1.0408107741923873,1.0618365465453583,1.083287067674958,1.105170918075647,1.1274968515793762,1.1502737988572282,1.1735108709918107,1.1972173631218106,1.2214027581601705,1.246076730587381,1.2712491503214045,1.2969300866657707,1.3231298123374353,1.3498588075760012,1.3771277643359545,1.404947590563592,1.4333294145603377,1.4622845894342225,1.4918246976412688,1.5219615556186317,1.5527072185113342,1.5840739849944796,1.6160744021928914,1.6487212707001264,1.6820276496988846,1.7160068621848568,1.7506725002960986,1.7860384307500714,1.8221188003905067,1.8589280418463385,1.8964808793049477,1.9347923344020292,1.9738777322304442,2.013752707470474,2.0544332106438845,2.0959355144943617,2.138276220496816,2.1814722654982,2.225540928492467,2.270499837532405,2.3163669767810915,2.3631606937057943,2.41089970641721,2.4596031111569485,2.509290389936296,2.559981418329272,2.611696473423117,2.664456241929416,2.7182818284590438,2.773194763964297,2.829217014351557,2.8863709892679568,2.944679551065522,3.0041660239464316,3.0648542032929997,3.1267683651861526,3.189933276116181,3.2543742028896676,3.3201169227365432,3.387187733621332,3.4556134647626755,3.525421487365379,3.5966397255692786,3.6692966676192422,3.743421377260861,3.819043505366333,3.8961933017952135,3.974901627494746,4.055199966844674,4.137120440251392,4.2206958169965505,4.305959528345203,4.392945680918755,4.481689070338061,4.572225195142156,4.664590270988122,4.758821245137847,4.854955811237428,4.953032424395108,5.053090316563862,5.155169512234674,5.25931084444689,5.365555971121968,5.473947391727191,5.5845284642760475,5.697343422671984,5.812437394402582,5.929856418591143,6.049647464412942,6.17185844988355,6.296538261026657,6.423736771429136,6.553504862191151,6.685894442279267,6.820958469290751,6.9587509706372686,7.099327065156626,7.242742985161012
1.0,1.020201340026756,1.0408107741923882,1.0618365465453596,1.0832870676749586,1.1051709180756477,1.1274968515793755,1.1502737988572274,1.1735108709918105,1.1972173631218102,1.2214027581601699,1.246076730587381,1.271249150321405,1.2969300866657718,1.3231298123374367,1.349858807576003,1.3771277643359572,1.4049475905635935,1.4333294145603401,1.4622845894342247,1.4918246976412703,1.5219615556186343,1.5527072185113364,1.5840739849944816,1.616074402192893,1.6487212707001284,1.6820276496988866,1.7160068621848583,1.750672500296101,1.7860384307500738,1.8221188003905087,1.8589280418463425,1.896480879304951,1.9347923344020317,1.973877732230448,2.0137527074704766,2.0544332106438876,2.0959355144943643,2.1382762204968175,2.181472265498201,2.225540928492468,2.2704998375324057,2.316366976781092,2.3631606937057947,2.4108997064172106,2.45960311115695,2.5092903899362984,2.5599814183292713,2.6116964734231187,2.6644562419294178,2.718281828459045,2.773194763964298,2.8292170143515594,2.8863709892679577,2.944679551065525,3.004166023946433,3.0648542032930024,3.126768365186156,3.1899332761161845,3.2543742028896707,3.3201169227365477,3.3871877336213334,3.4556134647626755,3.5254214873653833,3.59663972556928,3.669296667619244,3.743421377260862,3.8190435053663343,3.8961933017952144,3.974901627494749,4.055199966844674,4.137120440251392,4.220695816996552,4.3059595283452055,4.392945680918755,4.4816890703380645,4.57222519514216,4.664590270988123,4.758821245137854,4.854955811237432,4.953032424395112,5.053090316563864,5.155169512234681,5.2593108444468974,5.365555971121974,5.4739473917272,5.584528464276053,5.69734342267199,5.812437394402586,5.929856418591145,6.049647464412946,6.171858449883551,6.296538261026658,6.423736771429134,6.553504862191148,6.6858944422792685,6.820958469290749,6.958750970637273,7.099327065156631,7.242742985161012,7.38905609893065
