0.1353352832366127,0.1380692373108928,0.140858420921045,0.14370394977770296,0.14660696213035015,0.14956861922263506,0.15259010575688384,0.1556726303679973,0.15881742610692068,0.16202575093388077,0.16529888822158653,0.1686381472685955,0.1720448638230505,0.17552040061699692,0.17906614791149325,0.18268352405273464,0.18637397603941,0.1901389801015205,0.19398004229089197,0.1978986990836147,0.2018965179946554,0.20597509820488347,0.2101360712007648,0.21438110142697794,0.21871188695221475,0.22313016014842987,0.22763768838381276,0.2322362747297588,0.2369277586821218,0.24171401689703645,0.2465969639416065,0.2515785530597565,0.2566607769535558,0.261845668580326,0.2671353019658504,0.27253179303401254,0.2780373004531941,0.2836540264997703,0.28938421793905045,0.2952301669240141,0.3011942119122022,0.30727873860113114,0.31348618088260516,0.3198190218163039,0.3262797946230395,0.33287108369807955,0.33959552564493917,0.3464558103300574,0.35345468195878016,0.3605949401730784,0.3678794411714423,0.37531109885139957,0.38289288597511206,0.39062783535852097,0.3985190410845142,0.4065696597405991,0.4147829116815814,0.42316208231774877,0.4317105234290797,0.44043165450599914,0.44932896411722156,0.4584060113052234,0.46766642700990935,0.47711391552103455,0.48675225595997157,0.4965853037914095,0.5066169923655897,0.5168513344916994,0.5272924240430484,0.5379444375946745,0.5488116360940265,0.5598983665654022,0.5712090638488152,0.5827482523739898,0.5945205479701944,0.6065306597126335,0.618783391806141,0.631283645506926,0.6440364210831415,0.6570468198150566,0.6703200460356392,0.6838614092123557,0.6976763260710312,0.7117703227626098,0.7261490370736908,0.740818220681718,0.7557837414557255,0.7710515858035665,0.7866278610665531,0.8025187979624784,0.8187307530779817,0.8352702114112719,0.8521437889662115,0.8693582353988057,0.8869204367171576,0.9048374180359594,0.9231163463866358,0.9417645335842487,0.9607894391523232,0.980198673306755,1.0
0.13806923731089277,0.140858420921045,0.1437039497777029,0.14660696213035013,0.1495686192226351,0.152590105756884,0.15567263036799753,0.158817426106921,0.16202575093388108,0.16529888822158692,0.16863814726859583,0.17204486382305081,0.1755204006169972,0.17906614791149345,0.18268352405273489,0.18637397603941017,0.19013898010152075,0.1939800422908921,0.1978986990836149,0.20189651799465566,0.20597509820488377,0.21013607120076513,0.21438110142697825,0.21871188695221497,0.22313016014842998,0.22763768838381299,0.232236274729759,0.23692775868212182,0.24171401689703645,0.24659696394160655,0.2515785530597565,0.25666077695355594,0.261845668580326,0.2671353019658504,0.27253179303401276,0.2780373004531943,0.2836540264997706,0.289384217939051,0.2952301669240145,0.3011942119122025,0.30727873860113175,0.31348618088260566,0.31981902181630417,0.32627979462303985,0.33287108369807994,0.3395955256449395,0.3464558103300576,0.3534546819587803,0.36059494017307847,0.36787944117144233,0.37531109885139957,0.382892885975112,0.39062783535852114,0.3985190410845142,0.406569659740599,0.41478291168158155,0.4231620823177491,0.43171052342908006,0.4404316545059998,0.4493289641172223,0.45840601130522407,0.4676664270099098,0.4771139155210352,0.48675225595997246,0.49658530379141,0.50661699236559,0.5168513344916995,0.5272924240430485,0.5379444375946745,0.5488116360940261,0.5598983665654017,0.5712090638488142,0.5827482523739891,0.5945205479701935,0.6065306597126329,0.6187833918061403,0.6312836455069254,0.644036421083141,0.6570468198150565,0.6703200460356391,0.6838614092123559,0.6976763260710314,0.7117703227626105,0.7261490370736919,0.7408182206817188,0.7557837414557267,0.7710515858035669,0.7866278610665542,0.8025187979624787,0.8187307530779818,0.8352702114112717,0.8521437889662107,0.8693582353988047,0.8869204367171561,0.9048374180359583,0.9231163463866352,0.9417645335842483,0.9607894391523228,0.9801986733067554,1.0,1.0202013400267558
0.14085842092104495,0.14370394977770293,0.14660696213035015,0.14956861922263512,0.15259010575688395,0.15567263036799744,0.15881742610692093,0.16202575093388108,0.1652988882215869,0.16863814726859588,0.17204486382305087,0.17552040061699717,0.17906614791149358,0.18268352405273494,0.18637397603941033,0.19013898010152086,0.1939800422908923,0.197898699083615,0.20189651799465577,0.20597509820488383,0.21013607120076502,0.21438110142697833,0.2187118869522151,0.2231301601484301,0.2276376883838129,0.23223627472975905,0.23692775868212193,0.24171401689703656,0.24659696394160657,0.25157855305975674,0.256660776953556,0.26184566858032626,0.2671353019658505,0.2725317930340129,0.2780373004531945,0.28365402649977084,0.2893842179390511,0.2952301669240148,0.3011942119122027,0.307278738601132,0.31348618088260605,0.31981902181630456,0.32627979462304013,0.33287108369808016,0.3395955256449398,0.3464558103300579,0.3534546819587806,0.3605949401730788,0.36787944117144267,0.3753110988513998,0.3828928859751123,0.39062783535852136,0.39851904108451436,0.40656965974059933,0.41478291168158155,0.4231620823177492,0.43171052342908023,0.4404316545059998,0.4493289641172223,0.45840601130522435,0.4676664270099101,0.47711391552103527,0.4867522559599728,0.4965853037914106,0.5066169923655905,0.5168513344917,0.5272924240430493,0.537944437594675,0.5488116360940269,0.559898366565402,0.5712090638488151,0.5827482523739894,0.5945205479701942,0.6065306597126332,0.6187833918061406,0.6312836455069257,0.644036421083141,0.6570468198150563,0.6703200460356392,0.6838614092123557,0.6976763260710312,0.7117703227626099,0.7261490370736916,0.7408182206817184,0.7557837414557264,0.771051585803567,0.786627861066554,0.802518797962479,0.818730753077982,0.8352702114112728,0.8521437889662115,0.8693582353988059,0.886920436717157,0.9048374180359591,0.9231163463866356,0.9417645335842485,0.9607894391523233,0.9801986733067551,0.9999999999999999,1.0202013400267558,1.0408107741923882
0.14370394977770293,0.14660696213035013,0.1495686192226351,0.1525901057568841,0.15567263036799747,0.1588174261069209,0.162025750933881,0.16529888822158686,0.16863814726859586,0.1720448638230509,0.17552040061699734,0.17906614791149364,0.1826835240527351,0.18637397603941042,0.190138980101521,0.1939800422908924,0.19789869908361524,0.20189651799465594,0.20597509820488402,0.21013607120076527,0.21438110142697836,0.21871188695221527,0.22313016014843037,0.22763768838381315,0.23223627472975913,0.2369277586821221,0.24171401689703684,0.24659696394160682,0.2515785530597568,0.25666077695355627,0.2618456685803264,0.26713530196585095,0.272531793034013,0.2780373004531947,0.283654026499771,0.2893842179390512,0.29523016692401494,0.3011942119122028,0.3072787386011321,0.3134861808826062,0.31981902181630495,0.32627979462304035,0.3328710836980805,0.33959552564493994,0.34645581033005834,0.3534546819587808,0.36059494017307914,0.3678794411714431,0.3753110988514002,0.3828928859751127,0.39062783535852164,0.39851904108451475,0.4065696597405996,0.414782911681582,0.42316208231774954,0.43171052342908045,0.4404316545060001,0.44932896411722245,0.45840601130522446,0.46766642700991023,0.47711391552103555,0.48675225595997285,0.49658530379141086,0.5066169923655908,0.5168513344917003,0.5272924240430498,0.5379444375946757,0.5488116360940275,0.5598983665654029,0.5712090638488155,0.5827482523739904,0.5945205479701949,0.6065306597126341,0.6187833918061415,0.6312836455069264,0.6440364210831419,0.6570468198150571,0.6703200460356394,0.6838614092123564,0.6976763260710312,0.71177032276261,0.7261490370736914,0.7408182206817187,0.7557837414557261,0.7710515858035671,0.7866278610665542,0.8025187979624792,0.8187307530779823,0.8352702114112726,0.8521437889662123,0.8693582353988062,0.8869204367171581,0.9048374180359604,0.9231163463866363,0.9417645335842494,0.9607894391523236,0.9801986733067558,1.0000000000000002,1.020201340026756,1.0408107741923882,1.0618365465453599
0.14660696213035015,0.14956861922263506,0.15259010575688395,0.1556726303679975,0.1588174261069209,0.16202575093388097,0.16529888822158675,0.16863814726859586,0.1720448638230509,0.17552040061699728,0.17906614791149367,0.18268352405273514,0.18637397603941044,0.19013898010152105,0.19398004229089247,0.1978986990836153,0.20189651799465608,0.20597509820488413,0.21013607120076536,0.21438110142697864,0.21871188695221527,0.22313016014843046,0.22763768838381332,0.23223627472975933,0.23692775868212218,0.24171401689703695,0.246596963941607,0.25157855305975696,0.25666077695355644,0.2618456685803265,0.2671353019658509,0.27253179303401315,0.2780373004531947,0.28365402649977106,0.2893842179390514,0.2952301669240149,0.3011942119122028,0.30727873860113203,0.3134861808826061,0.31981902181630484,0.32627979462304046,0.33287108369808044,0.3395955256449401,0.3464558103300583,0.35345468195878105,0.36059494017307914,0.36787944117144333,0.37531109885140035,0.38289288597511273,0.3906278353585219,0.39851904108451497,0.4065696597405998,0.4147829116815821,0.4231620823177496,0.43171052342908056,0.4404316545060002,0.44932896411722245,0.45840601130522446,0.46766642700991023,0.47711391552103544,0.4867522559599729,0.49658530379141047,0.506616992365591,0.5168513344917005,0.5272924240430497,0.5379444375946759,0.5488116360940276,0.5598983665654031,0.571209063848816,0.5827482523739905,0.5945205479701953,0.6065306597126341,0.6187833918061416,0.6312836455069268,0.644036421083142,0.6570468198150574,0.6703200460356399,0.6838614092123562,0.6976763260710316,0.7117703227626101,0.726149037073691,0.7408182206817183,0.7557837414557262,0.7710515858035666,0.7866278610665542,0.802518797962479,0.8187307530779825,0.8352702114112721,0.8521437889662118,0.869358235398807,0.8869204367171579,0.9048374180359601,0.9231163463866368,0.9417645335842495,0.9607894391523241,0.9801986733067559,1.0000000000000004,1.0202013400267562,1.0408107741923882,1.0618365465453599,1.0832870676749584
0.14956861922263506,0.15259010575688392,0.1556726303679974,0.15881742610692087,0.16202575093388094,0.16529888822158678,0.1686381472685957,0.17204486382305081,0.17552040061699725,0.17906614791149364,0.18268352405273508,0.18637397603941044,0.19013898010152103,0.1939800422908924,0.19789869908361526,0.20189651799465605,0.20597509820488416,0.21013607120076536,0.21438110142697867,0.21871188695221547,0.22313016014843048,0.22763768838381346,0.2322362747297595,0.23692775868212235,0.24171401689703695,0.24659696394160707,0.2515785530597571,0.2566607769535563,0.26184566858032654,0.2671353019658509,0.27253179303401315,0.27803730045319475,0.2836540264997709,0.2893842179390514,0.29523016692401494,0.30119421191220275,0.30727873860113186,0.31348618088260605,0.31981902181630456,0.3262797946230404,0.33287108369808044,0.3395955256449398,0.34645581033005823,0.3534546819587808,0.36059494017307914,0.36787944117144306,0.3753110988514004,0.3828928859751128,0.39062783535852175,0.39851904108451497,0.4065696597405998,0.414782911681582,0.4231620823177497,0.4317105234290805,0.4404316545060003,0.44932896411722245,0.45840601130522446,0.4676664270099101,0.4771139155210354,0.4867522559599726,0.4965853037914107,0.5066169923655905,0.5168513344917004,0.5272924240430497,0.5379444375946754,0.5488116360940276,0.5598983665654031,0.5712090638488159,0.5827482523739905,0.5945205479701949,0.6065306597126341,0.6187833918061413,0.6312836455069266,0.644036421083142,0.6570468198150574,0.6703200460356399,0.6838614092123562,0.6976763260710317,0.7117703227626102,0.7261490370736914,0.7408182206817181,0.7557837414557259,0.7710515858035668,0.7866278610665536,0.8025187979624794,0.8187307530779824,0.8352702114112721,0.8521437889662111,0.8693582353988059,0.8869204367171578,0.9048374180359599,0.9231163463866358,0.9417645335842494,0.9607894391523237,0.9801986733067559,1.0000000000000004,1.0202013400267562,1.0408107741923887,1.0618365465453596,1.0832870676749584,1.1051709180756475
0.1525901057568839,0.1556726303679973,0.1588174261069208,0.1620257509338809,0.16529888822158673,0.16863814726859577,0.17204486382305081,0.1755204006169972,0.1790661479114936,0.18268352405273508,0.1863739760394104,0.19013898010152105,0.1939800422908924,0.19789869908361526,0.2018965179946561,0.20597509820488413,0.2101360712007655,0.21438110142697867,0.21871188695221552,0.2231301601484306,0.22763768838381349,0.23223627472975963,0.2369277586821225,0.24171401689703712,0.24659696394160707,0.2515785530597572,0.2566607769535566,0.2618456685803266,0.26713530196585106,0.2725317930340132,0.2780373004531948,0.28365402649977106,0.28938421793905134,0.29523016692401494,0.3011942119122028,0.3072787386011318,0.31348618088260594,0.3198190218163046,0.3262797946230401,0.3328710836980804,0.33959552564494,0.346455810330058,0.3534546819587808,0.3605949401730789,0.3678794411714431,0.37531109885140024,0.38289288597511284,0.39062783535852175,0.3985190410845148,0.40656965974059994,0.41478291168158216,0.42316208231774943,0.4317105234290807,0.4404316545060001,0.44932896411722245,0.4584060113052243,0.46766642700991023,0.4771139155210354,0.48675225595997273,0.49658530379141064,0.5066169923655909,0.5168513344917001,0.5272924240430498,0.5379444375946756,0.5488116360940273,0.559898366565403,0.571209063848816,0.5827482523739904,0.594520547970195,0.6065306597126341,0.6187833918061414,0.6312836455069263,0.6440364210831419,0.6570468198150572,0.6703200460356398,0.6838614092123567,0.6976763260710316,0.7117703227626102,0.7261490370736916,0.7408182206817184,0.7557837414557259,0.7710515858035668,0.786627861066554,0.8025187979624789,0.8187307530779827,0.8352702114112724,0.8521437889662115,0.8693582353988055,0.8869204367171574,0.9048374180359593,0.9231163463866356,0.941764533584248,0.9607894391523233,0.9801986733067556,1.0000000000000004,1.020201340026756,1.0408107741923887,1.0618365465453603,1.0832870676749584,1.1051709180756477,1.1274968515793757
0.15567263036799733,0.15881742610692073,0.16202575093388086,0.16529888822158675,0.16863814726859572,0.1720448638230508,0.1755204006169972,0.1790661479114936,0.18268352405273508,0.18637397603941047,0.19013898010152097,0.19398004229089247,0.19789869908361524,0.20189651799465602,0.20597509820488413,0.2101360712007654,0.2143811014269787,0.21871188695221552,0.22313016014843065,0.22763768838381354,0.23223627472975963,0.23692775868212262,0.24171401689703725,0.24659696394160724,0.2515785530597571,0.2566607769535566,0.26184566858032676,0.267135301965851,0.27253179303401337,0.2780373004531948,0.283654026499771,0.2893842179390514,0.2952301669240148,0.30119421191220286,0.307278738601132,0.3134861808826059,0.3198190218163045,0.3262797946230402,0.3328710836980801,0.33959552564493994,0.3464558103300583,0.3534546819587807,0.36059494017307886,0.36787944117144283,0.3753110988514003,0.3828928859751127,0.3906278353585218,0.3985190410845148,0.40656965974059966,0.4147829116815821,0.42316208231774954,0.43171052342908023,0.44043165450600025,0.44932896411722245,0.45840601130522457,0.4676664270099101,0.4771139155210353,0.4867522559599727,0.4965853037914106,0.5066169923655908,0.5168513344917004,0.5272924240430495,0.5379444375946756,0.5488116360940275,0.5598983665654028,0.5712090638488159,0.5827482523739905,0.594520547970195,0.6065306597126341,0.6187833918061416,0.6312836455069264,0.6440364210831417,0.6570468198150573,0.6703200460356398,0.6838614092123564,0.6976763260710318,0.7117703227626103,0.7261490370736915,0.7408182206817183,0.755783741455726,0.771051585803567,0.7866278610665538,0.8025187979624793,0.8187307530779822,0.8352702114112727,0.852143788966212,0.8693582353988056,0.8869204367171574,0.9048374180359592,0.9231163463866352,0.9417645335842482,0.9607894391523224,0.980198673306755,0.9999999999999998,1.0202013400267562,1.0408107741923884,1.06183654654536,1.083287067674959,1.1051709180756477,1.127496851579376,1.1502737988572274
0.15881742610692068,0.16202575093388075,0.1652988882215866,0.16863814726859574,0.1720448638230508,0.17552040061699717,0.17906614791149356,0.18268352405273508,0.18637397603941036,0.190138980101521,0.19398004229089236,0.19789869908361518,0.20189651799465594,0.20597509820488405,0.21013607120076544,0.21438110142697864,0.21871188695221555,0.22313016014843048,0.2276376883838135,0.23223627472975952,0.23692775868212262,0.2417140168970373,0.24659696394160724,0.25157855305975724,0.2566607769535565,0.26184566858032665,0.26713530196585117,0.27253179303401326,0.2780373004531949,0.2836540264997711,0.2893842179390513,0.29523016692401494,0.30119421191220275,0.307278738601132,0.313486180882606,0.3198190218163045,0.32627979462304013,0.33287108369808016,0.33959552564493967,0.3464558103300582,0.3534546819587809,0.3605949401730788,0.3678794411714428,0.37531109885139996,0.38289288597511284,0.3906278353585217,0.39851904108451475,0.40656965974059955,0.4147829116815818,0.42316208231774943,0.43171052342908034,0.44043165450599975,0.4493289641172225,0.45840601130522424,0.46766642700991007,0.47711391552103516,0.48675225595997246,0.49658530379141047,0.5066169923655904,0.5168513344917004,0.5272924240430497,0.5379444375946753,0.5488116360940275,0.5598983665654031,0.5712090638488156,0.5827482523739903,0.5945205479701952,0.6065306597126341,0.6187833918061416,0.6312836455069268,0.644036421083142,0.6570468198150572,0.6703200460356398,0.6838614092123563,0.6976763260710314,0.7117703227626105,0.7261490370736915,0.7408182206817184,0.7557837414557262,0.7710515858035668,0.786627861066554,0.8025187979624787,0.8187307530779824,0.8352702114112721,0.8521437889662117,0.8693582353988059,0.886920436717157,0.9048374180359591,0.9231163463866352,0.9417645335842482,0.9607894391523227,0.9801986733067543,1.0,1.0202013400267556,1.0408107741923882,1.0618365465453599,1.0832870676749589,1.105170918075648,1.1274968515793757,1.1502737988572271,1.1735108709918103
0.16202575093388072,0.1652988882215865,0.1686381472685956,0.17204486382305081,0.17552040061699717,0.17906614791149358,0.18268352405273505,0.18637397603941047,0.19013898010152097,0.19398004229089244,0.19789869908361515,0.20189651799465594,0.20597509820488408,0.2101360712007654,0.21438110142697867,0.21871188695221547,0.22313016014843057,0.22763768838381346,0.2322362747297597,0.23692775868212249,0.24171401689703725,0.2465969639416073,0.2515785530597573,0.25666077695355666,0.2618456685803266,0.2671353019658511,0.2725317930340134,0.27803730045319486,0.2836540264997712,0.28938421793905145,0.29523016692401505,0.30119421191220297,0.307278738601132,0.3134861808826061,0.31981902181630467,0.32627979462304024,0.33287108369808033,0.33959552564493994,0.3464558103300582,0.3534546819587809,0.36059494017307914,0.36787944117144283,0.37531109885140007,0.38289288597511256,0.3906278353585218,0.3985190410845149,0.4065696597405998,0.41478291168158204,0.4231620823177493,0.4317105234290805,0.44043165450599997,0.4493289641172222,0.4584060113052244,0.46766642700991,0.4771139155210352,0.4867522559599725,0.4965853037914104,0.5066169923655905,0.5168513344917003,0.5272924240430497,0.5379444375946755,0.5488116360940272,0.5598983665654033,0.571209063848816,0.5827482523739905,0.5945205479701953,0.6065306597126344,0.6187833918061417,0.631283645506927,0.6440364210831425,0.6570468198150575,0.6703200460356399,0.6838614092123566,0.6976763260710318,0.7117703227626104,0.7261490370736918,0.7408182206817188,0.755783741455726,0.771051585803567,0.7866278610665539,0.8025187979624792,0.8187307530779823,0.8352702114112723,0.8521437889662115,0.8693582353988062,0.8869204367171577,0.9048374180359589,0.9231163463866358,0.9417645335842479,0.9607894391523231,0.9801986733067553,0.9999999999999994,1.0202013400267562,1.0408107741923884,1.06183654654536,1.0832870676749589,1.1051709180756477,1.1274968515793762,1.150273798857227,1.17351087099181,1.1972173631218102
0.1652988882215865,0.16863814726859547,0.17204486382305062,0.1755204006169972,0.1790661479114936,0.1826835240527351,0.18637397603941042,0.19013898010152108,0.19398004229089247,0.19789869908361524,0.20189651799465605,0.20597509820488408,0.2101360712007654,0.21438110142697867,0.21871188695221552,0.22313016014843062,0.22763768838381357,0.2322362747297596,0.23692775868212268,0.24171401689703717,0.24659696394160735,0.2515785530597573,0.2566607769535567,0.26184566858032676,0.26713530196585106,0.2725317930340135,0.278037300453195,0.28365402649977123,0.2893842179390515,0.2952301669240151,0.301194211912203,0.30727873860113225,0.3134861808826062,0.31981902181630484,0.32627979462304035,0.33287108369808044,0.33959552564494,0.3464558103300584,0.35345468195878094,0.36059494017307914,0.36787944117144344,0.3753110988514002,0.3828928859751128,0.39062783535852175,0.398519041084515,0.4065696597405999,0.4147829116815821,0.4231620823177496,0.43171052342908056,0.4404316545060003,0.44932896411722245,0.4584060113052244,0.4676664270099103,0.4771139155210354,0.4867522559599726,0.49658530379141064,0.5066169923655905,0.5168513344917002,0.5272924240430498,0.5379444375946757,0.5488116360940275,0.5598983665654029,0.5712090638488162,0.582748252373991,0.5945205479701954,0.6065306597126344,0.6187833918061421,0.6312836455069271,0.6440364210831425,0.6570468198150584,0.6703200460356404,0.6838614092123568,0.6976763260710322,0.7117703227626109,0.7261490370736918,0.7408182206817191,0.7557837414557265,0.771051585803567,0.7866278610665544,0.8025187979624793,0.8187307530779825,0.8352702114112721,0.8521437889662116,0.8693582353988056,0.8869204367171577,0.9048374180359595,0.9231163463866352,0.9417645335842488,0.9607894391523228,0.9801986733067554,1.0000000000000002,1.0202013400267558,1.040810774192389,1.06183654654536,1.0832870676749593,1.1051709180756482,1.1274968515793762,1.1502737988572276,1.17351087099181,1.1972173631218102,1.22140275816017
0.16863814726859552,0.17204486382305054,0.17552040061699706,0.1790661479114936,0.18268352405273514,0.18637397603941055,0.19013898010152105,0.19398004229089258,0.19789869908361538,0.20189651799465608,0.20597509820488413,0.2101360712007654,0.21438110142697878,0.21871188695221563,0.22313016014843065,0.22763768838381362,0.23223627472975977,0.2369277586821226,0.24171401689703736,0.2465969639416073,0.25157855305975735,0.25666077695355666,0.2618456685803269,0.2671353019658512,0.2725317930340135,0.27803730045319514,0.2836540264997713,0.2893842179390516,0.29523016692401527,0.30119421191220314,0.3072787386011324,0.31348618088260644,0.319819021816305,0.3262797946230405,0.33287108369808066,0.3395955256449402,0.3464558103300585,0.35345468195878127,0.3605949401730793,0.3678794411714434,0.37531109885140074,0.38289288597511295,0.390627835358522,0.398519041084515,0.4065696597406003,0.41478291168158243,0.4231620823177499,0.43171052342908073,0.4404316545060004,0.4493289641172228,0.45840601130522457,0.46766642700991035,0.4771139155210356,0.4867522559599728,0.49658530379141075,0.5066169923655909,0.5168513344917005,0.5272924240430499,0.5379444375946759,0.5488116360940277,0.5598983665654033,0.5712090638488161,0.5827482523739912,0.5945205479701958,0.6065306597126349,0.618783391806142,0.6312836455069274,0.6440364210831426,0.6570468198150584,0.6703200460356412,0.6838614092123575,0.6976763260710326,0.7117703227626113,0.7261490370736923,0.7408182206817192,0.7557837414557269,0.7710515858035678,0.7866278610665544,0.8025187979624797,0.8187307530779828,0.8352702114112727,0.8521437889662116,0.8693582353988062,0.8869204367171575,0.9048374180359597,0.923116346386636,0.9417645335842483,0.9607894391523237,0.9801986733067553,1.0000000000000009,1.0202013400267567,1.0408107741923887,1.0618365465453614,1.08328706767496,1.1051709180756493,1.1274968515793766,1.1502737988572278,1.1735108709918105,1.1972173631218097,1.2214027581601699,1.2460767305873812
0.17204486382305048,0.17552040061699692,0.1790661479114934,0.1826835240527351,0.18637397603941042,0.1901389801015211,0.1939800422908925,0.19789869908361535,0.20189651799465616,0.2059750982048842,0.21013607120076544,0.2143811014269787,0.21871188695221566,0.22313016014843068,0.22763768838381365,0.23223627472975975,0.23692775868212265,0.2417140168970373,0.24659696394160738,0.25157855305975735,0.2566607769535567,0.2618456685803269,0.2671353019658512,0.2725317930340135,0.278037300453195,0.28365402649977134,0.2893842179390517,0.2952301669240152,0.30119421191220325,0.3072787386011323,0.31348618088260655,0.319819021816305,0.32627979462304063,0.3328710836980807,0.33959552564494017,0.3464558103300585,0.35345468195878116,0.3605949401730794,0.36787944117144344,0.3753110988514007,0.38289288597511306,0.390627835358522,0.3985190410845152,0.40656965974059994,0.4147829116815825,0.42316208231774993,0.4317105234290808,0.4404316545060004,0.4493289641172228,0.4584060113052249,0.46766642700991035,0.47711391552103566,0.48675225595997296,0.49658530379141075,0.5066169923655908,0.5168513344917005,0.5272924240430497,0.5379444375946757,0.5488116360940278,0.5598983665654033,0.571209063848816,0.5827482523739907,0.5945205479701958,0.6065306597126348,0.618783391806142,0.6312836455069272,0.6440364210831426,0.6570468198150581,0.6703200460356409,0.6838614092123577,0.6976763260710329,0.7117703227626112,0.7261490370736925,0.7408182206817191,0.7557837414557267,0.7710515858035674,0.7866278610665547,0.8025187979624793,0.8187307530779828,0.8352702114112728,0.8521437889662115,0.869358235398806,0.8869204367171577,0.9048374180359594,0.9231163463866356,0.9417645335842487,0.9607894391523228,0.9801986733067558,1.0,1.0202013400267564,1.0408107741923895,1.0618365465453603,1.0832870676749606,1.1051709180756488,1.127496851579377,1.150273798857228,1.173510870991811,1.1972173631218102,1.2214027581601692,1.24607673058738,1.2712491503214043
0.17552040061699684,0.1790661479114933,0.1826835240527349,0.18637397603941044,0.19013898010152105,0.19398004229089252,0.19789869908361535,0.20189651799465616,0.20597509820488427,0.21013607120076555,0.21438110142697875,0.21871188695221566,0.22313016014843082,0.22763768838381368,0.23223627472975975,0.23692775868212276,0.2417140168970374,0.24659696394160738,0.2515785530597574,0.25666077695355677,0.2618456685803269,0.2671353019658512,0.2725317930340134,0.27803730045319497,0.28365402649977134,0.2893842179390516,0.2952301669240152,0.3011942119122032,0.3072787386011324,0.3134861808826065,0.3198190218163052,0.3262797946230407,0.3328710836980808,0.3395955256449405,0.3464558103300586,0.3534546819587814,0.3605949401730795,0.36787944117144367,0.3753110988514006,0.3828928859751131,0.39062783535852225,0.3985190410845152,0.4065696597406002,0.41478291168158243,0.42316208231775015,0.431710523429081,0.4404316545060005,0.44932896411722284,0.458406011305225,0.4676664270099106,0.47711391552103577,0.48675225595997296,0.49658530379141097,0.5066169923655911,0.5168513344917007,0.5272924240430501,0.5379444375946758,0.5488116360940277,0.5598983665654036,0.571209063848816,0.5827482523739911,0.5945205479701955,0.6065306597126349,0.6187833918061422,0.6312836455069272,0.6440364210831425,0.6570468198150583,0.6703200460356407,0.6838614092123575,0.6976763260710328,0.7117703227626112,0.7261490370736923,0.7408182206817194,0.7557837414557268,0.7710515858035675,0.7866278610665548,0.8025187979624796,0.8187307530779826,0.8352702114112731,0.8521437889662119,0.8693582353988059,0.8869204367171575,0.9048374180359599,0.9231163463866355,0.9417645335842485,0.9607894391523234,0.9801986733067553,1.0000000000000007,1.020201340026756,1.0408107741923893,1.061836546545361,1.0832870676749597,1.10517091807565,1.127496851579377,1.1502737988572285,1.1735108709918107,1.1972173631218108,1.2214027581601696,1.24607673058738,1.271249150321404,1.2969300866657716
0.1790661479114932,0.18268352405273477,0.18637397603941028,0.19013898010152103,0.1939800422908925,0.19789869908361535,0.2018965179946561,0.20597509820488427,0.2101360712007656,0.21438110142697883,0.2187118869522157,0.2231301601484308,0.22763768838381387,0.2322362747297599,0.23692775868212276,0.24171401689703753,0.24659696394160757,0.25157855305975746,0.2566607769535568,0.26184566858032693,0.2671353019658513,0.2725317930340136,0.27803730045319497,0.2836540264997713,0.2893842179390516,0.2952301669240154,0.3011942119122032,0.30727873860113236,0.31348618088260655,0.31981902181630517,0.3262797946230408,0.3328710836980809,0.33959552564494055,0.34645581033005873,0.35345468195878144,0.3605949401730796,0.3678794411714436,0.37531109885140096,0.3828928859751132,0.39062783535852236,0.39851904108451547,0.40656965974060016,0.4147829116815825,0.4231620823177499,0.4317105234290811,0.4404316545060006,0.44932896411722295,0.45840601130522485,0.4676664270099107,0.47711391552103594,0.48675225595997323,0.4965853037914109,0.5066169923655912,0.5168513344917007,0.52729242404305,0.5379444375946761,0.5488116360940278,0.5598983665654036,0.5712090638488164,0.5827482523739911,0.5945205479701957,0.6065306597126345,0.6187833918061425,0.6312836455069274,0.6440364210831426,0.6570468198150582,0.6703200460356408,0.6838614092123573,0.6976763260710326,0.7117703227626115,0.7261490370736924,0.7408182206817194,0.755783741455727,0.7710515858035676,0.7866278610665545,0.8025187979624798,0.8187307530779829,0.8352702114112727,0.8521437889662121,0.869358235398806,0.8869204367171574,0.9048374180359594,0.923116346386636,0.9417645335842484,0.9607894391523233,0.9801986733067557,1.0000000000000002,1.0202013400267564,1.0408107741923887,1.061836546545361,1.0832870676749602,1.105170918075649,1.1274968515793782,1.150273798857229,1.1735108709918116,1.1972173631218108,1.22140275816017,1.24607673058738,1.271249150321404,1.2969300866657714,1.323129812337437
0.18268352405273466,0.18637397603941017,0.19013898010152092,0.19398004229089244,0.1978986990836153,0.2018965179946561,0.20597509820488422,0.21013607120076558,0.21438110142697892,0.21871188695221572,0.22313016014843076,0.2276376883838138,0.23223627472976,0.23692775868212296,0.2417140168970376,0.24659696394160763,0.2515785530597577,0.25666077695355693,0.261845668580327,0.2671353019658514,0.2725317930340136,0.2780373004531951,0.28365402649977134,0.28938421793905156,0.29523016692401527,0.30119421191220336,0.3072787386011325,0.3134861808826066,0.3198190218163052,0.3262797946230408,0.332871083698081,0.33959552564494044,0.34645581033005873,0.35345468195878155,0.3605949401730797,0.36787944117144367,0.37531109885140085,0.38289288597511334,0.3906278353585222,0.3985190410845155,0.40656965974060033,0.4147829116815824,0.4231620823177499,0.4317105234290809,0.44043165450600064,0.44932896411722295,0.45840601130522485,0.4676664270099106,0.47711391552103594,0.4867522559599733,0.49658530379141114,0.5066169923655911,0.516851334491701,0.5272924240430503,0.5379444375946763,0.548811636094028,0.5598983665654037,0.5712090638488165,0.5827482523739912,0.5945205479701956,0.6065306597126349,0.6187833918061421,0.6312836455069276,0.6440364210831429,0.6570468198150579,0.6703200460356405,0.6838614092123572,0.6976763260710325,0.7117703227626113,0.7261490370736925,0.7408182206817193,0.7557837414557269,0.7710515858035679,0.7866278610665546,0.8025187979624797,0.818730753077983,0.8352702114112728,0.852143788966212,0.8693582353988064,0.8869204367171576,0.9048374180359594,0.9231163463866359,0.941764533584249,0.9607894391523231,0.9801986733067554,1.0000000000000004,1.0202013400267562,1.040810774192389,1.0618365465453603,1.0832870676749595,1.105170918075649,1.1274968515793768,1.1502737988572294,1.1735108709918114,1.1972173631218113,1.2214027581601703,1.2460767305873812,1.2712491503214045,1.296930086665771,1.3231298123374364,1.3498588075760036
0.1863739760394099,0.19013898010152067,0.1939800422908922,0.19789869908361515,0.20189651799465588,0.2059750982048841,0.2101360712007654,0.2143811014269787,0.2187118869522156,0.2231301601484308,0.22763768838381368,0.2322362747297598,0.23692775868212285,0.24171401689703756,0.24659696394160754,0.2515785530597577,0.25666077695355693,0.26184566858032693,0.2671353019658513,0.27253179303401354,0.2780373004531951,0.28365402649977123,0.2893842179390515,0.29523016692401516,0.301194211912203,0.3072787386011323,0.3134861808826063,0.3198190218163049,0.3262797946230407,0.3328710836980807,0.3395955256449404,0.3464558103300587,0.3534546819587814,0.3605949401730795,0.3678794411714435,0.37531109885140074,0.3828928859751132,0.3906278353585223,0.3985190410845151,0.4065696597406002,0.41478291168158243,0.42316208231774965,0.43171052342908056,0.4404316545060002,0.44932896411722284,0.45840601130522474,0.4676664270099103,0.47711391552103555,0.48675225595997285,0.49658530379141086,0.506616992365591,0.5168513344917006,0.5272924240430501,0.5379444375946759,0.5488116360940279,0.5598983665654036,0.5712090638488162,0.5827482523739912,0.5945205479701957,0.6065306597126346,0.6187833918061425,0.631283645506927,0.6440364210831426,0.6570468198150581,0.6703200460356401,0.6838614092123566,0.6976763260710324,0.7117703227626108,0.7261490370736917,0.740818220681719,0.7557837414557264,0.7710515858035669,0.7866278610665546,0.802518797962479,0.8187307530779825,0.8352702114112726,0.8521437889662115,0.869358235398806,0.8869204367171575,0.9048374180359591,0.9231163463866352,0.941764533584248,0.9607894391523232,0.9801986733067549,0.9999999999999997,1.0202013400267556,1.0408107741923882,1.06183654654536,1.0832870676749589,1.105170918075648,1.127496851579376,1.1502737988572276,1.1735108709918114,1.1972173631218106,1.22140275816017,1.2460767305873808,1.2712491503214047,1.2969300866657711,1.323129812337436,1.349858807576002,1.3771277643359567
0.19013898010152053,0.1939800422908921,0.19789869908361504,0.2018965179946559,0.205975098204884,0.2101360712007654,0.21438110142697867,0.21871188695221552,0.22313016014843068,0.22763768838381376,0.23223627472975983,0.23692775868212285,0.24171401689703767,0.24659696394160768,0.2515785530597577,0.25666077695355705,0.2618456685803272,0.26713530196585145,0.2725317930340136,0.27803730045319525,0.2836540264997714,0.28938421793905167,0.2952301669240152,0.3011942119122031,0.30727873860113225,0.31348618088260644,0.319819021816305,0.3262797946230407,0.3328710836980808,0.3395955256449405,0.34645581033005884,0.35345468195878144,0.3605949401730795,0.3678794411714436,0.3753110988514009,0.38289288597511323,0.39062783535852236,0.3985190410845155,0.4065696597406,0.41478291168158243,0.42316208231774993,0.43171052342908056,0.44043165450600025,0.4493289641172226,0.4584060113052248,0.46766642700991046,0.47711391552103555,0.48675225595997285,0.4965853037914108,0.506616992365591,0.5168513344917008,0.52729242404305,0.5379444375946761,0.5488116360940279,0.5598983665654038,0.5712090638488164,0.5827482523739914,0.5945205479701959,0.606530659712635,0.6187833918061423,0.631283645506928,0.6440364210831425,0.6570468198150583,0.6703200460356408,0.6838614092123568,0.6976763260710322,0.711770322762611,0.726149037073692,0.7408182206817187,0.7557837414557268,0.7710515858035673,0.7866278610665542,0.8025187979624796,0.8187307530779824,0.8352702114112726,0.8521437889662118,0.869358235398806,0.8869204367171577,0.9048374180359594,0.9231163463866352,0.9417645335842486,0.9607894391523227,0.9801986733067551,0.9999999999999996,1.0202013400267556,1.0408107741923884,1.0618365465453599,1.0832870676749589,1.105170918075648,1.1274968515793762,1.1502737988572276,1.1735108709918105,1.197217363121811,1.22140275816017,1.2460767305873808,1.271249150321405,1.2969300866657723,1.3231298123374367,1.3498588075760027,1.3771277643359572,1.404947590563594
0.19398004229089186,0.19789869908361482,0.20189651799465566,0.20597509820488397,0.2101360712007652,0.21438110142697847,0.21871188695221536,0.22313016014843048,0.22763768838381349,0.23223627472975977,0.2369277586821227,0.24171401689703748,0.24659696394160757,0.2515785530597578,0.25666077695355705,0.2618456685803272,0.2671353019658515,0.27253179303401365,0.2780373004531951,0.2836540264997714,0.2893842179390516,0.2952301669240152,0.30119421191220314,0.3072787386011322,0.31348618088260627,0.3198190218163049,0.3262797946230405,0.33287108369808066,0.3395955256449402,0.3464558103300586,0.3534546819587813,0.36059494017307947,0.3678794411714434,0.37531109885140074,0.38289288597511323,0.39062783535852225,0.39851904108451536,0.40656965974060016,0.41478291168158227,0.42316208231774977,0.4317105234290807,0.44043165450600014,0.4493289641172224,0.4584060113052244,0.4676664270099103,0.4771139155210353,0.4867522559599725,0.4965853037914105,0.5066169923655907,0.5168513344917005,0.5272924240430498,0.5379444375946757,0.5488116360940278,0.5598983665654035,0.5712090638488164,0.582748252373991,0.5945205479701957,0.6065306597126349,0.6187833918061424,0.6312836455069272,0.644036421083143,0.657046819815058,0.6703200460356405,0.683861409212357,0.6976763260710318,0.7117703227626108,0.7261490370736917,0.7408182206817185,0.7557837414557258,0.7710515858035668,0.7866278610665538,0.802518797962479,0.8187307530779825,0.8352702114112722,0.8521437889662116,0.869358235398806,0.8869204367171573,0.9048374180359594,0.9231163463866355,0.9417645335842477,0.9607894391523225,0.9801986733067548,0.9999999999999999,1.0202013400267549,1.040810774192388,1.0618365465453592,1.0832870676749586,1.1051709180756473,1.1274968515793755,1.1502737988572267,1.1735108709918096,1.1972173631218097,1.2214027581601696,1.2460767305873803,1.2712491503214043,1.2969300866657716,1.3231298123374369,1.349858807576003,1.3771277643359565,1.4049475905635938,1.43332941456034
0.1978986990836147,0.2018965179946556,0.2059750982048838,0.21013607120076516,0.2143811014269784,0.21871188695221533,0.22313016014843046,0.22763768838381343,0.23223627472975963,0.23692775868212274,0.2417140168970374,0.24659696394160757,0.2515785530597577,0.25666077695355716,0.26184566858032726,0.2671353019658516,0.27253179303401387,0.2780373004531952,0.28365402649977156,0.2893842179390518,0.29523016692401527,0.3011942119122032,0.30727873860113236,0.3134861808826064,0.31981902181630484,0.3262797946230406,0.3328710836980807,0.3395955256449402,0.3464558103300587,0.3534546819587813,0.3605949401730796,0.3678794411714437,0.3753110988514008,0.3828928859751133,0.39062783535852247,0.3985190410845154,0.40656965974060033,0.4147829116815825,0.42316208231774977,0.4317105234290808,0.4404316545060003,0.44932896411722245,0.4584060113052244,0.4676664270099102,0.4771139155210356,0.4867522559599728,0.4965853037914105,0.5066169923655907,0.5168513344917004,0.5272924240430499,0.537944437594676,0.5488116360940278,0.5598983665654036,0.5712090638488164,0.5827482523739914,0.5945205479701958,0.6065306597126353,0.6187833918061425,0.6312836455069275,0.6440364210831431,0.6570468198150586,0.6703200460356405,0.6838614092123576,0.6976763260710325,0.7117703227626108,0.7261490370736922,0.7408182206817189,0.7557837414557265,0.7710515858035667,0.7866278610665542,0.8025187979624792,0.8187307530779825,0.8352702114112727,0.8521437889662119,0.8693582353988061,0.8869204367171577,0.9048374180359593,0.9231163463866354,0.9417645335842485,0.9607894391523224,0.980198673306755,0.9999999999999993,1.0202013400267556,1.0408107741923875,1.0618365465453594,1.0832870676749584,1.1051709180756477,1.1274968515793755,1.150273798857227,1.1735108709918098,1.1972173631218097,1.2214027581601694,1.2460767305873803,1.2712491503214045,1.2969300866657714,1.3231298123374367,1.3498588075760036,1.3771277643359572,1.4049475905635942,1.4333294145603406,1.4622845894342242
0.20189651799465536,0.20597509820488358,0.21013607120076497,0.21438110142697836,0.2187118869522151,0.22313016014843032,0.22763768838381337,0.2322362747297595,0.2369277586821225,0.24171401689703736,0.2465969639416073,0.2515785530597575,0.256660776953557,0.26184566858032715,0.2671353019658516,0.27253179303401387,0.27803730045319536,0.28365402649977145,0.28938421793905184,0.2952301669240153,0.3011942119122032,0.3072787386011324,0.31348618088260644,0.319819021816305,0.32627979462304046,0.33287108369808066,0.3395955256449403,0.34645581033005846,0.3534546819587812,0.36059494017307936,0.3678794411714434,0.3753110988514006,0.38289288597511306,0.3906278353585222,0.39851904108451547,0.4065696597406002,0.41478291168158243,0.42316208231774993,0.43171052342908045,0.4404316545060003,0.4493289641172226,0.45840601130522457,0.46766642700991007,0.4771139155210353,0.48675225595997296,0.49658530379141047,0.5066169923655907,0.5168513344917004,0.5272924240430497,0.5379444375946758,0.5488116360940277,0.5598983665654034,0.5712090638488163,0.5827482523739911,0.5945205479701957,0.6065306597126349,0.6187833918061424,0.6312836455069274,0.6440364210831431,0.6570468198150584,0.670320046035641,0.683861409212357,0.6976763260710325,0.7117703227626111,0.726149037073692,0.7408182206817189,0.7557837414557266,0.7710515858035671,0.7866278610665539,0.8025187979624792,0.8187307530779825,0.8352702114112723,0.8521437889662117,0.8693582353988064,0.8869204367171577,0.9048374180359599,0.9231163463866356,0.9417645335842485,0.9607894391523232,0.9801986733067544,0.9999999999999998,1.0202013400267549,1.0408107741923878,1.061836546545359,1.0832870676749582,1.1051709180756468,1.1274968515793755,1.1502737988572267,1.1735108709918094,1.1972173631218093,1.2214027581601687,1.2460767305873797,1.2712491503214038,1.2969300866657705,1.3231298123374364,1.3498588075760027,1.3771277643359574,1.4049475905635942,1.4333294145603406,1.4622845894342251,1.4918246976412701
0.2059750982048834,0.21013607120076488,0.21438110142697814,0.2187118869522152,0.22313016014843023,0.2276376883838133,0.23223627472975944,0.23692775868212243,0.24171401689703728,0.2465969639416074,0.25157855305975746,0.25666077695355693,0.26184566858032715,0.2671353019658516,0.27253179303401387,0.27803730045319547,0.2836540264997717,0.28938421793905184,0.2952301669240156,0.30119421191220336,0.3072787386011325,0.3134861808826065,0.3198190218163051,0.3262797946230407,0.33287108369808066,0.33959552564494033,0.34645581033005873,0.3534546819587814,0.3605949401730795,0.3678794411714435,0.3753110988514007,0.3828928859751133,0.3906278353585223,0.3985190410845153,0.40656965974060044,0.4147829116815826,0.42316208231775,0.431710523429081,0.44043165450600036,0.44932896411722284,0.45840601130522485,0.46766642700991046,0.47711391552103555,0.4867522559599727,0.49658530379141097,0.506616992365591,0.5168513344917006,0.5272924240430499,0.5379444375946759,0.5488116360940279,0.5598983665654037,0.5712090638488165,0.5827482523739913,0.594520547970196,0.6065306597126353,0.6187833918061425,0.6312836455069277,0.6440364210831431,0.6570468198150585,0.6703200460356411,0.6838614092123577,0.6976763260710326,0.7117703227626118,0.7261490370736925,0.740818220681719,0.755783741455727,0.7710515858035674,0.7866278610665547,0.8025187979624794,0.8187307530779829,0.8352702114112732,0.8521437889662122,0.8693582353988066,0.8869204367171583,0.9048374180359601,0.9231163463866364,0.941764533584249,0.9607894391523231,0.9801986733067556,0.9999999999999996,1.0202013400267558,1.040810774192388,1.0618365465453596,1.0832870676749582,1.1051709180756477,1.1274968515793755,1.150273798857227,1.1735108709918096,1.1972173631218095,1.2214027581601692,1.24607673058738,1.271249150321404,1.2969300866657714,1.3231298123374358,1.3498588075760027,1.3771277643359572,1.4049475905635944,1.433329414560341,1.462284589434226,1.4918246976412715,1.5219615556186334
0.2101360712007647,0.21438110142697797,0.21871188695221486,0.22313016014843012,0.2276376883838131,0.2322362747297593,0.23692775868212226,0.24171401689703703,0.2465969639416072,0.2515785530597574,0.2566607769535567,0.26184566858032693,0.2671353019658514,0.2725317930340138,0.27803730045319536,0.28365402649977167,0.28938421793905195,0.2952301669240154,0.30119421191220336,0.3072787386011325,0.31348618088260655,0.3198190218163051,0.32627979462304074,0.33287108369808066,0.3395955256449402,0.3464558103300586,0.35345468195878127,0.36059494017307936,0.3678794411714434,0.3753110988514007,0.3828928859751131,0.39062783535852225,0.39851904108451525,0.40656965974060016,0.4147829116815826,0.4231620823177499,0.4317105234290808,0.4404316545060003,0.4493289641172226,0.45840601130522474,0.46766642700991057,0.4771139155210357,0.4867522559599728,0.49658530379141075,0.5066169923655911,0.5168513344917005,0.5272924240430499,0.5379444375946759,0.5488116360940279,0.5598983665654036,0.5712090638488165,0.5827482523739914,0.594520547970196,0.6065306597126351,0.6187833918061426,0.6312836455069277,0.644036421083143,0.6570468198150581,0.670320046035641,0.6838614092123576,0.6976763260710327,0.7117703227626111,0.7261490370736927,0.7408182206817192,0.7557837414557266,0.7710515858035676,0.7866278610665546,0.8025187979624796,0.8187307530779824,0.8352702114112727,0.8521437889662125,0.8693582353988065,0.8869204367171583,0.9048374180359601,0.9231163463866362,0.9417645335842492,0.9607894391523234,0.9801986733067551,1.0000000000000004,1.0202013400267558,1.040810774192388,1.0618365465453592,1.0832870676749582,1.1051709180756473,1.1274968515793753,1.1502737988572267,1.1735108709918098,1.1972173631218095,1.221402758160169,1.24607673058738,1.2712491503214038,1.2969300866657707,1.3231298123374364,1.3498588075760025,1.377127764335956,1.4049475905635935,1.4333294145603406,1.462284589434225,1.4918246976412708,1.5219615556186346,1.5527072185113358
0.214381101426978,0.21871188695221488,0.22313016014843004,0.22763768838381318,0.23223627472975925,0.23692775868212235,0.24171401689703706,0.24659696394160718,0.2515785530597574,0.2566607769535569,0.26184566858032704,0.2671353019658515,0.27253179303401376,0.2780373004531954,0.28365402649977167,0.2893842179390521,0.2952301669240157,0.3011942119122035,0.3072787386011328,0.31348618088260677,0.31981902181630534,0.3262797946230409,0.33287108369808105,0.33959552564494055,0.34645581033005873,0.3534546819587816,0.3605949401730797,0.36787944117144356,0.3753110988514009,0.38289288597511334,0.3906278353585223,0.3985190410845155,0.4065696597406004,0.4147829116815827,0.42316208231775027,0.4317105234290811,0.4404316545060006,0.44932896411722306,0.45840601130522496,0.4676664270099108,0.4771139155210361,0.4867522559599734,0.496585303791411,0.5066169923655912,0.5168513344917012,0.5272924240430504,0.5379444375946766,0.5488116360940282,0.5598983665654039,0.5712090638488169,0.5827482523739916,0.5945205479701964,0.6065306597126355,0.6187833918061428,0.6312836455069281,0.6440364210831436,0.6570468198150589,0.6703200460356413,0.6838614092123579,0.6976763260710331,0.7117703227626117,0.7261490370736928,0.7408182206817201,0.7557837414557276,0.7710515858035681,0.7866278610665552,0.8025187979624799,0.8187307530779836,0.8352702114112736,0.852143788966213,0.8693582353988077,0.886920436717159,0.904837418035961,0.923116346386637,0.9417645335842499,0.9607894391523244,0.9801986733067563,1.0000000000000004,1.0202013400267569,1.0408107741923889,1.0618365465453599,1.0832870676749589,1.1051709180756482,1.1274968515793762,1.1502737988572276,1.1735108709918107,1.1972173631218104,1.2214027581601696,1.2460767305873806,1.2712491503214043,1.2969300866657716,1.3231298123374362,1.3498588075760034,1.3771277643359565,1.4049475905635942,1.4333294145603408,1.4622845894342256,1.4918246976412715,1.521961555618635,1.5527072185113373,1.5840739849944816
0.2187118869522149,0.22313016014843,0.22763768838381293,0.2322362747297593,0.23692775868212224,0.24171401689703706,0.24659696394160716,0.25157855305975724,0.2566607769535568,0.261845668580327,0.2671353019658514,0.27253179303401376,0.27803730045319536,0.28365402649977167,0.289384217939052,0.2952301669240157,0.3011942119122036,0.30727873860113275,0.31348618088260694,0.31981902181630545,0.326279794623041,0.33287108369808116,0.3395955256449407,0.3464558103300589,0.3534546819587816,0.3605949401730798,0.36787944117144383,0.37531109885140096,0.38289288597511345,0.39062783535852247,0.3985190410845155,0.40656965974060066,0.4147829116815829,0.42316208231775015,0.43171052342908145,0.44043165450600086,0.4493289641172232,0.45840601130522507,0.4676664270099109,0.4771139155210362,0.48675225595997385,0.49658530379141164,0.5066169923655915,0.5168513344917013,0.5272924240430508,0.5379444375946767,0.5488116360940287,0.5598983665654043,0.5712090638488173,0.5827482523739921,0.5945205479701965,0.6065306597126359,0.6187833918061433,0.6312836455069283,0.6440364210831437,0.6570468198150594,0.6703200460356417,0.683861409212358,0.6976763260710337,0.7117703227626121,0.7261490370736932,0.7408182206817198,0.7557837414557281,0.7710515858035685,0.7866278610665557,0.8025187979624806,0.8187307530779839,0.8352702114112741,0.8521437889662135,0.8693582353988079,0.8869204367171599,0.9048374180359616,0.9231163463866379,0.9417645335842504,0.9607894391523248,0.9801986733067569,1.0000000000000013,1.020201340026757,1.04081077419239,1.0618365465453607,1.0832870676749595,1.1051709180756488,1.1274968515793768,1.150273798857228,1.1735108709918107,1.1972173631218106,1.2214027581601703,1.2460767305873812,1.2712491503214045,1.2969300866657718,1.3231298123374373,1.3498588075760027,1.3771277643359576,1.404947590563594,1.433329414560341,1.4622845894342258,1.4918246976412715,1.5219615556186352,1.5527072185113375,1.5840739849944838,1.6160744021928943
0.22313016014842993,0.22763768838381282,0.232236274729759,0.23692775868212215,0.24171401689703687,0.24659696394160716,0.2515785530597571,0.25666077695355655,0.2618456685803269,0.2671353019658512,0.27253179303401354,0.2780373004531952,0.28365402649977156,0.28938421793905184,0.29523016692401555,0.3011942119122035,0.3072787386011327,0.3134861808826067,0.31981902181630545,0.326279794623041,0.33287108369808105,0.3395955256449407,0.346455810330059,0.3534546819587816,0.3605949401730797,0.36787944117144383,0.375311098851401,0.3828928859751135,0.39062783535852247,0.39851904108451547,0.40656965974060044,0.41478291168158277,0.4231620823177502,0.4317105234290811,0.4404316545060008,0.449328964117223,0.4584060113052252,0.46766642700991085,0.477113915521036,0.48675225595997357,0.49658530379141147,0.5066169923655915,0.5168513344917013,0.5272924240430507,0.5379444375946768,0.5488116360940286,0.5598983665654043,0.5712090638488171,0.5827482523739921,0.5945205479701969,0.6065306597126358,0.6187833918061432,0.6312836455069283,0.6440364210831436,0.6570468198150591,0.6703200460356419,0.6838614092123582,0.6976763260710334,0.7117703227626122,0.7261490370736932,0.7408182206817201,0.755783741455727,0.7710515858035687,0.7866278610665559,0.8025187979624804,0.8187307530779837,0.835270211411274,0.852143788966213,0.8693582353988076,0.8869204367171596,0.9048374180359618,0.9231163463866376,0.9417645335842505,0.9607894391523245,0.9801986733067566,1.0000000000000016,1.020201340026757,1.040810774192389,1.0618365465453614,1.0832870676749602,1.1051709180756486,1.1274968515793766,1.1502737988572278,1.1735108709918107,1.1972173631218106,1.2214027581601705,1.246076730587381,1.271249150321405,1.2969300866657714,1.323129812337437,1.3498588075760034,1.3771277643359563,1.404947590563594,1.4333294145603401,1.462284589434225,1.4918246976412706,1.5219615556186348,1.5527072185113364,1.5840739849944825,1.6160744021928943,1.6487212707001284
0.22763768838381274,0.23223627472975875,0.2369277586821218,0.24171401689703667,0.24659696394160682,0.251578553059757,0.2566607769535564,0.26184566858032654,0.2671353019658511,0.2725317930340133,0.2780373004531949,0.2836540264997713,0.2893842179390516,0.2952301669240153,0.3011942119122033,0.30727873860113253,0.3134861808826066,0.3198190218163053,0.3262797946230409,0.33287108369808094,0.3395955256449405,0.34645581033005884,0.3534546819587816,0.36059494017307964,0.3678794411714436,0.37531109885140085,0.38289288597511334,0.39062783535852236,0.39851904108451547,0.4065696597406003,0.41478291168158254,0.42316208231775,0.4317105234290809,0.4404316545060005,0.449328964117223,0.45840601130522485,0.4676664270099106,0.47711391552103594,0.48675225595997323,0.49658530379141136,0.5066169923655917,0.5168513344917012,0.5272924240430504,0.5379444375946764,0.5488116360940287,0.5598983665654043,0.5712090638488171,0.5827482523739917,0.5945205479701966,0.6065306597126359,0.618783391806143,0.6312836455069284,0.6440364210831436,0.6570468198150589,0.6703200460356417,0.6838614092123582,0.6976763260710334,0.7117703227626117,0.7261490370736932,0.74081822068172,0.7557837414557275,0.7710515858035679,0.7866278610665557,0.8025187979624806,0.8187307530779837,0.8352702114112738,0.8521437889662129,0.8693582353988074,0.8869204367171591,0.9048374180359614,0.9231163463866378,0.9417645335842504,0.960789439152325,0.9801986733067564,1.0000000000000009,1.020201340026757,1.0408107741923893,1.0618365465453605,1.08328706767496,1.1051709180756488,1.127496851579376,1.150273798857228,1.173510870991811,1.1972173631218104,1.2214027581601703,1.246076730587381,1.2712491503214043,1.2969300866657716,1.3231298123374367,1.3498588075760025,1.3771277643359567,1.4049475905635926,1.4333294145603404,1.4622845894342238,1.4918246976412695,1.5219615556186339,1.5527072185113362,1.5840739849944812,1.6160744021928932,1.6487212707001284,1.6820276496988862
0.23223627472975883,0.2369277586821218,0.2417140168970365,0.24659696394160674,0.2515785530597568,0.2566607769535564,0.26184566858032654,0.2671353019658509,0.2725317930340134,0.27803730045319486,0.2836540264997712,0.28938421793905167,0.2952301669240152,0.30119421191220325,0.3072787386011323,0.31348618088260655,0.3198190218163052,0.3262797946230409,0.332871083698081,0.33959552564494055,0.34645581033005884,0.3534546819587816,0.3605949401730798,0.36787944117144367,0.3753110988514008,0.38289288597511334,0.39062783535852247,0.39851904108451547,0.4065696597406004,0.4147829116815826,0.42316208231774993,0.431710523429081,0.4404316545060006,0.449328964117223,0.45840601130522496,0.4676664270099106,0.47711391552103605,0.48675225595997323,0.49658530379141136,0.5066169923655917,0.5168513344917015,0.5272924240430505,0.5379444375946765,0.5488116360940286,0.5598983665654044,0.5712090638488172,0.582748252373992,0.5945205479701967,0.606530659712636,0.6187833918061437,0.6312836455069283,0.644036421083144,0.6570468198150591,0.6703200460356417,0.6838614092123583,0.6976763260710336,0.7117703227626122,0.726149037073693,0.7408182206817202,0.7557837414557276,0.7710515858035684,0.786627861066555,0.8025187979624809,0.818730753077984,0.835270211411274,0.8521437889662131,0.8693582353988073,0.8869204367171591,0.9048374180359613,0.9231163463866378,0.9417645335842506,0.9607894391523252,0.9801986733067573,1.0000000000000013,1.0202013400267569,1.0408107741923895,1.0618365465453605,1.0832870676749595,1.1051709180756493,1.1274968515793768,1.150273798857228,1.1735108709918114,1.197217363121811,1.2214027581601705,1.2460767305873812,1.271249150321405,1.2969300866657714,1.3231298123374375,1.3498588075760025,1.377127764335957,1.404947590563594,1.4333294145603397,1.4622845894342247,1.4918246976412692,1.5219615556186334,1.5527072185113358,1.5840739849944818,1.6160744021928923,1.648721270700128,1.6820276496988862,1.7160068621848588
0.23692775868212174,0.2417140168970364,0.24659696394160646,0.2515785530597566,0.25666077695355616,0.2618456685803264,0.26713530196585084,0.2725317930340131,0.2780373004531949,0.283654026499771,0.28938421793905134,0.29523016692401516,0.3011942119122031,0.3072787386011321,0.3134861808826063,0.3198190218163051,0.32627979462304063,0.3328710836980807,0.3395955256449404,0.34645581033005873,0.35345468195878144,0.36059494017307964,0.36787944117144367,0.3753110988514008,0.3828928859751132,0.39062783535852236,0.3985190410845154,0.4065696597406004,0.4147829116815826,0.42316208231774993,0.43171052342908073,0.44043165450600047,0.44932896411722284,0.45840601130522485,0.4676664270099106,0.47711391552103566,0.48675225595997323,0.4965853037914112,0.5066169923655912,0.5168513344917013,0.5272924240430507,0.5379444375946764,0.5488116360940284,0.559898366565404,0.5712090638488172,0.5827482523739921,0.5945205479701966,0.6065306597126359,0.6187833918061434,0.6312836455069284,0.6440364210831437,0.6570468198150593,0.6703200460356415,0.6838614092123583,0.6976763260710334,0.7117703227626122,0.7261490370736933,0.74081822068172,0.7557837414557276,0.7710515858035683,0.7866278610665554,0.8025187979624799,0.8187307530779842,0.8352702114112741,0.8521437889662131,0.8693582353988074,0.8869204367171593,0.9048374180359611,0.9231163463866373,0.9417645335842506,0.960789439152325,0.9801986733067566,1.0000000000000016,1.0202013400267567,1.0408107741923889,1.061836546545361,1.0832870676749595,1.1051709180756484,1.1274968515793773,1.150273798857228,1.173510870991811,1.1972173631218108,1.2214027581601705,1.246076730587381,1.271249150321405,1.296930086665772,1.3231298123374367,1.349858807576003,1.3771277643359563,1.4049475905635935,1.4333294145603397,1.4622845894342233,1.4918246976412703,1.521961555618633,1.5527072185113358,1.5840739849944807,1.6160744021928926,1.6487212707001262,1.6820276496988849,1.7160068621848579,1.7506725002961012
0.2417140168970364,0.24659696394160643,0.2515785530597565,0.256660776953556,0.26184566858032626,0.26713530196585067,0.2725317930340131,0.27803730045319464,0.28365402649977106,0.28938421793905134,0.2952301669240148,0.30119421191220286,0.3072787386011322,0.3134861808826062,0.319819021816305,0.32627979462304063,0.33287108369808066,0.33959552564494033,0.34645581033005873,0.35345468195878144,0.3605949401730795,0.3678794411714436,0.375311098851401,0.38289288597511323,0.39062783535852225,0.39851904108451547,0.40656965974060033,0.4147829116815826,0.4231620823177501,0.43171052342908095,0.44043165450600036,0.44932896411722284,0.4584060113052248,0.46766642700991057,0.4771139155210357,0.486752255959973,0.496585303791411,0.5066169923655912,0.5168513344917007,0.5272924240430505,0.5379444375946765,0.5488116360940285,0.559898366565404,0.5712090638488169,0.582748252373992,0.5945205479701967,0.6065306597126358,0.6187833918061434,0.6312836455069285,0.6440364210831441,0.6570468198150589,0.6703200460356415,0.6838614092123583,0.6976763260710334,0.7117703227626122,0.726149037073693,0.7408182206817202,0.7557837414557278,0.7710515858035684,0.7866278610665552,0.8025187979624806,0.8187307530779835,0.8352702114112742,0.8521437889662133,0.8693582353988074,0.886920436717159,0.9048374180359606,0.9231163463866369,0.94176453358425,0.960789439152325,0.9801986733067568,1.0000000000000013,1.020201340026757,1.0408107741923893,1.0618365465453603,1.08328706767496,1.1051709180756486,1.1274968515793764,1.1502737988572285,1.1735108709918112,1.1972173631218106,1.2214027581601705,1.2460767305873814,1.2712491503214052,1.296930086665772,1.323129812337437,1.349858807576003,1.3771277643359574,1.404947590563593,1.43332941456034,1.4622845894342242,1.4918246976412697,1.5219615556186337,1.5527072185113346,1.584073984994481,1.6160744021928914,1.6487212707001262,1.6820276496988833,1.7160068621848563,1.7506725002960999,1.7860384307500732
0.24659696394160638,0.2515785530597564,0.2566607769535559,0.2618456685803261,0.26713530196585056,0.27253179303401287,0.2780373004531945,0.2836540264997708,0.2893842179390512,0.2952301669240148,0.3011942119122027,0.30727873860113203,0.3134861808826062,0.3198190218163048,0.32627979462304035,0.33287108369808066,0.3395955256449402,0.3464558103300587,0.3534546819587814,0.3605949401730795,0.3678794411714434,0.37531109885140085,0.38289288597511334,0.3906278353585222,0.3985190410845153,0.40656965974060033,0.4147829116815826,0.42316208231775,0.431710523429081,0.4404316545060002,0.44932896411722273,0.45840601130522496,0.46766642700991023,0.4771139155210356,0.486752255959973,0.4965853037914109,0.5066169923655911,0.516851334491701,0.5272924240430501,0.5379444375946763,0.5488116360940284,0.5598983665654038,0.5712090638488169,0.5827482523739917,0.5945205479701967,0.6065306597126356,0.6187833918061432,0.6312836455069283,0.644036421083144,0.6570468198150593,0.6703200460356417,0.6838614092123582,0.6976763260710334,0.7117703227626119,0.7261490370736933,0.7408182206817201,0.7557837414557278,0.7710515858035685,0.7866278610665555,0.8025187979624804,0.8187307530779837,0.8352702114112734,0.8521437889662135,0.8693582353988076,0.8869204367171589,0.9048374180359605,0.9231163463866369,0.9417645335842499,0.9607894391523244,0.980198673306757,1.0000000000000013,1.020201340026757,1.0408107741923895,1.0618365465453603,1.0832870676749593,1.1051709180756486,1.1274968515793764,1.150273798857228,1.1735108709918114,1.1972173631218104,1.22140275816017,1.2460767305873817,1.2712491503214056,1.296930086665772,1.3231298123374373,1.3498588075760034,1.377127764335957,1.4049475905635938,1.4333294145603392,1.4622845894342242,1.4918246976412697,1.521961555618633,1.5527072185113355,1.5840739849944805,1.6160744021928921,1.6487212707001262,1.6820276496988842,1.7160068621848552,1.7506725002960992,1.7860384307500723,1.8221188003905089
0.25157855305975646,0.2566607769535557,0.26184566858032593,0.26713530196585045,0.2725317930340127,0.27803730045319436,0.2836540264997707,0.289384217939051,0.2952301669240147,0.30119421191220275,0.30727873860113175,0.3134861808826061,0.3198190218163048,0.32627979462304035,0.33287108369808044,0.33959552564494005,0.34645581033005846,0.3534546819587812,0.3605949401730794,0.36787944117144344,0.37531109885140057,0.3828928859751133,0.3906278353585224,0.39851904108451525,0.40656965974060016,0.41478291168158254,0.42316208231775004,0.43171052342908084,0.4404316545060004,0.4493289641172228,0.4584060113052246,0.4676664270099106,0.4771139155210356,0.48675225595997307,0.4965853037914109,0.506616992365591,0.5168513344917006,0.5272924240430502,0.537944437594676,0.5488116360940285,0.5598983665654039,0.571209063848817,0.5827482523739915,0.5945205479701963,0.6065306597126358,0.6187833918061432,0.6312836455069282,0.644036421083144,0.6570468198150591,0.6703200460356418,0.6838614092123584,0.6976763260710332,0.711770322762612,0.7261490370736932,0.74081822068172,0.7557837414557276,0.7710515858035685,0.7866278610665552,0.8025187979624802,0.8187307530779835,0.8352702114112739,0.8521437889662128,0.8693582353988079,0.8869204367171594,0.904837418035961,0.9231163463866372,0.9417645335842498,0.9607894391523243,0.9801986733067567,1.0000000000000016,1.0202013400267564,1.0408107741923895,1.0618365465453607,1.0832870676749593,1.1051709180756484,1.1274968515793768,1.150273798857228,1.1735108709918107,1.1972173631218113,1.2214027581601699,1.246076730587381,1.2712491503214052,1.2969300866657723,1.323129812337437,1.3498588075760032,1.3771277643359574,1.4049475905635933,1.4333294145603401,1.4622845894342236,1.49182469764127,1.5219615556186332,1.552707218511335,1.5840739849944807,1.6160744021928914,1.6487212707001262,1.6820276496988844,1.716006862184856,1.7506725002960974,1.786038430750071,1.8221188003905076,1.8589280418463416
0.2566607769535559,0.26184566858032604,0.26713530196585045,0.2725317930340127,0.2780373004531943,0.28365402649977056,0.28938421793905106,0.29523016692401466,0.3011942119122027,0.3072787386011319,0.31348618088260605,0.3198190218163047,0.3262797946230404,0.33287108369808055,0.33959552564494017,0.34645581033005834,0.35345468195878127,0.36059494017307947,0.3678794411714435,0.3753110988514008,0.38289288597511323,0.39062783535852247,0.3985190410845157,0.40656965974060044,0.41478291168158254,0.42316208231775004,0.43171052342908106,0.4404316545060005,0.4493289641172231,0.4584060113052249,0.46766642700991057,0.4771139155210358,0.4867522559599729,0.496585303791411,0.5066169923655911,0.5168513344917007,0.5272924240430502,0.5379444375946764,0.5488116360940282,0.559898366565404,0.5712090638488171,0.5827482523739919,0.5945205479701965,0.6065306597126356,0.6187833918061435,0.6312836455069283,0.6440364210831436,0.6570468198150594,0.6703200460356419,0.6838614092123584,0.6976763260710337,0.7117703227626123,0.7261490370736934,0.7408182206817203,0.7557837414557279,0.7710515858035687,0.7866278610665558,0.8025187979624809,0.8187307530779837,0.8352702114112742,0.8521437889662133,0.8693582353988073,0.8869204367171597,0.9048374180359618,0.9231163463866376,0.9417645335842506,0.9607894391523244,0.9801986733067565,1.0000000000000018,1.0202013400267576,1.0408107741923895,1.0618365465453612,1.08328706767496,1.1051709180756486,1.1274968515793766,1.150273798857229,1.1735108709918112,1.1972173631218113,1.221402758160171,1.2460767305873812,1.271249150321405,1.296930086665772,1.323129812337438,1.3498588075760034,1.3771277643359578,1.4049475905635946,1.4333294145603401,1.4622845894342245,1.49182469764127,1.5219615556186339,1.5527072185113362,1.5840739849944812,1.616074402192893,1.6487212707001275,1.682027649698885,1.7160068621848565,1.750672500296099,1.78603843075007,1.8221188003905064,1.8589280418463408,1.896480879304952
0.26184566858032593,0.2671353019658503,0.2725317930340126,0.27803730045319425,0.2836540264997706,0.2893842179390508,0.29523016692401466,0.3011942119122025,0.30727873860113175,0.31348618088260594,0.3198190218163045,0.3262797946230403,0.3328710836980805,0.3395955256449402,0.3464558103300584,0.35345468195878116,0.36059494017307947,0.3678794411714435,0.37531109885140074,0.3828928859751132,0.3906278353585223,0.3985190410845155,0.4065696597406005,0.4147829116815826,0.42316208231775004,0.431710523429081,0.44043165450600075,0.44932896411722295,0.458406011305225,0.46766642700991073,0.47711391552103566,0.4867522559599733,0.49658530379141097,0.5066169923655912,0.5168513344917008,0.5272924240430502,0.5379444375946763,0.5488116360940283,0.5598983665654039,0.5712090638488171,0.5827482523739919,0.5945205479701965,0.6065306597126353,0.6187833918061431,0.6312836455069285,0.6440364210831435,0.6570468198150592,0.670320046035642,0.6838614092123583,0.6976763260710336,0.7117703227626123,0.7261490370736934,0.7408182206817203,0.7557837414557277,0.7710515858035686,0.7866278610665556,0.8025187979624809,0.818730753077984,0.8352702114112739,0.8521437889662132,0.8693582353988077,0.8869204367171593,0.9048374180359616,0.9231163463866379,0.9417645335842505,0.9607894391523247,0.9801986733067569,1.0000000000000016,1.0202013400267576,1.0408107741923902,1.061836546545361,1.0832870676749597,1.1051709180756495,1.127496851579377,1.1502737988572285,1.1735108709918112,1.197217363121811,1.2214027581601705,1.246076730587382,1.2712491503214054,1.2969300866657718,1.3231298123374375,1.3498588075760045,1.3771277643359574,1.4049475905635944,1.4333294145603406,1.4622845894342238,1.4918246976412703,1.5219615556186334,1.552707218511336,1.5840739849944816,1.616074402192893,1.6487212707001275,1.6820276496988853,1.7160068621848568,1.7506725002960994,1.7860384307500712,1.822118800390506,1.858928041846339,1.89648087930495,1.9347923344020315
0.2671353019658502,0.27253179303401254,0.27803730045319414,0.2836540264997705,0.2893842179390507,0.2952301669240144,0.3011942119122024,0.3072787386011316,0.3134861808826058,0.31981902181630456,0.32627979462304013,0.3328710836980803,0.33959552564494,0.3464558103300584,0.35345468195878116,0.36059494017307936,0.36787944117144344,0.37531109885140074,0.38289288597511323,0.39062783535852236,0.39851904108451547,0.40656965974060033,0.4147829116815828,0.42316208231775,0.4317105234290808,0.4404316545060005,0.44932896411722323,0.45840601130522507,0.4676664270099108,0.47711391552103594,0.48675225595997323,0.4965853037914111,0.5066169923655912,0.5168513344917008,0.5272924240430503,0.5379444375946763,0.5488116360940284,0.5598983665654039,0.5712090638488166,0.5827482523739919,0.5945205479701967,0.6065306597126356,0.618783391806143,0.6312836455069281,0.644036421083144,0.6570468198150592,0.6703200460356417,0.6838614092123586,0.6976763260710337,0.7117703227626123,0.7261490370736936,0.7408182206817202,0.7557837414557278,0.7710515858035686,0.7866278610665559,0.8025187979624805,0.8187307530779839,0.835270211411274,0.8521437889662132,0.8693582353988079,0.8869204367171594,0.9048374180359613,0.923116346386638,0.9417645335842506,0.9607894391523247,0.9801986733067567,1.0000000000000016,1.0202013400267573,1.0408107741923902,1.0618365465453616,1.0832870676749602,1.105170918075649,1.1274968515793773,1.1502737988572287,1.1735108709918112,1.197217363121812,1.2214027581601707,1.2460767305873819,1.2712491503214054,1.2969300866657723,1.3231298123374369,1.3498588075760034,1.3771277643359578,1.4049475905635938,1.4333294145603408,1.4622845894342245,1.4918246976412701,1.521961555618634,1.5527072185113355,1.5840739849944816,1.6160744021928934,1.6487212707001275,1.6820276496988853,1.7160068621848574,1.7506725002960992,1.7860384307500712,1.8221188003905062,1.8589280418463388,1.8964808793049484,1.93479233440203,1.9738777322304462
0.2725317930340126,0.2780373004531941,0.2836540264997704,0.2893842179390509,0.29523016692401444,0.30119421191220236,0.3072787386011317,0.31348618088260577,0.31981902181630445,0.3262797946230403,0.3328710836980803,0.33959552564494005,0.34645581033005846,0.3534546819587812,0.36059494017307964,0.3678794411714436,0.37531109885140085,0.38289288597511323,0.39062783535852247,0.3985190410845155,0.4065696597406008,0.4147829116815827,0.4231620823177506,0.43171052342908117,0.44043165450600064,0.44932896411722306,0.4584060113052253,0.46766642700991096,0.47711391552103616,0.4867522559599732,0.4965853037914112,0.5066169923655915,0.5168513344917012,0.5272924240430504,0.5379444375946766,0.5488116360940284,0.5598983665654043,0.5712090638488172,0.5827482523739917,0.5945205479701968,0.6065306597126361,0.6187833918061434,0.6312836455069282,0.6440364210831436,0.6570468198150596,0.670320046035642,0.6838614092123584,0.697676326071034,0.7117703227626128,0.7261490370736936,0.740818220681721,0.7557837414557282,0.771051585803569,0.7866278610665558,0.802518797962481,0.8187307530779843,0.8352702114112744,0.8521437889662138,0.8693582353988081,0.8869204367171599,0.9048374180359618,0.9231163463866378,0.9417645335842514,0.9607894391523258,0.9801986733067576,1.000000000000002,1.020201340026758,1.0408107741923907,1.0618365465453619,1.0832870676749609,1.10517091807565,1.127496851579378,1.1502737988572296,1.1735108709918123,1.197217363121812,1.2214027581601719,1.2460767305873823,1.2712491503214063,1.2969300866657731,1.323129812337438,1.3498588075760036,1.377127764335958,1.4049475905635949,1.4333294145603406,1.4622845894342253,1.491824697641271,1.521961555618634,1.5527072185113364,1.5840739849944816,1.6160744021928937,1.6487212707001282,1.6820276496988864,1.716006862184858,1.7506725002961008,1.7860384307500723,1.8221188003905078,1.8589280418463403,1.896480879304949,1.93479233440203,1.9738777322304466,2.0137527074704766
0.2780373004531941,0.2836540264997704,0.28938421793905084,0.2952301669240144,0.30119421191220236,0.3072787386011315,0.3134861808826057,0.31981902181630445,0.3262797946230402,0.3328710836980804,0.33959552564494005,0.3464558103300585,0.35345468195878127,0.3605949401730796,0.3678794411714436,0.375311098851401,0.38289288597511356,0.3906278353585226,0.39851904108451586,0.4065696597406007,0.414782911681583,0.4231620823177504,0.4317105234290815,0.44043165450600086,0.4493289641172231,0.4584060113052253,0.46766642700991107,0.47711391552103616,0.48675225595997357,0.4965853037914114,0.5066169923655915,0.5168513344917015,0.5272924240430504,0.5379444375946765,0.5488116360940287,0.559898366565404,0.5712090638488171,0.5827482523739921,0.5945205479701968,0.6065306597126363,0.6187833918061437,0.6312836455069284,0.6440364210831439,0.6570468198150593,0.6703200460356421,0.6838614092123584,0.6976763260710339,0.7117703227626127,0.726149037073694,0.7408182206817205,0.7557837414557284,0.7710515858035688,0.7866278610665564,0.802518797962481,0.8187307530779847,0.8352702114112742,0.8521437889662138,0.8693582353988083,0.8869204367171599,0.9048374180359622,0.9231163463866383,0.9417645335842508,0.9607894391523258,0.9801986733067577,1.0000000000000022,1.020201340026758,1.0408107741923907,1.0618365465453619,1.083287067674961,1.1051709180756506,1.1274968515793784,1.1502737988572305,1.1735108709918127,1.1972173631218124,1.2214027581601723,1.246076730587383,1.2712491503214065,1.2969300866657734,1.3231298123374389,1.3498588075760043,1.3771277643359576,1.4049475905635949,1.4333294145603415,1.462284589434225,1.491824697641271,1.5219615556186348,1.5527072185113369,1.5840739849944827,1.616074402192894,1.648721270700129,1.6820276496988869,1.7160068621848592,1.7506725002961012,1.7860384307500736,1.8221188003905084,1.8589280418463423,1.8964808793049497,1.9347923344020304,1.9738777322304464,2.0137527074704766,2.0544332106438876
0.2836540264997703,0.2893842179390506,0.2952301669240143,0.30119421191220225,0.3072787386011315,0.31348618088260555,0.31981902181630417,0.3262797946230399,0.3328710836980801,0.33959552564494,0.3464558103300583,0.35345468195878116,0.3605949401730794,0.3678794411714437,0.37531109885140096,0.3828928859751134,0.3906278353585226,0.39851904108451564,0.40656965974060066,0.41478291168158293,0.42316208231775065,0.4317105234290813,0.44043165450600114,0.44932896411722323,0.458406011305225,0.46766642700991096,0.47711391552103627,0.48675225595997346,0.4965853037914116,0.5066169923655917,0.5168513344917012,0.5272924240430505,0.5379444375946764,0.5488116360940284,0.5598983665654047,0.571209063848817,0.5827482523739921,0.5945205479701966,0.6065306597126358,0.6187833918061436,0.631283645506929,0.644036421083144,0.6570468198150592,0.6703200460356419,0.6838614092123589,0.6976763260710336,0.7117703227626127,0.7261490370736939,0.7408182206817207,0.7557837414557281,0.771051585803569,0.7866278610665561,0.8025187979624812,0.8187307530779843,0.8352702114112746,0.8521437889662135,0.869358235398808,0.8869204367171598,0.9048374180359618,0.9231163463866381,0.941764533584251,0.9607894391523253,0.9801986733067583,1.0000000000000022,1.020201340026758,1.0408107741923907,1.0618365465453619,1.0832870676749609,1.1051709180756504,1.1274968515793786,1.1502737988572296,1.173510870991813,1.1972173631218128,1.221402758160172,1.2460767305873834,1.2712491503214072,1.2969300866657736,1.3231298123374384,1.3498588075760045,1.3771277643359585,1.4049475905635935,1.433329414560341,1.4622845894342256,1.4918246976412708,1.5219615556186343,1.5527072185113366,1.5840739849944818,1.6160744021928937,1.648721270700129,1.682027649698887,1.7160068621848588,1.7506725002961006,1.7860384307500736,1.822118800390509,1.8589280418463416,1.896480879304951,1.9347923344020301,1.9738777322304473,2.0137527074704753,2.0544332106438867,2.0959355144943643
0.2893842179390506,0.2952301669240142,0.3011942119122023,0.3072787386011315,0.3134861808826056,0.31981902181630417,0.32627979462303985,0.3328710836980801,0.33959552564493983,0.3464558103300583,0.3534546819587811,0.36059494017307947,0.3678794411714436,0.375311098851401,0.3828928859751137,0.39062783535852275,0.3985190410845159,0.4065696597406008,0.4147829116815834,0.4231620823177506,0.43171052342908167,0.44043165450600114,0.44932896411722384,0.4584060113052254,0.467666427009911,0.4771139155210364,0.4867522559599738,0.4965853037914116,0.5066169923655918,0.5168513344917013,0.5272924240430507,0.537944437594677,0.5488116360940289,0.5598983665654044,0.5712090638488178,0.5827482523739921,0.5945205479701969,0.6065306597126361,0.6187833918061437,0.631283645506929,0.6440364210831444,0.6570468198150596,0.6703200460356422,0.6838614092123586,0.6976763260710341,0.7117703227626127,0.726149037073694,0.7408182206817212,0.7557837414557287,0.7710515858035693,0.7866278610665564,0.8025187979624813,0.8187307530779847,0.835270211411275,0.8521437889662143,0.8693582353988084,0.8869204367171598,0.9048374180359621,0.9231163463866386,0.9417645335842517,0.9607894391523257,0.9801986733067578,1.0000000000000029,1.0202013400267584,1.0408107741923913,1.0618365465453627,1.0832870676749615,1.1051709180756504,1.127496851579379,1.1502737988572305,1.1735108709918136,1.1972173631218137,1.2214027581601734,1.2460767305873839,1.2712491503214072,1.2969300866657745,1.3231298123374393,1.3498588075760052,1.3771277643359594,1.4049475905635953,1.433329414560341,1.462284589434226,1.4918246976412721,1.5219615556186343,1.552707218511337,1.584073984994483,1.6160744021928939,1.648721270700129,1.6820276496988873,1.7160068621848592,1.750672500296102,1.7860384307500738,1.8221188003905098,1.858928041846343,1.8964808793049523,1.934792334402032,1.9738777322304475,2.013752707470477,2.0544332106438876,2.0959355144943648,2.138276220496819
0.2952301669240143,0.30119421191220214,0.3072787386011314,0.3134861808826056,0.31981902181630434,0.32627979462303985,0.33287108369808005,0.33959552564493983,0.3464558103300582,0.3534546819587811,0.3605949401730794,0.3678794411714436,0.37531109885140107,0.3828928859751138,0.390627835358523,0.3985190410845161,0.4065696597406012,0.4147829116815834,0.423162082317751,0.4317105234290816,0.4404316545060014,0.4493289641172236,0.4584060113052258,0.46766642700991135,0.4771139155210366,0.48675225595997396,0.4965853037914119,0.506616992365592,0.5168513344917018,0.5272924240430509,0.5379444375946771,0.5488116360940292,0.5598983665654048,0.5712090638488175,0.5827482523739925,0.5945205479701969,0.6065306597126365,0.618783391806144,0.6312836455069287,0.6440364210831447,0.6570468198150603,0.6703200460356425,0.683861409212359,0.6976763260710341,0.7117703227626132,0.7261490370736942,0.7408182206817213,0.7557837414557291,0.7710515858035697,0.7866278610665564,0.802518797962482,0.818730753077985,0.8352702114112756,0.8521437889662147,0.8693582353988092,0.8869204367171606,0.9048374180359626,0.9231163463866386,0.9417645335842522,0.9607894391523267,0.9801986733067585,1.0000000000000029,1.020201340026759,1.0408107741923915,1.061836546545363,1.083287067674962,1.1051709180756508,1.1274968515793788,1.150273798857231,1.1735108709918143,1.1972173631218141,1.2214027581601736,1.2460767305873843,1.271249150321408,1.2969300866657751,1.32312981233744,1.349858807576006,1.3771277643359594,1.4049475905635964,1.4333294145603426,1.4622845894342251,1.491824697641272,1.521961555618636,1.552707218511337,1.5840739849944834,1.6160744021928952,1.6487212707001289,1.682027649698888,1.71600686218486,1.7506725002961026,1.7860384307500752,1.8221188003905098,1.8589280418463436,1.896480879304953,1.9347923344020332,1.9738777322304495,2.013752707470477,2.0544332106438894,2.0959355144943648,2.1382762204968193,2.181472265498202
0.30119421191220214,0.3072787386011312,0.31348618088260544,0.31981902181630417,0.3262797946230398,0.3328710836980799,0.33959552564493956,0.346455810330058,0.35345468195878094,0.36059494017307925,0.3678794411714434,0.37531109885140096,0.38289288597511345,0.3906278353585229,0.3985190410845162,0.40656965974060105,0.41478291168158354,0.42316208231775093,0.4317105234290819,0.44043165450600136,0.44932896411722373,0.45840601130522574,0.46766642700991157,0.47711391552103655,0.4867522559599737,0.49658530379141175,0.5066169923655921,0.5168513344917016,0.5272924240430511,0.5379444375946768,0.548811636094029,0.5598983665654047,0.5712090638488176,0.5827482523739923,0.5945205479701973,0.6065306597126361,0.6187833918061438,0.631283645506929,0.6440364210831444,0.65704681981506,0.6703200460356427,0.6838614092123589,0.6976763260710342,0.711770322762613,0.7261490370736945,0.740818220681721,0.7557837414557287,0.7710515858035699,0.7866278610665568,0.8025187979624815,0.8187307530779849,0.8352702114112752,0.8521437889662143,0.869358235398809,0.8869204367171607,0.9048374180359625,0.9231163463866383,0.9417645335842513,0.9607894391523265,0.9801986733067585,1.000000000000003,1.0202013400267584,1.0408107741923915,1.0618365465453627,1.0832870676749617,1.1051709180756508,1.127496851579379,1.1502737988572305,1.173510870991814,1.197217363121814,1.221402758160174,1.2460767305873846,1.271249150321408,1.2969300866657747,1.3231298123374402,1.3498588075760065,1.37712776433596,1.4049475905635957,1.4333294145603428,1.4622845894342267,1.491824697641271,1.5219615556186352,1.5527072185113375,1.5840739849944825,1.6160744021928946,1.6487212707001297,1.6820276496988866,1.7160068621848592,1.7506725002961026,1.7860384307500747,1.8221188003905102,1.8589280418463425,1.896480879304953,1.9347923344020321,1.9738777322304482,2.0137527074704775,2.054433210643888,2.095935514494365,2.1382762204968193,2.1814722654982015,2.225540928492468
0.3072787386011312,0.3134861808826052,0.3198190218163039,0.3262797946230397,0.3328710836980796,0.3395955256449393,0.3464558103300577,0.3534546819587807,0.3605949401730789,0.36787944117144306,0.3753110988514005,0.38289288597511323,0.39062783535852263,0.3985190410845159,0.406569659740601,0.4147829116815833,0.4231620823177509,0.4317105234290816,0.44043165450600125,0.44932896411722356,0.45840601130522585,0.4676664270099113,0.47711391552103644,0.48675225595997357,0.4965853037914115,0.5066169923655918,0.5168513344917014,0.5272924240430509,0.5379444375946769,0.5488116360940288,0.5598983665654044,0.5712090638488175,0.5827482523739924,0.5945205479701969,0.6065306597126363,0.6187833918061434,0.6312836455069288,0.6440364210831442,0.6570468198150599,0.6703200460356424,0.683861409212359,0.697676326071034,0.7117703227626125,0.7261490370736939,0.7408182206817213,0.7557837414557284,0.7710515858035695,0.7866278610665566,0.8025187979624819,0.8187307530779848,0.835270211411275,0.8521437889662143,0.869358235398809,0.8869204367171605,0.9048374180359626,0.9231163463866384,0.9417645335842516,0.9607894391523255,0.9801986733067586,1.0000000000000029,1.0202013400267582,1.0408107741923909,1.0618365465453627,1.0832870676749615,1.1051709180756506,1.1274968515793788,1.1502737988572305,1.1735108709918134,1.1972173631218135,1.2214027581601734,1.2460767305873846,1.2712491503214076,1.296930086665775,1.32312981233744,1.3498588075760058,1.37712776433596,1.4049475905635966,1.4333294145603421,1.462284589434227,1.4918246976412723,1.5219615556186339,1.552707218511337,1.5840739849944827,1.6160744021928939,1.6487212707001289,1.682027649698887,1.716006862184859,1.7506725002961017,1.7860384307500734,1.8221188003905096,1.8589280418463425,1.8964808793049504,1.9347923344020324,1.9738777322304473,2.013752707470476,2.054433210643887,2.0959355144943643,2.1382762204968198,2.1814722654982015,2.225540928492468,2.270499837532405
0.31348618088260516,0.3198190218163039,0.32627979462303963,0.3328710836980798,0.3395955256449394,0.3464558103300577,0.3534546819587805,0.3605949401730789,0.36787944117144306,0.3753110988514004,0.3828928859751131,0.3906278353585226,0.39851904108451575,0.40656965974060083,0.4147829116815834,0.4231620823177508,0.4317105234290818,0.4404316545060014,0.44932896411722384,0.4584060113052257,0.46766642700991146,0.47711391552103666,0.48675225595997396,0.49658530379141164,0.5066169923655919,0.5168513344917016,0.527292424043051,0.5379444375946768,0.548811636094029,0.5598983665654047,0.5712090638488174,0.5827482523739923,0.5945205479701973,0.6065306597126362,0.6187833918061441,0.6312836455069286,0.6440364210831446,0.6570468198150599,0.6703200460356422,0.6838614092123592,0.6976763260710345,0.7117703227626131,0.7261490370736942,0.740818220681721,0.7557837414557289,0.7710515858035694,0.786627861066557,0.8025187979624818,0.8187307530779852,0.8352702114112751,0.8521437889662146,0.869358235398809,0.8869204367171609,0.9048374180359627,0.9231163463866391,0.9417645335842517,0.9607894391523262,0.980198673306758,1.000000000000003,1.020201340026759,1.0408107741923913,1.0618365465453623,1.0832870676749622,1.1051709180756508,1.1274968515793786,1.1502737988572305,1.1735108709918136,1.1972173631218135,1.2214027581601736,1.2460767305873852,1.2712491503214085,1.2969300866657751,1.32312981233744,1.3498588075760063,1.3771277643359598,1.4049475905635966,1.4333294145603428,1.4622845894342267,1.4918246976412726,1.5219615556186354,1.5527072185113373,1.5840739849944832,1.6160744021928946,1.6487212707001293,1.6820276496988875,1.7160068621848596,1.7506725002961012,1.7860384307500745,1.8221188003905093,1.8589280418463427,1.896480879304952,1.9347923344020312,1.9738777322304486,2.013752707470477,2.054433210643888,2.0959355144943643,2.1382762204968184,2.1814722654982015,2.2255409284924688,2.2704998375324057,2.3163669767810924
0.3198190218163039,0.3262797946230394,0.3328710836980797,0.3395955256449393,0.34645581033005757,0.3534546819587802,0.3605949401730786,0.3678794411714428,0.3753110988514004,0.3828928859751129,0.3906278353585223,0.39851904108451547,0.40656965974060055,0.41478291168158316,0.4231620823177508,0.4317105234290816,0.44043165450600125,0.4493289641172237,0.45840601130522585,0.4676664270099114,0.47711391552103655,0.48675225595997396,0.4965853037914117,0.5066169923655918,0.5168513344917014,0.5272924240430509,0.5379444375946769,0.5488116360940288,0.5598983665654046,0.5712090638488175,0.5827482523739922,0.594520547970197,0.6065306597126361,0.6187833918061437,0.6312836455069291,0.6440364210831441,0.6570468198150601,0.6703200460356424,0.6838614092123587,0.6976763260710345,0.7117703227626131,0.726149037073694,0.7408182206817211,0.7557837414557285,0.7710515858035698,0.7866278610665565,0.8025187979624817,0.818730753077985,0.835270211411275,0.8521437889662145,0.8693582353988087,0.8869204367171608,0.9048374180359627,0.9231163463866391,0.941764533584252,0.9607894391523264,0.9801986733067583,1.000000000000003,1.020201340026759,1.0408107741923915,1.0618365465453625,1.0832870676749613,1.105170918075651,1.1274968515793788,1.1502737988572302,1.1735108709918132,1.1972173631218133,1.221402758160173,1.2460767305873846,1.2712491503214083,1.2969300866657758,1.3231298123374402,1.3498588075760063,1.3771277643359598,1.4049475905635969,1.433329414560343,1.462284589434227,1.4918246976412728,1.5219615556186359,1.5527072185113373,1.5840739849944825,1.6160744021928946,1.64872127070013,1.6820276496988873,1.7160068621848594,1.7506725002961019,1.786038430750073,1.822118800390509,1.858928041846342,1.8964808793049521,1.9347923344020317,1.9738777322304462,2.0137527074704766,2.0544332106438876,2.0959355144943648,2.138276220496818,2.181472265498201,2.2255409284924674,2.270499837532406,2.316366976781091,2.3631606937057943
0.32627979462303947,0.3328710836980795,0.3395955256449392,0.3464558103300577,0.35345468195878016,0.3605949401730785,0.3678794411714427,0.37531109885140007,0.3828928859751129,0.3906278353585221,0.3985190410845153,0.4065696597406006,0.41478291168158304,0.4231620823177507,0.43171052342908156,0.44043165450600125,0.44932896411722373,0.4584060113052257,0.46766642700991146,0.4771139155210365,0.48675225595997396,0.4965853037914118,0.5066169923655919,0.5168513344917015,0.5272924240430507,0.5379444375946768,0.548811636094029,0.5598983665654046,0.5712090638488176,0.5827482523739923,0.594520547970197,0.6065306597126362,0.6187833918061437,0.6312836455069292,0.6440364210831445,0.6570468198150597,0.6703200460356425,0.683861409212359,0.697676326071034,0.7117703227626134,0.7261490370736943,0.740818220681721,0.7557837414557287,0.7710515858035695,0.786627861066557,0.8025187979624816,0.8187307530779853,0.8352702114112752,0.8521437889662148,0.8693582353988091,0.8869204367171606,0.9048374180359626,0.9231163463866391,0.9417645335842518,0.9607894391523266,0.9801986733067586,1.0000000000000033,1.0202013400267589,1.0408107741923918,1.0618365465453632,1.083287067674962,1.1051709180756506,1.1274968515793793,1.1502737988572307,1.1735108709918132,1.1972173631218133,1.2214027581601732,1.2460767305873839,1.2712491503214085,1.2969300866657758,1.323129812337441,1.3498588075760065,1.37712776433596,1.404947590563597,1.433329414560343,1.4622845894342276,1.4918246976412732,1.5219615556186363,1.552707218511338,1.5840739849944834,1.6160744021928934,1.648721270700129,1.6820276496988877,1.7160068621848596,1.7506725002961019,1.7860384307500745,1.8221188003905087,1.8589280418463425,1.896480879304951,1.934792334402032,1.9738777322304482,2.0137527074704753,2.054433210643888,2.0959355144943643,2.1382762204968184,2.1814722654982,2.2255409284924665,2.2704998375324057,2.3163669767810915,2.3631606937057947,2.4108997064172097
0.3328710836980796,0.33959552564493917,0.3464558103300575,0.3534546819587803,0.36059494017307847,0.36787944117144256,0.3753110988513999,0.38289288597511256,0.390627835358522,0.398519041084515,0.40656965974060033,0.41478291168158293,0.4231620823177505,0.4317105234290816,0.4404316545060012,0.4493289641172236,0.4584060113052258,0.4676664270099115,0.47711391552103655,0.48675225595997385,0.49658530379141164,0.506616992365592,0.5168513344917014,0.5272924240430509,0.5379444375946768,0.5488116360940289,0.5598983665654045,0.5712090638488173,0.5827482523739923,0.5945205479701972,0.6065306597126362,0.6187833918061437,0.6312836455069288,0.6440364210831447,0.65704681981506,0.6703200460356425,0.6838614092123594,0.6976763260710347,0.7117703227626129,0.7261490370736946,0.7408182206817214,0.7557837414557287,0.7710515858035697,0.7866278610665567,0.8025187979624822,0.8187307530779854,0.8352702114112757,0.8521437889662148,0.8693582353988091,0.8869204367171609,0.9048374180359631,0.923116346386639,0.9417645335842523,0.9607894391523267,0.9801986733067588,1.0000000000000036,1.0202013400267598,1.0408107741923918,1.0618365465453634,1.0832870676749624,1.1051709180756515,1.1274968515793786,1.150273798857231,1.1735108709918138,1.1972173631218135,1.2214027581601727,1.246076730587384,1.2712491503214083,1.2969300866657758,1.323129812337441,1.3498588075760072,1.3771277643359605,1.4049475905635973,1.4333294145603435,1.4622845894342278,1.4918246976412735,1.5219615556186366,1.5527072185113384,1.5840739849944843,1.6160744021928948,1.648721270700129,1.6820276496988873,1.7160068621848599,1.7506725002961026,1.786038430750074,1.8221188003905096,1.8589280418463416,1.8964808793049521,1.934792334402031,1.9738777322304475,2.0137527074704757,2.0544332106438863,2.0959355144943643,2.138276220496818,2.1814722654982006,2.225540928492466,2.2704998375324053,2.3163669767810897,2.3631606937057947,2.4108997064172093,2.4596031111569494
0.3395955256449392,0.3464558103300574,0.35345468195878027,0.36059494017307836,0.3678794411714425,0.3753110988513996,0.38289288597511223,0.3906278353585216,0.3985190410845149,0.4065696597405999,0.4147829116815825,0.42316208231775015,0.4317105234290812,0.44043165450600114,0.44932896411722345,0.45840601130522546,0.4676664270099115,0.4771139155210364,0.48675225595997396,0.4965853037914117,0.5066169923655915,0.5168513344917015,0.5272924240430509,0.5379444375946767,0.5488116360940285,0.5598983665654045,0.5712090638488174,0.5827482523739921,0.5945205479701969,0.6065306597126362,0.6187833918061434,0.6312836455069291,0.6440364210831441,0.6570468198150601,0.6703200460356422,0.6838614092123589,0.6976763260710344,0.7117703227626129,0.7261490370736938,0.7408182206817213,0.7557837414557289,0.7710515858035696,0.7866278610665564,0.8025187979624817,0.8187307530779854,0.835270211411275,0.8521437889662146,0.8693582353988086,0.8869204367171606,0.9048374180359628,0.9231163463866388,0.941764533584252,0.9607894391523267,0.9801986733067588,1.000000000000003,1.0202013400267596,1.040810774192392,1.0618365465453634,1.083287067674962,1.1051709180756515,1.1274968515793793,1.1502737988572307,1.173510870991814,1.1972173631218137,1.2214027581601732,1.2460767305873839,1.271249150321408,1.296930086665775,1.3231298123374409,1.3498588075760065,1.3771277643359612,1.4049475905635966,1.433329414560343,1.4622845894342276,1.4918246976412728,1.5219615556186366,1.5527072185113386,1.5840739849944838,1.616074402192896,1.6487212707001295,1.682027649698887,1.7160068621848592,1.7506725002961026,1.7860384307500745,1.8221188003905096,1.8589280418463427,1.8964808793049506,1.9347923344020317,1.9738777322304462,2.013752707470476,2.0544332106438863,2.0959355144943626,2.1382762204968184,2.1814722654981984,2.225540928492465,2.270499837532403,2.3163669767810897,2.363160693705792,2.410899706417208,2.459603111156948,2.509290389936297
0.3464558103300574,0.35345468195878016,0.36059494017307825,0.3678794411714424,0.3753110988513995,0.382892885975112,0.3906278353585212,0.3985190410845145,0.40656965974059983,0.414782911681582,0.4231620823177497,0.43171052342908095,0.44043165450600075,0.4493289641172233,0.4584060113052252,0.4676664270099112,0.47711391552103655,0.48675225595997357,0.49658530379141136,0.5066169923655917,0.5168513344917012,0.5272924240430507,0.5379444375946765,0.5488116360940285,0.5598983665654043,0.5712090638488172,0.5827482523739924,0.5945205479701968,0.606530659712636,0.6187833918061436,0.6312836455069287,0.6440364210831443,0.6570468198150595,0.6703200460356425,0.6838614092123589,0.697676326071034,0.7117703227626129,0.7261490370736942,0.7408182206817208,0.7557837414557289,0.7710515858035696,0.7866278610665567,0.8025187979624816,0.8187307530779848,0.8352702114112754,0.8521437889662143,0.869358235398809,0.8869204367171605,0.9048374180359624,0.9231163463866389,0.9417645335842519,0.9607894391523263,0.9801986733067587,1.0000000000000033,1.0202013400267593,1.0408107741923915,1.0618365465453634,1.083287067674962,1.1051709180756506,1.1274968515793788,1.1502737988572305,1.173510870991813,1.1972173631218137,1.2214027581601732,1.2460767305873834,1.2712491503214076,1.2969300866657754,1.3231298123374402,1.3498588075760067,1.3771277643359605,1.4049475905635973,1.4333294145603424,1.4622845894342271,1.4918246976412728,1.521961555618636,1.5527072185113384,1.5840739849944836,1.6160744021928954,1.6487212707001304,1.6820276496988869,1.7160068621848594,1.7506725002961019,1.7860384307500745,1.8221188003905096,1.858928041846342,1.8964808793049515,1.9347923344020304,1.9738777322304462,2.0137527074704744,2.054433210643887,2.095935514494363,2.1382762204968158,2.1814722654981993,2.225540928492465,2.270499837532403,2.3163669767810884,2.363160693705791,2.410899706417206,2.4596031111569463,2.509290389936296,2.5599814183292704
0.3534546819587801,0.36059494017307814,0.3678794411714422,0.37531109885139946,0.3828928859751122,0.39062783535852136,0.3985190410845144,0.40656965974059955,0.4147829116815821,0.4231620823177497,0.43171052342908073,0.4404316545060004,0.44932896411722306,0.45840601130522507,0.4676664270099109,0.477113915521036,0.4867522559599738,0.49658530379141136,0.5066169923655915,0.5168513344917012,0.5272924240430507,0.5379444375946766,0.5488116360940284,0.559898366565404,0.5712090638488171,0.5827482523739921,0.5945205479701969,0.6065306597126359,0.6187833918061436,0.6312836455069287,0.6440364210831441,0.6570468198150599,0.6703200460356422,0.683861409212359,0.6976763260710341,0.7117703227626129,0.7261490370736942,0.7408182206817213,0.7557837414557281,0.7710515858035694,0.7866278610665566,0.8025187979624819,0.8187307530779853,0.8352702114112748,0.8521437889662147,0.8693582353988089,0.8869204367171607,0.9048374180359627,0.9231163463866389,0.941764533584252,0.960789439152327,0.9801986733067586,1.0000000000000036,1.0202013400267593,1.0408107741923918,1.0618365465453632,1.0832870676749626,1.1051709180756517,1.1274968515793793,1.1502737988572311,1.173510870991814,1.1972173631218133,1.2214027581601736,1.2460767305873846,1.271249150321408,1.2969300866657751,1.3231298123374406,1.3498588075760067,1.3771277643359607,1.4049475905635975,1.4333294145603435,1.4622845894342276,1.4918246976412732,1.5219615556186368,1.5527072185113386,1.5840739849944847,1.6160744021928954,1.6487212707001304,1.6820276496988882,1.7160068621848588,1.7506725002961019,1.7860384307500745,1.8221188003905102,1.8589280418463425,1.8964808793049512,1.9347923344020315,1.9738777322304462,2.013752707470475,2.054433210643885,2.0959355144943626,2.1382762204968166,2.1814722654981975,2.225540928492465,2.270499837532403,2.3163669767810884,2.3631606937057916,2.4108997064172066,2.459603111156946,2.509290389936294,2.5599814183292686,2.6116964734231165
0.3605949401730783,0.36787944117144233,0.3753110988513996,0.3828928859751122,0.3906278353585213,0.39851904108451447,0.4065696597405996,0.4147829116815818,0.4231620823177498,0.4317105234290806,0.4404316545060003,0.4493289641172229,0.45840601130522496,0.46766642700991085,0.47711391552103594,0.48675225595997335,0.49658530379141175,0.5066169923655915,0.5168513344917013,0.5272924240430505,0.5379444375946766,0.5488116360940286,0.5598983665654043,0.5712090638488171,0.582748252373992,0.5945205479701968,0.6065306597126361,0.6187833918061435,0.6312836455069287,0.6440364210831443,0.6570468198150596,0.6703200460356424,0.6838614092123588,0.6976763260710342,0.7117703227626129,0.7261490370736942,0.7408182206817213,0.755783741455729,0.7710515858035691,0.7866278610665567,0.8025187979624824,0.8187307530779854,0.835270211411275,0.8521437889662148,0.8693582353988091,0.8869204367171609,0.9048374180359635,0.923116346386639,0.941764533584252,0.960789439152327,0.9801986733067591,1.0000000000000038,1.02020134002676,1.0408107741923922,1.0618365465453634,1.0832870676749624,1.1051709180756524,1.1274968515793797,1.150273798857231,1.1735108709918143,1.1972173631218144,1.2214027581601736,1.2460767305873848,1.2712491503214087,1.2969300866657751,1.3231298123374406,1.3498588075760072,1.377127764335961,1.4049475905635975,1.4333294145603441,1.4622845894342285,1.491824697641273,1.5219615556186372,1.5527072185113395,1.5840739849944845,1.616074402192897,1.6487212707001309,1.682027649698889,1.7160068621848616,1.7506725002961023,1.786038430750075,1.8221188003905104,1.8589280418463434,1.896480879304952,1.934792334402031,1.9738777322304475,2.013752707470475,2.0544332106438867,2.095935514494362,2.1382762204968175,2.1814722654981993,2.2255409284924643,2.2704998375324035,2.316366976781089,2.3631606937057916,2.4108997064172066,2.4596031111569467,2.5092903899362935,2.5599814183292677,2.611696473423115,2.664456241929417
0.3678794411714424,0.37531109885139957,0.3828928859751121,0.3906278353585213,0.39851904108451436,0.40656965974059944,0.41478291168158177,0.42316208231774943,0.4317105234290807,0.44043165450600025,0.44932896411722273,0.45840601130522485,0.46766642700991073,0.4771139155210361,0.48675225595997335,0.4965853037914113,0.5066169923655918,0.5168513344917012,0.5272924240430507,0.5379444375946766,0.5488116360940286,0.5598983665654043,0.5712090638488172,0.582748252373992,0.5945205479701967,0.6065306597126361,0.6187833918061437,0.6312836455069288,0.6440364210831443,0.6570468198150599,0.6703200460356424,0.6838614092123592,0.6976763260710342,0.7117703227626132,0.7261490370736944,0.7408182206817213,0.755783741455729,0.77105158580357,0.7866278610665566,0.8025187979624822,0.8187307530779857,0.8352702114112756,0.8521437889662148,0.8693582353988094,0.8869204367171614,0.9048374180359632,0.9231163463866398,0.9417645335842524,0.9607894391523268,0.9801986733067594,1.0000000000000042,1.0202013400267598,1.0408107741923927,1.0618365465453639,1.0832870676749629,1.105170918075652,1.1274968515793804,1.1502737988572318,1.1735108709918143,1.1972173631218144,1.2214027581601743,1.246076730587385,1.2712491503214092,1.2969300866657762,1.323129812337441,1.3498588075760072,1.3771277643359616,1.404947590563598,1.4333294145603446,1.462284589434229,1.4918246976412743,1.5219615556186372,1.5527072185113397,1.5840739849944856,1.6160744021928966,1.6487212707001317,1.6820276496988893,1.7160068621848616,1.7506725002961043,1.786038430750075,1.8221188003905109,1.8589280418463436,1.8964808793049528,1.9347923344020321,1.9738777322304477,2.0137527074704766,2.0544332106438867,2.0959355144943634,2.138276220496816,2.1814722654981997,2.2255409284924657,2.270499837532403,2.3163669767810897,2.363160693705792,2.410899706417207,2.4596031111569463,2.509290389936294,2.5599814183292673,2.6116964734231134,2.6644562419294147,2.718281828459045
0.3753110988513995,0.38289288597511206,0.39062783535852114,0.39851904108451436,0.4065696597405992,0.4147829116815818,0.42316208231774927,0.43171052342908023,0.4404316545060003,0.4493289641172227,0.4584060113052247,0.4676664270099105,0.47711391552103594,0.4867522559599734,0.4965853037914111,0.5066169923655913,0.5168513344917015,0.5272924240430504,0.5379444375946765,0.5488116360940284,0.5598983665654043,0.5712090638488172,0.5827482523739919,0.5945205479701968,0.6065306597126359,0.6187833918061434,0.631283645506929,0.6440364210831442,0.6570468198150597,0.6703200460356423,0.6838614092123592,0.6976763260710344,0.7117703227626129,0.7261490370736944,0.7408182206817213,0.7557837414557289,0.7710515858035699,0.7866278610665572,0.8025187979624816,0.8187307530779857,0.8352702114112761,0.852143788966215,0.8693582353988092,0.8869204367171611,0.9048374180359633,0.9231163463866393,0.9417645335842527,0.9607894391523275,0.9801986733067592,1.0000000000000044,1.0202013400267602,1.0408107741923922,1.061836546545364,1.083287067674963,1.105170918075652,1.1274968515793804,1.1502737988572318,1.1735108709918152,1.1972173631218144,1.2214027581601743,1.2460767305873852,1.271249150321409,1.2969300866657765,1.3231298123374413,1.3498588075760072,1.3771277643359612,1.4049475905635986,1.4333294145603444,1.462284589434229,1.4918246976412746,1.521961555618638,1.5527072185113393,1.584073984994486,1.6160744021928979,1.6487212707001315,1.6820276496988897,1.7160068621848616,1.750672500296104,1.786038430750076,1.82211880039051,1.8589280418463436,1.8964808793049528,1.9347923344020332,1.973877732230448,2.013752707470476,2.0544332106438876,2.095935514494363,2.1382762204968175,2.181472265498199,2.2255409284924657,2.2704998375324035,2.3163669767810897,2.363160693705793,2.4108997064172066,2.4596031111569467,2.5092903899362944,2.5599814183292673,2.6116964734231134,2.664456241929412,2.718281828459042,2.7731947639642973
0.38289288597511195,0.3906278353585213,0.39851904108451436,0.4065696597405995,0.41478291168158177,0.42316208231774943,0.43171052342908023,0.44043165450599997,0.44932896411722284,0.4584060113052249,0.4676664270099106,0.477113915521036,0.48675225595997346,0.49658530379141136,0.5066169923655915,0.5168513344917013,0.5272924240430507,0.5379444375946765,0.5488116360940288,0.5598983665654043,0.5712090638488173,0.5827482523739922,0.5945205479701969,0.6065306597126362,0.6187833918061437,0.6312836455069291,0.6440364210831446,0.6570468198150601,0.6703200460356427,0.6838614092123592,0.6976763260710348,0.7117703227626136,0.7261490370736946,0.7408182206817215,0.7557837414557295,0.77105158580357,0.7866278610665577,0.8025187979624824,0.8187307530779853,0.8352702114112762,0.8521437889662157,0.8693582353988101,0.8869204367171613,0.9048374180359637,0.9231163463866403,0.941764533584253,0.9607894391523282,0.9801986733067595,1.0000000000000044,1.0202013400267609,1.0408107741923933,1.0618365465453645,1.0832870676749644,1.105170918075653,1.127496851579381,1.1502737988572325,1.1735108709918156,1.1972173631218155,1.221402758160175,1.2460767305873859,1.2712491503214098,1.296930086665777,1.3231298123374422,1.3498588075760085,1.377127764335962,1.4049475905635993,1.433329414560346,1.4622845894342296,1.4918246976412757,1.5219615556186394,1.5527072185113415,1.5840739849944865,1.616074402192898,1.648721270700133,1.682027649698891,1.7160068621848632,1.7506725002961052,1.7860384307500778,1.8221188003905129,1.8589280418463447,1.8964808793049546,1.9347923344020337,1.9738777322304497,2.0137527074704775,2.0544332106438885,2.0959355144943657,2.1382762204968184,2.1814722654982006,2.225540928492467,2.270499837532405,2.3163669767810906,2.3631606937057934,2.410899706417209,2.4596031111569476,2.5092903899362957,2.5599814183292695,2.6116964734231147,2.6644562419294133,2.7182818284590406,2.773194763964296,2.82921701435156
0.390627835358521,0.3985190410845142,0.4065696597405992,0.41478291168158166,0.42316208231774904,0.4317105234290801,0.4404316545059997,0.44932896411722234,0.4584060113052247,0.4676664270099102,0.47711391552103544,0.48675225595997285,0.49658530379141136,0.5066169923655915,0.516851334491701,0.5272924240430503,0.5379444375946767,0.5488116360940284,0.5598983665654043,0.571209063848817,0.5827482523739917,0.5945205479701966,0.6065306597126356,0.6187833918061434,0.6312836455069285,0.6440364210831442,0.6570468198150599,0.6703200460356423,0.683861409212359,0.6976763260710346,0.7117703227626133,0.7261490370736945,0.7408182206817213,0.7557837414557292,0.7710515858035701,0.7866278610665571,0.802518797962482,0.8187307530779857,0.8352702114112753,0.8521437889662152,0.8693582353988099,0.8869204367171611,0.9048374180359634,0.92311634638664,0.9417645335842526,0.9607894391523272,0.9801986733067597,1.0000000000000044,1.02020134002676,1.0408107741923929,1.0618365465453652,1.0832870676749633,1.1051709180756528,1.1274968515793806,1.150273798857233,1.1735108709918158,1.1972173631218153,1.2214027581601752,1.2460767305873857,1.2712491503214096,1.2969300866657774,1.3231298123374418,1.3498588075760085,1.377127764335962,1.4049475905635984,1.4333294145603457,1.4622845894342293,1.491824697641275,1.5219615556186388,1.5527072185113409,1.5840739849944865,1.6160744021928979,1.6487212707001329,1.6820276496988906,1.716006862184863,1.7506725002961059,1.786038430750077,1.822118800390513,1.8589280418463454,1.8964808793049537,1.9347923344020332,1.97387773223045,2.0137527074704784,2.0544332106438885,2.0959355144943648,2.1382762204968184,2.1814722654982,2.2255409284924665,2.270499837532404,2.3163669767810906,2.3631606937057934,2.410899706417208,2.4596031111569485,2.5092903899362957,2.559981418329269,2.6116964734231143,2.664456241929413,2.718281828459042,2.7731947639642933,2.8292170143515567,2.886370989267958
0.3985190410845143,0.4065696597405992,0.41478291168158155,0.4231620823177493,0.43171052342908,0.44043165450599975,0.44932896411722234,0.4584060113052245,0.46766642700991035,0.47711391552103577,0.4867522559599732,0.4965853037914112,0.5066169923655914,0.5168513344917012,0.5272924240430507,0.5379444375946767,0.5488116360940287,0.5598983665654039,0.5712090638488173,0.5827482523739919,0.5945205479701969,0.6065306597126359,0.6187833918061436,0.6312836455069285,0.6440364210831441,0.65704681981506,0.6703200460356428,0.6838614092123593,0.6976763260710345,0.7117703227626133,0.7261490370736947,0.7408182206817219,0.7557837414557296,0.7710515858035701,0.7866278610665575,0.8025187979624824,0.818730753077986,0.8352702114112761,0.8521437889662151,0.8693582353988101,0.8869204367171619,0.9048374180359636,0.9231163463866396,0.9417645335842528,0.9607894391523281,0.9801986733067595,1.0000000000000053,1.0202013400267609,1.0408107741923933,1.0618365465453654,1.0832870676749644,1.1051709180756533,1.1274968515793817,1.1502737988572327,1.173510870991816,1.1972173631218164,1.2214027581601763,1.246076730587387,1.2712491503214107,1.2969300866657776,1.3231298123374429,1.3498588075760094,1.377127764335963,1.4049475905635997,1.4333294145603461,1.4622845894342307,1.4918246976412763,1.5219615556186392,1.5527072185113415,1.5840739849944871,1.6160744021928986,1.6487212707001337,1.6820276496988915,1.7160068621848636,1.750672500296106,1.7860384307500785,1.822118800390514,1.8589280418463465,1.8964808793049561,1.9347923344020346,1.9738777322304506,2.0137527074704806,2.0544332106438907,2.095935514494365,2.138276220496819,2.1814722654982024,2.2255409284924674,2.270499837532405,2.31636697678109,2.3631606937057943,2.410899706417209,2.4596031111569494,2.5092903899362966,2.5599814183292704,2.6116964734231165,2.6644562419294164,2.718281828459043,2.773194763964295,2.8292170143515554,2.8863709892679568,2.944679551065524
0.40656965974059917,0.4147829116815814,0.423162082317749,0.43171052342907995,0.4404316545059995,0.4493289641172221,0.45840601130522396,0.46766642700991007,0.4771139155210355,0.4867522559599731,0.496585303791411,0.5066169923655912,0.5168513344917012,0.5272924240430505,0.5379444375946765,0.5488116360940285,0.5598983665654044,0.5712090638488171,0.5827482523739919,0.5945205479701966,0.6065306597126358,0.6187833918061433,0.6312836455069284,0.644036421083144,0.6570468198150595,0.6703200460356423,0.683861409212359,0.6976763260710346,0.711770322762613,0.7261490370736945,0.7408182206817218,0.7557837414557296,0.7710515858035702,0.7866278610665572,0.8025187979624826,0.8187307530779857,0.8352702114112758,0.8521437889662152,0.8693582353988095,0.8869204367171615,0.904837418035964,0.9231163463866393,0.9417645335842524,0.9607894391523277,0.9801986733067598,1.0000000000000049,1.0202013400267609,1.040810774192393,1.061836546545365,1.0832870676749646,1.1051709180756533,1.1274968515793813,1.150273798857234,1.1735108709918165,1.1972173631218164,1.2214027581601756,1.2460767305873872,1.271249150321411,1.2969300866657776,1.3231298123374426,1.3498588075760092,1.3771277643359625,1.4049475905636,1.4333294145603457,1.4622845894342305,1.4918246976412761,1.5219615556186392,1.552707218511341,1.5840739849944876,1.6160744021928988,1.648721270700133,1.6820276496988917,1.7160068621848634,1.7506725002961065,1.7860384307500787,1.8221188003905149,1.8589280418463472,1.8964808793049568,1.9347923344020357,1.9738777322304506,2.0137527074704793,2.0544332106438903,2.0959355144943674,2.138276220496819,2.1814722654982015,2.2255409284924683,2.2704998375324044,2.3163669767810906,2.363160693705793,2.4108997064172097,2.459603111156949,2.509290389936297,2.5599814183292713,2.611696473423116,2.664456241929415,2.7182818284590433,2.7731947639642955,2.829217014351557,2.8863709892679545,2.9446795510655215,3.0041660239464334
0.4147829116815815,0.42316208231774877,0.4317105234290798,0.4404316545059995,0.4493289641172219,0.4584060113052241,0.46766642700990974,0.47711391552103516,0.48675225595997296,0.4965853037914109,0.5066169923655912,0.5168513344917008,0.5272924240430507,0.5379444375946766,0.5488116360940286,0.5598983665654044,0.5712090638488173,0.5827482523739917,0.5945205479701967,0.6065306597126355,0.6187833918061432,0.6312836455069286,0.6440364210831441,0.6570468198150594,0.6703200460356421,0.6838614092123589,0.6976763260710344,0.7117703227626135,0.7261490370736943,0.7408182206817215,0.7557837414557297,0.7710515858035704,0.7866278610665574,0.8025187979624824,0.8187307530779862,0.8352702114112759,0.8521437889662152,0.8693582353988096,0.886920436717161,0.9048374180359638,0.9231163463866401,0.9417645335842527,0.9607894391523268,0.9801986733067599,1.0000000000000047,1.0202013400267604,1.0408107741923935,1.061836546545365,1.0832870676749642,1.105170918075654,1.1274968515793822,1.1502737988572338,1.173510870991817,1.1972173631218173,1.2214027581601765,1.2460767305873874,1.2712491503214112,1.296930086665779,1.3231298123374438,1.3498588075760098,1.3771277643359636,1.4049475905636,1.433329414560347,1.4622845894342305,1.4918246976412768,1.5219615556186397,1.552707218511342,1.5840739849944871,1.6160744021928997,1.6487212707001337,1.682027649698892,1.7160068621848648,1.7506725002961065,1.7860384307500787,1.8221188003905149,1.858928041846348,1.8964808793049563,1.9347923344020368,1.973877732230452,2.0137527074704797,2.05443321064389,2.095935514494368,2.1382762204968215,2.1814722654982015,2.2255409284924688,2.2704998375324066,2.316366976781092,2.3631606937057943,2.4108997064172084,2.4596031111569494,2.509290389936297,2.5599814183292713,2.611696473423118,2.664456241929416,2.718281828459044,2.773194763964297,2.829217014351557,2.8863709892679563,2.94467955106552,3.0041660239464325,3.064854203293001
0.4231620823177489,0.43171052342907956,0.4404316545059994,0.4493289641172219,0.4584060113052238,0.4676664270099096,0.477113915521035,0.48675225595997246,0.49658530379141086,0.506616992365591,0.516851334491701,0.5272924240430504,0.5379444375946766,0.5488116360940287,0.5598983665654043,0.5712090638488173,0.5827482523739922,0.5945205479701967,0.606530659712636,0.6187833918061433,0.6312836455069284,0.6440364210831441,0.6570468198150592,0.6703200460356419,0.6838614092123587,0.6976763260710342,0.711770322762613,0.7261490370736944,0.7408182206817213,0.7557837414557294,0.7710515858035704,0.7866278610665577,0.8025187979624826,0.8187307530779856,0.8352702114112766,0.8521437889662153,0.8693582353988096,0.8869204367171615,0.9048374180359633,0.9231163463866402,0.941764533584253,0.9607894391523272,0.9801986733067594,1.0000000000000042,1.0202013400267602,1.0408107741923927,1.0618365465453652,1.0832870676749642,1.105170918075654,1.1274968515793822,1.1502737988572336,1.1735108709918172,1.1972173631218175,1.2214027581601772,1.2460767305873879,1.2712491503214116,1.2969300866657787,1.323129812337444,1.3498588075760103,1.3771277643359638,1.4049475905636006,1.4333294145603466,1.4622845894342311,1.4918246976412761,1.5219615556186403,1.5527072185113426,1.5840739849944876,1.6160744021928986,1.6487212707001344,1.6820276496988924,1.7160068621848643,1.7506725002961074,1.7860384307500792,1.8221188003905149,1.8589280418463476,1.896480879304958,1.934792334402037,1.9738777322304533,2.0137527074704815,2.0544332106438916,2.095935514494367,2.138276220496822,2.1814722654982046,2.2255409284924683,2.270499837532407,2.316366976781093,2.3631606937057947,2.4108997064172097,2.459603111156949,2.5092903899362975,2.5599814183292713,2.6116964734231187,2.6644562419294178,2.718281828459045,2.773194763964298,2.829217014351557,2.8863709892679585,2.9446795510655237,3.004166023946431,3.064854203293002,3.126768365186158
0.43171052342907973,0.4404316545059991,0.4493289641172217,0.45840601130522374,0.4676664270099094,0.47711391552103477,0.4867522559599722,0.4965853037914103,0.5066169923655909,0.5168513344917007,0.5272924240430502,0.5379444375946764,0.5488116360940285,0.5598983665654044,0.5712090638488172,0.5827482523739919,0.5945205479701968,0.6065306597126359,0.6187833918061434,0.6312836455069284,0.6440364210831435,0.6570468198150594,0.670320046035642,0.6838614092123584,0.6976763260710338,0.7117703227626127,0.7261490370736942,0.7408182206817213,0.7557837414557291,0.7710515858035699,0.7866278610665575,0.8025187979624829,0.8187307530779858,0.8352702114112758,0.8521437889662158,0.8693582353988095,0.8869204367171613,0.9048374180359632,0.9231163463866394,0.9417645335842526,0.9607894391523273,0.9801986733067591,1.000000000000004,1.02020134002676,1.0408107741923933,1.0618365465453643,1.0832870676749637,1.105170918075653,1.1274968515793817,1.1502737988572338,1.173510870991817,1.197217363121817,1.221402758160177,1.2460767305873883,1.2712491503214123,1.2969300866657787,1.3231298123374438,1.3498588075760103,1.3771277643359643,1.4049475905636009,1.433329414560347,1.4622845894342302,1.4918246976412772,1.5219615556186403,1.5527072185113422,1.584073984994488,1.6160744021928992,1.6487212707001337,1.6820276496988924,1.7160068621848645,1.7506725002961065,1.7860384307500798,1.8221188003905144,1.8589280418463479,1.8964808793049572,1.9347923344020377,1.973877732230453,2.0137527074704815,2.054433210643892,2.0959355144943683,2.1382762204968206,2.181472265498204,2.22554092849247,2.2704998375324066,2.316366976781093,2.363160693705795,2.4108997064172097,2.459603111156949,2.5092903899362966,2.559981418329272,2.6116964734231165,2.6644562419294173,2.718281828459045,2.7731947639642973,2.8292170143515594,2.8863709892679577,2.9446795510655233,3.0041660239464325,3.0648542032929993,3.126768365186155,3.1899332761161854
0.4404316545059992,0.4493289641172213,0.45840601130522335,0.4676664270099094,0.4771139155210345,0.4867522559599719,0.49658530379140975,0.5066169923655902,0.5168513344917003,0.5272924240430499,0.5379444375946759,0.5488116360940283,0.5598983665654041,0.5712090638488171,0.5827482523739917,0.5945205479701966,0.6065306597126356,0.6187833918061431,0.6312836455069284,0.6440364210831434,0.657046819815059,0.6703200460356418,0.6838614092123582,0.6976763260710334,0.7117703227626123,0.7261490370736937,0.740818220681721,0.7557837414557287,0.7710515858035698,0.7866278610665569,0.8025187979624822,0.8187307530779859,0.8352702114112759,0.8521437889662149,0.8693582353988101,0.8869204367171611,0.9048374180359631,0.9231163463866393,0.9417645335842523,0.9607894391523268,0.9801986733067592,1.0000000000000038,1.0202013400267596,1.040810774192392,1.061836546545364,1.083287067674963,1.1051709180756528,1.1274968515793806,1.150273798857233,1.173510870991816,1.1972173631218166,1.2214027581601763,1.2460767305873874,1.2712491503214114,1.2969300866657787,1.3231298123374435,1.34985880757601,1.3771277643359636,1.4049475905636009,1.4333294145603475,1.4622845894342313,1.4918246976412766,1.5219615556186403,1.5527072185113424,1.5840739849944878,1.6160744021928988,1.648721270700133,1.6820276496988908,1.7160068621848636,1.7506725002961065,1.7860384307500785,1.8221188003905147,1.8589280418463467,1.8964808793049563,1.9347923344020366,1.973877732230453,2.013752707470482,2.054433210643892,2.0959355144943683,2.138276220496822,2.1814722654982024,2.2255409284924705,2.270499837532408,2.3163669767810924,2.3631606937057965,2.410899706417211,2.459603111156949,2.5092903899362975,2.55998141832927,2.611696473423117,2.6644562419294173,2.7182818284590455,2.7731947639642978,2.8292170143515585,2.886370989267957,2.944679551065522,3.0041660239464334,3.0648542032930015,3.1267683651861526,3.189933276116183,3.25437420288967
0.44932896411722156,0.4584060113052233,0.4676664270099092,0.4771139155210344,0.48675225595997174,0.4965853037914098,0.5066169923655902,0.5168513344917001,0.52729242404305,0.5379444375946758,0.548811636094028,0.5598983665654039,0.5712090638488172,0.5827482523739922,0.5945205479701967,0.6065306597126361,0.6187833918061434,0.6312836455069282,0.6440364210831439,0.6570468198150593,0.6703200460356415,0.6838614092123584,0.6976763260710336,0.7117703227626124,0.7261490370736937,0.7408182206817207,0.7557837414557286,0.7710515858035696,0.7866278610665565,0.8025187979624822,0.8187307530779857,0.835270211411276,0.8521437889662155,0.8693582353988093,0.8869204367171614,0.9048374180359635,0.9231163463866393,0.9417645335842524,0.9607894391523265,0.9801986733067594,1.0000000000000042,1.0202013400267598,1.040810774192392,1.0618365465453634,1.0832870676749637,1.1051709180756524,1.1274968515793806,1.1502737988572322,1.1735108709918158,1.197217363121817,1.2214027581601765,1.2460767305873879,1.2712491503214123,1.2969300866657794,1.3231298123374446,1.3498588075760105,1.3771277643359645,1.4049475905636006,1.4333294145603475,1.4622845894342318,1.4918246976412772,1.5219615556186399,1.5527072185113433,1.5840739849944883,1.6160744021928994,1.6487212707001342,1.6820276496988922,1.716006862184864,1.750672500296107,1.7860384307500792,1.8221188003905149,1.8589280418463483,1.8964808793049563,1.9347923344020364,1.9738777322304533,2.013752707470482,2.0544332106438934,2.0959355144943697,2.138276220496823,2.1814722654982046,2.22554092849247,2.2704998375324092,2.3163669767810946,2.3631606937057965,2.4108997064172124,2.4596031111569503,2.5092903899362975,2.559981418329272,2.611696473423118,2.6644562419294173,2.7182818284590455,2.773194763964298,2.8292170143515603,2.88637098926796,2.9446795510655246,3.004166023946433,3.0648542032930033,3.1267683651861575,3.1899332761161827,3.25437420288967,3.3201169227365486
0.4584060113052236,0.4676664270099091,0.4771139155210343,0.4867522559599718,0.49658530379140975,0.50661699236559,0.5168513344916998,0.5272924240430493,0.5379444375946758,0.548811636094028,0.5598983665654037,0.571209063848817,0.582748252373992,0.5945205479701967,0.6065306597126359,0.6187833918061434,0.6312836455069284,0.6440364210831436,0.6570468198150592,0.670320046035642,0.6838614092123579,0.6976763260710337,0.711770322762612,0.7261490370736933,0.7408182206817207,0.7557837414557284,0.7710515858035697,0.7866278610665566,0.8025187979624819,0.8187307530779856,0.8352702114112758,0.8521437889662152,0.8693582353988099,0.8869204367171611,0.9048374180359636,0.9231163463866395,0.9417645335842524,0.9607894391523271,0.9801986733067591,1.000000000000004,1.02020134002676,1.040810774192392,1.0618365465453632,1.0832870676749626,1.1051709180756526,1.1274968515793804,1.1502737988572327,1.1735108709918154,1.1972173631218164,1.2214027581601767,1.2460767305873872,1.2712491503214116,1.296930086665779,1.3231298123374444,1.349858807576011,1.377127764335965,1.404947590563602,1.4333294145603475,1.4622845894342325,1.4918246976412777,1.5219615556186414,1.5527072185113424,1.5840739849944885,1.6160744021928999,1.6487212707001346,1.6820276496988924,1.7160068621848643,1.750672500296106,1.7860384307500794,1.822118800390515,1.8589280418463479,1.8964808793049568,1.934792334402037,1.9738777322304528,2.013752707470483,2.054433210643894,2.09593551449437,2.1382762204968233,2.1814722654982055,2.225540928492472,2.2704998375324084,2.3163669767810946,2.3631606937057983,2.4108997064172124,2.459603111156952,2.5092903899362997,2.559981418329272,2.6116964734231187,2.6644562419294164,2.718281828459046,2.7731947639642986,2.829217014351561,2.8863709892679594,2.944679551065525,3.0041660239464343,3.0648542032930033,3.126768365186158,3.189933276116185,3.2543742028896707,3.3201169227365477,3.3871877336213356
0.46766642700990907,0.47711391552103405,0.48675225595997146,0.4965853037914095,0.5066169923655899,0.5168513344916994,0.5272924240430488,0.5379444375946754,0.5488116360940275,0.5598983665654031,0.5712090638488165,0.5827482523739915,0.5945205479701966,0.6065306597126358,0.6187833918061432,0.6312836455069283,0.644036421083144,0.6570468198150591,0.6703200460356419,0.6838614092123584,0.6976763260710332,0.7117703227626122,0.7261490370736932,0.74081822068172,0.7557837414557277,0.7710515858035688,0.7866278610665561,0.8025187979624816,0.818730753077985,0.8352702114112752,0.8521437889662148,0.8693582353988096,0.8869204367171613,0.9048374180359634,0.9231163463866395,0.9417645335842519,0.9607894391523265,0.9801986733067591,1.0000000000000029,1.0202013400267598,1.0408107741923918,1.0618365465453634,1.083287067674962,1.1051709180756515,1.1274968515793804,1.1502737988572318,1.1735108709918147,1.1972173631218155,1.2214027581601756,1.2460767305873874,1.2712491503214107,1.2969300866657787,1.3231298123374433,1.3498588075760105,1.377127764335964,1.4049475905636009,1.433329414560348,1.4622845894342313,1.491824697641278,1.5219615556186408,1.552707218511343,1.5840739849944876,1.6160744021929,1.6487212707001344,1.6820276496988922,1.7160068621848643,1.750672500296107,1.7860384307500778,1.8221188003905147,1.8589280418463479,1.8964808793049568,1.934792334402037,1.9738777322304522,2.013752707470481,2.0544332106438934,2.0959355144943705,2.1382762204968233,2.1814722654982055,2.225540928492472,2.2704998375324084,2.3163669767810937,2.3631606937057974,2.410899706417213,2.4596031111569503,2.5092903899362997,2.559981418329273,2.611696473423118,2.664456241929418,2.7182818284590446,2.7731947639642978,2.8292170143515585,2.886370989267959,2.944679551065524,3.0041660239464334,3.0648542032930033,3.126768365186155,3.1899332761161867,3.254374202889671,3.320116922736547,3.3871877336213347,3.455613464762676
0.4771139155210344,0.48675225595997157,0.49658530379140947,0.5066169923655897,0.5168513344916996,0.527292424043049,0.537944437594675,0.5488116360940274,0.5598983665654033,0.5712090638488165,0.5827482523739915,0.5945205479701967,0.6065306597126358,0.6187833918061433,0.6312836455069284,0.644036421083144,0.6570468198150594,0.670320046035642,0.6838614092123584,0.6976763260710338,0.7117703227626121,0.7261490370736936,0.7408182206817201,0.7557837414557279,0.7710515858035687,0.7866278610665566,0.8025187979624813,0.8187307530779848,0.8352702114112753,0.8521437889662148,0.8693582353988095,0.8869204367171616,0.9048374180359632,0.92311634638664,0.9417645335842529,0.9607894391523268,0.9801986733067587,1.0000000000000042,1.0202013400267598,1.0408107741923927,1.0618365465453636,1.083287067674963,1.105170918075652,1.12749685157938,1.150273798857232,1.1735108709918152,1.1972173631218155,1.221402758160175,1.2460767305873865,1.2712491503214114,1.2969300866657782,1.3231298123374444,1.3498588075760103,1.3771277643359645,1.4049475905636009,1.4333294145603477,1.4622845894342327,1.4918246976412777,1.5219615556186417,1.5527072185113435,1.5840739849944894,1.6160744021929,1.6487212707001353,1.6820276496988933,1.7160068621848648,1.7506725002961074,1.7860384307500798,1.8221188003905147,1.8589280418463487,1.896480879304958,1.9347923344020368,1.9738777322304533,2.0137527074704824,2.054433210643893,2.0959355144943705,2.138276220496824,2.1814722654982064,2.2255409284924723,2.270499837532411,2.3163669767810955,2.3631606937057987,2.4108997064172133,2.459603111156953,2.5092903899363006,2.5599814183292744,2.61169647342312,2.664456241929418,2.718281828459047,2.773194763964299,2.8292170143515603,2.886370989267959,2.9446795510655255,3.004166023946435,3.064854203293003,3.126768365186158,3.1899332761161863,3.2543742028896725,3.320116922736548,3.387187733621335,3.455613464762675,3.5254214873653824
0.4867522559599716,0.49658530379140925,0.5066169923655894,0.5168513344916992,0.5272924240430488,0.5379444375946749,0.5488116360940272,0.559898366565403,0.5712090638488162,0.5827482523739912,0.5945205479701958,0.6065306597126353,0.6187833918061431,0.6312836455069284,0.6440364210831437,0.6570468198150592,0.6703200460356418,0.6838614092123585,0.6976763260710335,0.7117703227626121,0.7261490370736933,0.7408182206817204,0.7557837414557277,0.7710515858035686,0.7866278610665558,0.8025187979624813,0.8187307530779846,0.8352702114112749,0.8521437889662146,0.869358235398809,0.886920436717161,0.9048374180359631,0.9231163463866391,0.9417645335842524,0.9607894391523272,0.9801986733067585,1.0000000000000033,1.02020134002676,1.0408107741923918,1.0618365465453639,1.0832870676749629,1.1051709180756517,1.1274968515793797,1.1502737988572311,1.173510870991815,1.1972173631218153,1.2214027581601743,1.2460767305873857,1.271249150321411,1.2969300866657782,1.3231298123374438,1.3498588075760096,1.3771277643359643,1.404947590563601,1.4333294145603472,1.4622845894342318,1.491824697641278,1.5219615556186403,1.5527072185113437,1.5840739849944891,1.6160744021929005,1.648721270700134,1.682027649698893,1.7160068621848654,1.7506725002961074,1.78603843075008,1.8221188003905149,1.8589280418463476,1.8964808793049572,1.9347923344020381,1.9738777322304535,2.013752707470482,2.054433210643894,2.09593551449437,2.1382762204968238,2.181472265498207,2.2255409284924728,2.270499837532411,2.316366976781096,2.3631606937057987,2.4108997064172124,2.4596031111569525,2.5092903899362997,2.5599814183292744,2.611696473423121,2.664456241929419,2.7182818284590464,2.773194763964299,2.829217014351561,2.886370989267958,2.9446795510655237,3.0041660239464343,3.0648542032930024,3.1267683651861566,3.189933276116187,3.254374202889671,3.3201169227365495,3.3871877336213356,3.4556134647626755,3.5254214873653824,3.5966397255692812
0.4965853037914098,0.5066169923655893,0.516851334491699,0.5272924240430487,0.5379444375946748,0.5488116360940266,0.5598983665654028,0.5712090638488159,0.582748252373991,0.5945205479701958,0.6065306597126352,0.6187833918061428,0.6312836455069281,0.6440364210831435,0.6570468198150592,0.6703200460356417,0.6838614092123584,0.6976763260710335,0.7117703227626122,0.7261490370736938,0.7408182206817204,0.7557837414557276,0.7710515858035681,0.7866278610665554,0.8025187979624805,0.8187307530779845,0.8352702114112749,0.8521437889662138,0.8693582353988087,0.8869204367171603,0.9048374180359626,0.923116346386639,0.941764533584252,0.9607894391523265,0.980198673306759,1.000000000000003,1.020201340026759,1.0408107741923922,1.0618365465453632,1.0832870676749626,1.1051709180756517,1.1274968515793802,1.1502737988572316,1.1735108709918143,1.197217363121815,1.2214027581601747,1.246076730587386,1.2712491503214096,1.2969300866657774,1.323129812337443,1.349858807576009,1.3771277643359634,1.4049475905636006,1.433329414560347,1.462284589434231,1.4918246976412768,1.5219615556186412,1.5527072185113426,1.5840739849944894,1.616074402192901,1.6487212707001346,1.6820276496988926,1.7160068621848645,1.750672500296107,1.7860384307500796,1.8221188003905155,1.858928041846348,1.896480879304957,1.9347923344020377,1.9738777322304535,2.013752707470482,2.054433210643893,2.0959355144943714,2.138276220496824,2.181472265498207,2.2255409284924736,2.2704998375324106,2.316366976781096,2.3631606937057996,2.4108997064172137,2.459603111156953,2.5092903899363006,2.559981418329274,2.6116964734231205,2.6644562419294195,2.718281828459047,2.773194763964299,2.829217014351561,2.886370989267957,2.9446795510655237,3.0041660239464343,3.064854203293003,3.126768365186156,3.1899332761161854,3.2543742028896716,3.320116922736548,3.3871877336213356,3.4556134647626755,3.525421487365383,3.5966397255692812,3.6692966676192427
0.5066169923655897,0.516851334491699,0.5272924240430485,0.5379444375946748,0.548811636094027,0.5598983665654028,0.5712090638488159,0.582748252373991,0.5945205479701959,0.6065306597126351,0.6187833918061426,0.6312836455069282,0.6440364210831436,0.6570468198150593,0.6703200460356418,0.6838614092123584,0.6976763260710339,0.7117703227626124,0.7261490370736937,0.7408182206817207,0.755783741455728,0.771051585803569,0.7866278610665557,0.802518797962481,0.8187307530779842,0.8352702114112747,0.8521437889662142,0.8693582353988086,0.8869204367171605,0.9048374180359628,0.9231163463866393,0.9417645335842522,0.9607894391523268,0.9801986733067585,1.0000000000000038,1.0202013400267593,1.0408107741923922,1.0618365465453636,1.0832870676749622,1.105170918075652,1.1274968515793808,1.1502737988572327,1.1735108709918152,1.1972173631218148,1.221402758160175,1.2460767305873859,1.2712491503214105,1.2969300866657776,1.3231298123374433,1.3498588075760094,1.3771277643359634,1.4049475905636,1.433329414560347,1.4622845894342311,1.4918246976412768,1.5219615556186405,1.552707218511344,1.5840739849944887,1.6160744021929014,1.6487212707001353,1.6820276496988937,1.7160068621848654,1.7506725002961079,1.786038430750081,1.8221188003905162,1.8589280418463492,1.8964808793049588,1.9347923344020386,1.9738777322304548,2.0137527074704833,2.054433210643894,2.0959355144943705,2.138276220496826,2.1814722654982073,2.2255409284924736,2.270499837532413,2.3163669767810973,2.3631606937058005,2.4108997064172155,2.4596031111569547,2.5092903899363006,2.5599814183292744,2.6116964734231214,2.664456241929421,2.71828182845905,2.7731947639643004,2.8292170143515616,2.8863709892679603,2.944679551065526,3.0041660239464347,3.064854203293003,3.1267683651861575,3.1899332761161867,3.254374202889673,3.320116922736551,3.3871877336213374,3.4556134647626773,3.525421487365384,3.596639725569282,3.6692966676192458,3.743421377260863
0.5168513344916993,0.5272924240430483,0.5379444375946745,0.5488116360940266,0.5598983665654024,0.5712090638488158,0.5827482523739906,0.5945205479701956,0.606530659712635,0.6187833918061425,0.6312836455069277,0.6440364210831432,0.6570468198150585,0.6703200460356414,0.683861409212358,0.6976763260710336,0.7117703227626122,0.7261490370736934,0.7408182206817202,0.7557837414557279,0.7710515858035687,0.7866278610665556,0.8025187979624806,0.8187307530779842,0.8352702114112742,0.8521437889662137,0.8693582353988083,0.8869204367171599,0.9048374180359621,0.9231163463866385,0.9417645335842512,0.9607894391523262,0.9801986733067585,1.0000000000000029,1.020201340026759,1.0408107741923915,1.0618365465453632,1.0832870676749624,1.105170918075651,1.12749685157938,1.1502737988572322,1.173510870991815,1.1972173631218146,1.2214027581601739,1.246076730587386,1.2712491503214096,1.2969300866657774,1.3231298123374418,1.3498588075760085,1.377127764335963,1.4049475905636,1.4333294145603461,1.462284589434231,1.4918246976412768,1.52196155561864,1.5527072185113424,1.5840739849944891,1.6160744021928997,1.6487212707001355,1.6820276496988933,1.716006862184865,1.7506725002961074,1.7860384307500798,1.8221188003905158,1.8589280418463483,1.8964808793049583,1.934792334402038,1.973877732230454,2.013752707470483,2.054433210643894,2.0959355144943714,2.138276220496824,2.1814722654982073,2.2255409284924728,2.2704998375324106,2.316366976781098,2.3631606937058,2.410899706417215,2.4596031111569547,2.509290389936303,2.5599814183292753,2.6116964734231205,2.6644562419294195,2.718281828459048,2.7731947639643004,2.8292170143515603,2.8863709892679594,2.9446795510655264,3.0041660239464334,3.0648542032930015,3.126768365186156,3.189933276116186,3.254374202889673,3.320116922736548,3.387187733621336,3.4556134647626764,3.5254214873653837,3.596639725569282,3.669296667619243,3.743421377260864,3.8190435053663356
0.5272924240430484,0.5379444375946741,0.5488116360940265,0.5598983665654023,0.5712090638488154,0.5827482523739904,0.5945205479701954,0.6065306597126345,0.6187833918061424,0.6312836455069275,0.644036421083143,0.6570468198150589,0.6703200460356411,0.6838614092123579,0.6976763260710331,0.7117703227626122,0.7261490370736933,0.7408182206817203,0.7557837414557278,0.7710515858035687,0.7866278610665557,0.8025187979624807,0.8187307530779839,0.8352702114112746,0.852143788966213,0.8693582353988079,0.8869204367171598,0.9048374180359615,0.923116346386638,0.9417645335842512,0.9607894391523257,0.9801986733067581,1.0000000000000027,1.0202013400267584,1.0408107741923913,1.061836546545363,1.0832870676749617,1.105170918075651,1.1274968515793793,1.1502737988572314,1.173510870991815,1.1972173631218148,1.2214027581601745,1.246076730587385,1.2712491503214096,1.2969300866657762,1.3231298123374424,1.3498588075760085,1.3771277643359623,1.4049475905635995,1.433329414560346,1.46228458943423,1.491824697641276,1.5219615556186394,1.5527072185113415,1.5840739849944876,1.6160744021929,1.648721270700134,1.6820276496988937,1.7160068621848645,1.7506725002961077,1.7860384307500794,1.8221188003905149,1.8589280418463492,1.896480879304957,1.9347923344020388,1.9738777322304535,2.013752707470483,2.054433210643894,2.0959355144943714,2.1382762204968246,2.1814722654982064,2.225540928492474,2.270499837532412,2.3163669767810964,2.3631606937058,2.4108997064172137,2.4596031111569534,2.509290389936302,2.5599814183292753,2.6116964734231214,2.6644562419294204,2.7182818284590473,2.7731947639643004,2.829217014351562,2.88637098926796,2.9446795510655237,3.0041660239464343,3.064854203293003,3.126768365186156,3.189933276116186,3.2543742028896716,3.320116922736549,3.3871877336213347,3.4556134647626773,3.5254214873653846,3.5966397255692817,3.6692966676192422,3.743421377260863,3.8190435053663356,3.896193301795214
0.5379444375946745,0.5488116360940261,0.559898366565402,0.5712090638488151,0.5827482523739901,0.5945205479701953,0.6065306597126344,0.6187833918061421,0.6312836455069273,0.644036421083143,0.6570468198150582,0.6703200460356411,0.6838614092123573,0.6976763260710332,0.7117703227626118,0.7261490370736928,0.7408182206817204,0.7557837414557277,0.7710515858035684,0.7866278610665558,0.8025187979624808,0.8187307530779838,0.835270211411274,0.8521437889662131,0.8693582353988074,0.8869204367171595,0.9048374180359615,0.9231163463866379,0.9417645335842504,0.9607894391523253,0.9801986733067573,1.0000000000000029,1.0202013400267587,1.0408107741923907,1.0618365465453627,1.0832870676749615,1.1051709180756508,1.1274968515793793,1.1502737988572305,1.1735108709918143,1.1972173631218146,1.221402758160174,1.2460767305873854,1.2712491503214087,1.2969300866657767,1.3231298123374413,1.3498588075760083,1.3771277643359616,1.404947590563599,1.433329414560346,1.4622845894342293,1.4918246976412755,1.5219615556186397,1.5527072185113415,1.5840739849944871,1.6160744021928986,1.6487212707001337,1.6820276496988915,1.7160068621848645,1.750672500296107,1.786038430750079,1.8221188003905138,1.8589280418463474,1.8964808793049583,1.9347923344020377,1.9738777322304542,2.0137527074704824,2.0544332106438934,2.095935514494371,2.1382762204968246,2.181472265498208,2.225540928492473,2.270499837532412,2.3163669767810977,2.3631606937057996,2.410899706417214,2.4596031111569534,2.5092903899363006,2.5599814183292757,2.611696473423122,2.6644562419294187,2.718281828459048,2.773194763964299,2.8292170143515607,2.8863709892679603,2.944679551065524,3.0041660239464334,3.0648542032930024,3.126768365186155,3.189933276116183,3.2543742028896716,3.3201169227365472,3.3871877336213356,3.4556134647626755,3.5254214873653815,3.5966397255692835,3.669296667619243,3.7434213772608613,3.819043505366337,3.8961933017952144,3.9749016274947477
0.5488116360940263,0.5598983665654016,0.5712090638488149,0.5827482523739902,0.5945205479701949,0.6065306597126343,0.6187833918061421,0.6312836455069273,0.6440364210831426,0.6570468198150582,0.6703200460356404,0.6838614092123574,0.6976763260710327,0.7117703227626117,0.7261490370736929,0.74081822068172,0.7557837414557278,0.7710515858035685,0.7866278610665556,0.8025187979624804,0.818730753077984,0.8352702114112736,0.8521437889662132,0.8693582353988074,0.8869204367171591,0.9048374180359613,0.9231163463866371,0.9417645335842503,0.9607894391523254,0.9801986733067573,1.0000000000000016,1.020201340026758,1.0408107741923909,1.0618365465453619,1.0832870676749613,1.1051709180756508,1.1274968515793788,1.1502737988572307,1.1735108709918136,1.1972173631218137,1.2214027581601745,1.2460767305873848,1.271249150321409,1.2969300866657758,1.3231298123374413,1.3498588075760074,1.377127764335962,1.4049475905635986,1.4333294145603452,1.4622845894342291,1.4918246976412752,1.521961555618638,1.5527072185113413,1.5840739849944865,1.6160744021928983,1.6487212707001324,1.6820276496988913,1.7160068621848632,1.7506725002961068,1.7860384307500783,1.8221188003905142,1.858928041846346,1.8964808793049555,1.9347923344020375,1.9738777322304526,2.0137527074704833,2.0544332106438943,2.0959355144943705,2.1382762204968246,2.181472265498207,2.225540928492475,2.2704998375324115,2.3163669767810977,2.3631606937058005,2.4108997064172137,2.4596031111569543,2.509290389936302,2.5599814183292744,2.611696473423122,2.66445624192942,2.7182818284590473,2.773194763964299,2.829217014351561,2.886370989267959,2.9446795510655255,3.0041660239464334,3.064854203293001,3.1267683651861553,3.1899332761161854,3.2543742028896694,3.320116922736548,3.387187733621334,3.455613464762677,3.525421487365381,3.5966397255692817,3.669296667619244,3.7434213772608604,3.8190435053663347,3.8961933017952135,3.974901627494748,4.0551999668446745
0.5598983665654023,0.5712090638488149,0.5827482523739901,0.5945205479701952,0.6065306597126343,0.6187833918061421,0.6312836455069273,0.6440364210831432,0.6570468198150585,0.6703200460356411,0.6838614092123579,0.6976763260710331,0.7117703227626118,0.7261490370736933,0.7408182206817204,0.7557837414557278,0.7710515858035689,0.7866278610665564,0.802518797962481,0.8187307530779842,0.8352702114112748,0.8521437889662139,0.8693582353988081,0.8869204367171598,0.9048374180359618,0.923116346386638,0.9417645335842507,0.9607894391523253,0.9801986733067577,1.0000000000000027,1.0202013400267582,1.0408107741923909,1.0618365465453623,1.0832870676749613,1.1051709180756508,1.1274968515793793,1.1502737988572307,1.1735108709918143,1.1972173631218137,1.221402758160174,1.2460767305873859,1.2712491503214094,1.2969300866657765,1.3231298123374413,1.3498588075760078,1.3771277643359625,1.404947590563599,1.4333294145603457,1.4622845894342302,1.4918246976412766,1.5219615556186394,1.5527072185113409,1.5840739849944883,1.6160744021928992,1.6487212707001342,1.6820276496988917,1.7160068621848643,1.7506725002961065,1.7860384307500796,1.8221188003905149,1.8589280418463476,1.8964808793049568,1.934792334402037,1.9738777322304546,2.0137527074704833,2.0544332106438956,2.0959355144943714,2.138276220496826,2.181472265498209,2.2255409284924745,2.2704998375324137,2.316366976781098,2.3631606937058027,2.4108997064172177,2.4596031111569556,2.509290389936305,2.5599814183292766,2.6116964734231227,2.664456241929422,2.7182818284590486,2.7731947639643018,2.8292170143515634,2.8863709892679603,2.9446795510655255,3.004166023946436,3.0648542032930033,3.1267683651861566,3.1899332761161867,3.254374202889674,3.320116922736549,3.3871877336213387,3.4556134647626764,3.525421487365384,3.5966397255692835,3.669296667619247,3.743421377260866,3.8190435053663356,3.8961933017952157,3.9749016274947504,4.055199966844677,4.137120440251395
0.5712090638488151,0.5827482523739896,0.5945205479701946,0.606530659712634,0.6187833918061417,0.6312836455069272,0.6440364210831424,0.6570468198150582,0.6703200460356411,0.6838614092123573,0.6976763260710327,0.7117703227626115,0.7261490370736927,0.74081822068172,0.7557837414557276,0.7710515858035687,0.7866278610665556,0.8025187979624807,0.8187307530779843,0.8352702114112741,0.8521437889662136,0.8693582353988076,0.8869204367171596,0.9048374180359612,0.9231163463866372,0.9417645335842502,0.960789439152325,0.9801986733067568,1.0000000000000016,1.0202013400267578,1.0408107741923898,1.0618365465453619,1.083287067674961,1.1051709180756495,1.1274968515793784,1.1502737988572302,1.1735108709918132,1.1972173631218133,1.221402758160173,1.2460767305873839,1.271249150321409,1.2969300866657756,1.3231298123374413,1.349858807576007,1.3771277643359616,1.4049475905635977,1.4333294145603452,1.4622845894342298,1.4918246976412748,1.5219615556186388,1.5527072185113406,1.5840739849944863,1.6160744021928983,1.6487212707001326,1.6820276496988915,1.7160068621848636,1.750672500296106,1.7860384307500778,1.8221188003905149,1.8589280418463472,1.8964808793049563,1.9347923344020368,1.9738777322304526,2.0137527074704824,2.054433210643893,2.0959355144943714,2.1382762204968246,2.1814722654982077,2.2255409284924745,2.2704998375324124,2.3163669767810995,2.3631606937058005,2.4108997064172173,2.459603111156956,2.509290389936303,2.559981418329278,2.6116964734231227,2.6644562419294204,2.7182818284590495,2.773194763964301,2.829217014351561,2.8863709892679603,2.9446795510655233,3.0041660239464334,3.0648542032930033,3.1267683651861558,3.1899332761161845,3.2543742028896703,3.3201169227365477,3.3871877336213343,3.4556134647626773,3.5254214873653815,3.596639725569282,3.669296667619244,3.743421377260863,3.819043505366337,3.8961933017952135,3.974901627494747,4.0551999668446745,4.137120440251395,4.220695816996553
0.5827482523739896,0.5945205479701944,0.6065306597126336,0.6187833918061415,0.6312836455069267,0.6440364210831426,0.657046819815058,0.6703200460356407,0.6838614092123575,0.6976763260710327,0.7117703227626114,0.7261490370736927,0.7408182206817199,0.7557837414557277,0.7710515858035685,0.7866278610665559,0.802518797962481,0.8187307530779842,0.8352702114112741,0.8521437889662131,0.8693582353988077,0.8869204367171591,0.9048374180359612,0.9231163463866374,0.9417645335842502,0.9607894391523246,0.9801986733067566,1.0000000000000009,1.0202013400267576,1.04081077419239,1.0618365465453605,1.0832870676749597,1.10517091807565,1.1274968515793777,1.1502737988572296,1.1735108709918132,1.197217363121813,1.221402758160173,1.2460767305873834,1.271249150321408,1.2969300866657756,1.3231298123374409,1.3498588075760072,1.3771277643359607,1.4049475905635986,1.4333294145603441,1.462284589434229,1.4918246976412752,1.5219615556186374,1.5527072185113413,1.584073984994486,1.6160744021928972,1.6487212707001333,1.6820276496988908,1.716006862184863,1.7506725002961054,1.7860384307500776,1.8221188003905135,1.8589280418463467,1.8964808793049566,1.9347923344020352,1.9738777322304522,2.0137527074704806,2.0544332106438934,2.09593551449437,2.138276220496824,2.1814722654982073,2.225540928492473,2.2704998375324132,2.3163669767810973,2.363160693705802,2.410899706417217,2.459603111156955,2.5092903899363046,2.5599814183292757,2.611696473423123,2.6644562419294218,2.718281828459048,2.7731947639643018,2.829217014351562,2.886370989267959,2.944679551065525,3.004166023946433,3.064854203293002,3.126768365186156,3.1899332761161854,3.2543742028896703,3.3201169227365477,3.3871877336213347,3.4556134647626746,3.525421487365383,3.5966397255692804,3.669296667619244,3.7434213772608613,3.819043505366336,3.8961933017952144,3.974901627494745,4.0551999668446745,4.137120440251393,4.220695816996555,4.305959528345207
0.5945205479701944,0.6065306597126333,0.618783391806141,0.6312836455069266,0.6440364210831421,0.6570468198150577,0.6703200460356403,0.6838614092123573,0.6976763260710325,0.7117703227626114,0.7261490370736926,0.74081822068172,0.7557837414557276,0.7710515858035688,0.7866278610665557,0.8025187979624808,0.8187307530779844,0.8352702114112741,0.8521437889662133,0.8693582353988074,0.8869204367171591,0.9048374180359612,0.9231163463866373,0.94176453358425,0.9607894391523243,0.9801986733067565,1.0000000000000013,1.0202013400267567,1.0408107741923898,1.0618365465453607,1.0832870676749593,1.1051709180756495,1.1274968515793775,1.1502737988572294,1.173510870991812,1.1972173631218128,1.2214027581601725,1.246076730587383,1.2712491503214063,1.2969300866657745,1.3231298123374404,1.3498588075760063,1.37712776433596,1.4049475905635966,1.433329414560344,1.462284589434228,1.4918246976412746,1.5219615556186379,1.5527072185113397,1.5840739849944863,1.6160744021928968,1.6487212707001315,1.682027649698891,1.716006862184862,1.7506725002961057,1.786038430750077,1.8221188003905129,1.858928041846346,1.896480879304955,1.934792334402036,1.9738777322304515,2.01375270747048,2.054433210643892,2.095935514494371,2.138276220496823,2.181472265498207,2.225540928492473,2.2704998375324106,2.3163669767810977,2.3631606937058,2.4108997064172164,2.459603111156956,2.509290389936303,2.5599814183292775,2.6116964734231223,2.664456241929422,2.718281828459049,2.7731947639643013,2.829217014351563,2.88637098926796,2.944679551065525,3.004166023946434,3.064854203293003,3.126768365186154,3.1899332761161836,3.2543742028896703,3.320116922736547,3.3871877336213343,3.4556134647626755,3.52542148736538,3.5966397255692817,3.6692966676192427,3.7434213772608627,3.8190435053663343,3.8961933017952113,3.974901627494748,4.055199966844673,4.137120440251392,4.220695816996552,4.305959528345206,4.392945680918756
0.6065306597126334,0.6187833918061408,0.6312836455069264,0.6440364210831421,0.6570468198150575,0.6703200460356402,0.6838614092123567,0.6976763260710326,0.711770322762611,0.7261490370736926,0.7408182206817193,0.7557837414557274,0.7710515858035684,0.7866278610665561,0.8025187979624808,0.8187307530779838,0.8352702114112744,0.8521437889662135,0.8693582353988079,0.8869204367171595,0.9048374180359614,0.9231163463866372,0.9417645335842498,0.9607894391523244,0.9801986733067561,1.0000000000000007,1.0202013400267567,1.040810774192389,1.0618365465453612,1.0832870676749597,1.105170918075649,1.1274968515793773,1.150273798857229,1.1735108709918123,1.1972173631218126,1.2214027581601723,1.2460767305873837,1.2712491503214067,1.2969300866657736,1.3231298123374393,1.3498588075760058,1.3771277643359596,1.4049475905635962,1.433329414560343,1.4622845894342276,1.4918246976412732,1.521961555618637,1.5527072185113402,1.584073984994485,1.6160744021928974,1.6487212707001317,1.6820276496988902,1.716006862184863,1.7506725002961043,1.7860384307500774,1.822118800390513,1.8589280418463465,1.8964808793049557,1.934792334402035,1.973877732230453,2.01375270747048,2.05443321064389,2.0959355144943683,2.1382762204968238,2.1814722654982055,2.2255409284924728,2.2704998375324106,2.316366976781096,2.363160693705801,2.410899706417215,2.4596031111569556,2.5092903899363033,2.5599814183292775,2.6116964734231236,2.6644562419294213,2.718281828459051,2.7731947639643026,2.8292170143515625,2.886370989267961,2.9446795510655255,3.004166023946434,3.0648542032930024,3.126768365186156,3.189933276116184,3.254374202889671,3.3201169227365472,3.3871877336213334,3.4556134647626746,3.5254214873653815,3.5966397255692795,3.669296667619244,3.7434213772608596,3.8190435053663356,3.8961933017952126,3.9749016274947464,4.055199966844674,4.13712044025139,4.220695816996551,4.305959528345207,4.392945680918758,4.481689070338065
0.6187833918061406,0.6312836455069257,0.6440364210831415,0.6570468198150572,0.6703200460356398,0.6838614092123564,0.6976763260710316,0.7117703227626107,0.7261490370736919,0.7408182206817194,0.7557837414557269,0.771051585803568,0.7866278610665555,0.8025187979624807,0.8187307530779842,0.8352702114112741,0.8521437889662132,0.8693582353988077,0.886920436717159,0.904837418035961,0.9231163463866366,0.9417645335842497,0.9607894391523238,0.9801986733067554,1.0000000000000002,1.0202013400267567,1.0408107741923889,1.0618365465453596,1.0832870676749595,1.1051709180756484,1.1274968515793762,1.1502737988572291,1.1735108709918114,1.197217363121812,1.2214027581601716,1.2460767305873828,1.2712491503214067,1.2969300866657738,1.3231298123374378,1.3498588075760047,1.3771277643359592,1.4049475905635953,1.4333294145603417,1.4622845894342258,1.4918246976412726,1.5219615556186357,1.5527072185113382,1.5840739849944843,1.6160744021928957,1.648721270700132,1.6820276496988886,1.716006862184861,1.7506725002961048,1.7860384307500756,1.8221188003905116,1.8589280418463452,1.8964808793049541,1.9347923344020346,1.9738777322304506,2.01375270747048,2.0544332106438916,2.095935514494367,2.1382762204968215,2.1814722654982046,2.2255409284924705,2.2704998375324092,2.316366976781095,2.363160693705798,2.4108997064172146,2.459603111156953,2.5092903899363024,2.5599814183292757,2.6116964734231223,2.664456241929422,2.7182818284590478,2.7731947639643018,2.8292170143515616,2.88637098926796,2.9446795510655255,3.004166023946433,3.064854203293001,3.126768365186155,3.1899332761161836,3.254374202889667,3.320116922736545,3.3871877336213334,3.4556134647626737,3.52542148736538,3.5966397255692777,3.66929666761924,3.7434213772608604,3.8190435053663316,3.896193301795211,3.9749016274947437,4.055199966844669,4.137120440251388,4.22069581699655,4.305959528345205,4.392945680918756,4.481689070338065,4.572225195142159
0.6312836455069258,0.6440364210831411,0.6570468198150569,0.6703200460356399,0.6838614092123565,0.6976763260710317,0.7117703227626103,0.7261490370736918,0.740818220681719,0.755783741455727,0.7710515858035679,0.7866278610665556,0.8025187979624812,0.8187307530779846,0.8352702114112742,0.8521437889662133,0.8693582353988082,0.8869204367171597,0.9048374180359614,0.9231163463866372,0.9417645335842496,0.9607894391523243,0.9801986733067559,1.0000000000000007,1.0202013400267564,1.0408107741923884,1.06183654654536,1.0832870676749589,1.1051709180756486,1.1274968515793768,1.1502737988572282,1.1735108709918114,1.1972173631218113,1.2214027581601719,1.246076730587383,1.2712491503214067,1.2969300866657743,1.3231298123374393,1.3498588075760047,1.377127764335959,1.404947590563596,1.433329414560342,1.462284589434226,1.491824697641272,1.521961555618636,1.552707218511338,1.584073984994484,1.6160744021928959,1.64872127070013,1.6820276496988897,1.7160068621848608,1.750672500296104,1.786038430750077,1.8221188003905116,1.8589280418463454,1.8964808793049548,1.934792334402035,1.9738777322304508,2.0137527074704797,2.054433210643891,2.095935514494368,2.138276220496821,2.1814722654982064,2.2255409284924723,2.270499837532409,2.3163669767810955,2.3631606937057996,2.4108997064172133,2.459603111156955,2.5092903899363024,2.5599814183292775,2.611696473423123,2.6644562419294218,2.7182818284590495,2.7731947639643013,2.8292170143515634,2.886370989267962,2.944679551065525,3.004166023946435,3.064854203293003,3.126768365186155,3.189933276116184,3.2543742028896707,3.3201169227365446,3.387187733621333,3.455613464762674,3.525421487365379,3.5966397255692795,3.669296667619242,3.74342137726086,3.819043505366334,3.8961933017952126,3.9749016274947446,4.05519996684467,4.137120440251389,4.22069581699655,4.305959528345203,4.392945680918756,4.481689070338065,4.572225195142161,4.664590270988127
0.6440364210831413,0.6570468198150569,0.6703200460356395,0.6838614092123566,0.6976763260710318,0.71177032276261,0.7261490370736915,0.740818220681719,0.7557837414557269,0.7710515858035677,0.7866278610665552,0.8025187979624807,0.8187307530779844,0.8352702114112748,0.8521437889662137,0.8693582353988083,0.88692043671716,0.9048374180359615,0.9231163463866375,0.9417645335842502,0.9607894391523242,0.9801986733067566,1.0000000000000007,1.0202013400267567,1.0408107741923884,1.06183654654536,1.083287067674959,1.1051709180756477,1.127496851579377,1.1502737988572285,1.1735108709918112,1.1972173631218117,1.2214027581601712,1.2460767305873828,1.2712491503214063,1.2969300866657745,1.323129812337439,1.349858807576005,1.3771277643359585,1.4049475905635957,1.4333294145603426,1.4622845894342267,1.4918246976412721,1.5219615556186352,1.5527072185113389,1.5840739849944838,1.6160744021928957,1.6487212707001304,1.6820276496988884,1.716006862184862,1.7506725002961037,1.7860384307500765,1.8221188003905127,1.8589280418463452,1.8964808793049543,1.9347923344020348,1.973877732230451,2.01375270747048,2.054433210643891,2.0959355144943688,2.1382762204968224,2.181472265498203,2.2255409284924728,2.2704998375324106,2.3163669767810964,2.363160693705799,2.4108997064172146,2.459603111156954,2.5092903899363033,2.5599814183292757,2.611696473423123,2.6644562419294213,2.71828182845905,2.7731947639643035,2.8292170143515625,2.886370989267963,2.9446795510655273,3.0041660239464343,3.064854203293004,3.126768365186157,3.1899332761161863,3.2543742028896707,3.320116922736548,3.3871877336213334,3.455613464762674,3.5254214873653815,3.596639725569281,3.669296667619242,3.7434213772608604,3.8190435053663325,3.896193301795212,3.974901627494745,4.055199966844671,4.1371204402513895,4.22069581699655,4.305959528345203,4.3929456809187535,4.4816890703380645,4.5722251951421615,4.664590270988127,4.758821245137855
0.6570468198150569,0.6703200460356395,0.683861409212356,0.6976763260710317,0.7117703227626101,0.7261490370736916,0.7408182206817184,0.7557837414557262,0.7710515858035674,0.786627861066555,0.8025187979624805,0.8187307530779838,0.8352702114112748,0.8521437889662141,0.8693582353988085,0.8869204367171598,0.9048374180359617,0.9231163463866376,0.9417645335842507,0.9607894391523243,0.9801986733067565,1.0000000000000009,1.0202013400267564,1.040810774192389,1.0618365465453603,1.083287067674959,1.1051709180756486,1.127496851579376,1.1502737988572282,1.1735108709918112,1.197217363121811,1.2214027581601714,1.246076730587382,1.2712491503214067,1.2969300866657738,1.323129812337439,1.3498588075760054,1.3771277643359598,1.404947590563595,1.4333294145603421,1.4622845894342271,1.491824697641272,1.5219615556186352,1.5527072185113375,1.5840739849944847,1.6160744021928952,1.6487212707001306,1.6820276496988888,1.7160068621848605,1.7506725002961034,1.7860384307500756,1.822118800390512,1.8589280418463452,1.8964808793049541,1.9347923344020341,1.9738777322304502,2.0137527074704793,2.0544332106438916,2.0959355144943674,2.1382762204968224,2.181472265498204,2.2255409284924697,2.27049983753241,2.3163669767810955,2.3631606937057987,2.4108997064172133,2.4596031111569543,2.5092903899363006,2.5599814183292766,2.611696473423122,2.6644562419294213,2.7182818284590486,2.7731947639643018,2.829217014351564,2.8863709892679617,2.944679551065528,3.0041660239464365,3.0648542032930046,3.1267683651861584,3.1899332761161863,3.2543742028896716,3.3201169227365486,3.3871877336213347,3.4556134647626737,3.5254214873653815,3.5966397255692795,3.6692966676192422,3.7434213772608596,3.8190435053663334,3.896193301795211,3.974901627494745,4.055199966844671,4.137120440251389,4.220695816996548,4.305959528345201,4.3929456809187535,4.481689070338063,4.572225195142159,4.664590270988125,4.758821245137855,4.854955811237434
0.670320046035639,0.6838614092123557,0.6976763260710314,0.7117703227626101,0.7261490370736913,0.7408182206817183,0.755783741455726,0.7710515858035676,0.7866278610665548,0.80251879796248,0.818730753077984,0.8352702114112743,0.8521437889662143,0.8693582353988087,0.8869204367171601,0.9048374180359617,0.9231163463866383,0.9417645335842507,0.9607894391523254,0.9801986733067568,1.0000000000000016,1.0202013400267569,1.0408107741923889,1.0618365465453599,1.0832870676749589,1.1051709180756484,1.1274968515793766,1.1502737988572278,1.173510870991811,1.1972173631218113,1.221402758160171,1.246076730587382,1.2712491503214063,1.296930086665774,1.3231298123374386,1.3498588075760058,1.3771277643359594,1.4049475905635962,1.4333294145603421,1.4622845894342271,1.491824697641273,1.5219615556186366,1.5527072185113378,1.5840739849944832,1.616074402192896,1.6487212707001302,1.6820276496988888,1.7160068621848603,1.750672500296103,1.7860384307500763,1.8221188003905116,1.8589280418463452,1.8964808793049546,1.9347923344020344,1.9738777322304504,2.01375270747048,2.054433210643891,2.0959355144943674,2.1382762204968233,2.181472265498205,2.2255409284924714,2.270499837532409,2.3163669767810977,2.3631606937057983,2.4108997064172133,2.459603111156953,2.5092903899363024,2.5599814183292744,2.611696473423122,2.664456241929421,2.718281828459048,2.773194763964302,2.829217014351564,2.886370989267964,2.944679551065526,3.0041660239464365,3.0648542032930055,3.1267683651861584,3.189933276116188,3.2543742028896734,3.3201169227365472,3.3871877336213365,3.455613464762676,3.525421487365381,3.5966397255692804,3.6692966676192427,3.743421377260861,3.819043505366333,3.8961933017952104,3.974901627494744,4.055199966844671,4.137120440251389,4.22069581699655,4.305959528345201,4.392945680918753,4.481689070338062,4.572225195142156,4.664590270988125,4.758821245137851,4.854955811237433,4.953032424395115
0.6838614092123557,0.6976763260710311,0.71177032276261,0.7261490370736913,0.7408182206817184,0.7557837414557259,0.7710515858035669,0.7866278610665544,0.8025187979624799,0.8187307530779835,0.835270211411274,0.8521437889662136,0.8693582353988085,0.88692043671716,0.9048374180359623,0.9231163463866384,0.941764533584251,0.9607894391523253,0.980198673306757,1.0000000000000013,1.020201340026757,1.0408107741923893,1.0618365465453605,1.083287067674959,1.105170918075648,1.1274968515793762,1.1502737988572278,1.173510870991811,1.1972173631218115,1.2214027581601712,1.2460767305873819,1.271249150321407,1.2969300866657731,1.3231298123374389,1.3498588075760054,1.3771277643359596,1.4049475905635966,1.4333294145603428,1.4622845894342271,1.491824697641273,1.521961555618637,1.5527072185113389,1.584073984994484,1.6160744021928954,1.6487212707001309,1.6820276496988888,1.716006862184862,1.7506725002961032,1.7860384307500756,1.8221188003905124,1.8589280418463439,1.8964808793049543,1.9347923344020348,1.9738777322304508,2.0137527074704793,2.0544332106438903,2.095935514494368,2.1382762204968224,2.181472265498205,2.2255409284924723,2.2704998375324106,2.316366976781094,2.3631606937058005,2.410899706417214,2.459603111156954,2.509290389936303,2.559981418329276,2.6116964734231223,2.6644562419294218,2.71828182845905,2.773194763964301,2.829217014351563,2.886370989267962,2.944679551065529,3.004166023946435,3.0648542032930064,3.1267683651861584,3.189933276116188,3.2543742028896743,3.32011692273655,3.3871877336213356,3.4556134647626777,3.5254214873653824,3.596639725569281,3.6692966676192422,3.7434213772608596,3.819043505366333,3.8961933017952117,3.974901627494745,4.055199966844671,4.137120440251388,4.220695816996548,4.305959528345202,4.392945680918752,4.48168907033806,4.572225195142154,4.664590270988123,4.758821245137853,4.854955811237432,4.953032424395117,5.053090316563868
0.697676326071031,0.71177032276261,0.7261490370736915,0.7408182206817184,0.7557837414557258,0.7710515858035669,0.7866278610665542,0.80251879796248,0.8187307530779838,0.8352702114112739,0.8521437889662139,0.8693582353988083,0.8869204367171604,0.9048374180359624,0.9231163463866389,0.9417645335842513,0.9607894391523258,0.9801986733067578,1.0000000000000024,1.0202013400267578,1.0408107741923898,1.0618365465453612,1.0832870676749597,1.1051709180756482,1.1274968515793766,1.1502737988572282,1.1735108709918114,1.197217363121811,1.2214027581601714,1.2460767305873817,1.2712491503214065,1.296930086665774,1.3231298123374389,1.3498588075760052,1.3771277643359594,1.4049475905635964,1.4333294145603435,1.4622845894342276,1.4918246976412732,1.521961555618637,1.5527072185113404,1.584073984994486,1.6160744021928968,1.6487212707001304,1.6820276496988902,1.7160068621848623,1.7506725002961046,1.7860384307500763,1.822118800390512,1.8589280418463456,1.8964808793049546,1.9347923344020352,1.9738777322304513,2.0137527074704797,2.054433210643891,2.0959355144943683,2.138276220496823,2.1814722654982055,2.2255409284924723,2.2704998375324115,2.316366976781096,2.3631606937057987,2.4108997064172164,2.4596031111569547,2.5092903899363033,2.559981418329276,2.611696473423123,2.6644562419294218,2.7182818284590504,2.7731947639643035,2.8292170143515643,2.8863709892679617,2.944679551065527,3.0041660239464387,3.064854203293005,3.1267683651861606,3.189933276116187,3.254374202889674,3.3201169227365517,3.3871877336213405,3.455613464762679,3.5254214873653837,3.596639725569283,3.6692966676192444,3.7434213772608627,3.8190435053663356,3.896193301795213,3.9749016274947464,4.055199966844672,4.1371204402513895,4.220695816996548,4.305959528345201,4.392945680918754,4.48168907033806,4.572225195142154,4.664590270988123,4.7588212451378515,4.854955811237432,4.953032424395112,5.053090316563868,5.155169512234682
0.7117703227626093,0.7261490370736909,0.7408182206817179,0.7557837414557255,0.7710515858035659,0.7866278610665536,0.8025187979624786,0.8187307530779824,0.8352702114112738,0.8521437889662128,0.8693582353988073,0.8869204367171594,0.9048374180359617,0.9231163463866381,0.9417645335842505,0.9607894391523251,0.980198673306757,1.0000000000000022,1.020201340026757,1.0408107741923893,1.0618365465453605,1.083287067674959,1.105170918075648,1.1274968515793753,1.150273798857227,1.1735108709918107,1.1972173631218104,1.2214027581601699,1.2460767305873812,1.271249150321405,1.2969300866657723,1.3231298123374382,1.3498588075760043,1.3771277643359585,1.4049475905635955,1.433329414560342,1.4622845894342267,1.4918246976412728,1.5219615556186359,1.5527072185113382,1.584073984994485,1.616074402192896,1.6487212707001309,1.6820276496988888,1.7160068621848614,1.7506725002961043,1.7860384307500756,1.8221188003905107,1.8589280418463443,1.8964808793049537,1.9347923344020332,1.97387773223045,2.013752707470479,2.0544332106438903,2.0959355144943674,2.138276220496821,2.181472265498204,2.2255409284924705,2.2704998375324097,2.3163669767810946,2.3631606937057974,2.410899706417212,2.459603111156953,2.5092903899363006,2.559981418329275,2.61169647342312,2.6644562419294204,2.7182818284590486,2.773194763964301,2.8292170143515625,2.8863709892679594,2.9446795510655246,3.004166023946433,3.064854203293004,3.126768365186155,3.189933276116187,3.2543742028896725,3.3201169227365486,3.387187733621336,3.455613464762677,3.52542148736538,3.596639725569281,3.6692966676192427,3.743421377260858,3.8190435053663325,3.896193301795211,3.974901627494743,4.05519996684467,4.137120440251387,4.220695816996548,4.305959528345199,4.392945680918749,4.481689070338057,4.57222519514215,4.664590270988121,4.758821245137848,4.854955811237427,4.953032424395111,5.053090316563861,5.155169512234677,5.259310844446895
0.726149037073691,0.740818220681718,0.7557837414557256,0.7710515858035665,0.7866278610665536,0.8025187979624795,0.818730753077983,0.8352702114112733,0.8521437889662128,0.8693582353988077,0.8869204367171596,0.9048374180359617,0.9231163463866383,0.9417645335842514,0.9607894391523258,0.9801986733067578,1.0000000000000022,1.020201340026758,1.04081077419239,1.0618365465453607,1.0832870676749602,1.1051709180756484,1.1274968515793762,1.1502737988572274,1.1735108709918105,1.1972173631218108,1.2214027581601703,1.246076730587381,1.2712491503214052,1.2969300866657723,1.3231298123374382,1.3498588075760052,1.3771277643359585,1.4049475905635957,1.4333294145603421,1.4622845894342265,1.491824697641273,1.521961555618636,1.5527072185113395,1.5840739849944852,1.6160744021928977,1.6487212707001315,1.6820276496988902,1.7160068621848623,1.7506725002961048,1.786038430750077,1.8221188003905129,1.8589280418463454,1.8964808793049548,1.934792334402035,1.9738777322304508,2.0137527074704797,2.0544332106438916,2.0959355144943674,2.138276220496823,2.1814722654982046,2.2255409284924714,2.2704998375324106,2.316366976781096,2.363160693705799,2.4108997064172146,2.459603111156953,2.5092903899363033,2.5599814183292753,2.611696473423122,2.664456241929421,2.71828182845905,2.7731947639643018,2.829217014351563,2.886370989267962,2.9446795510655264,3.004166023946436,3.0648542032930046,3.1267683651861593,3.1899332761161854,3.254374202889673,3.32011692273655,3.3871877336213356,3.455613464762677,3.5254214873653855,3.5966397255692812,3.6692966676192453,3.7434213772608627,3.8190435053663347,3.8961933017952126,3.9749016274947455,4.055199966844671,4.13712044025139,4.220695816996548,4.305959528345201,4.392945680918752,4.4816890703380565,4.572225195142156,4.664590270988121,4.758821245137849,4.854955811237432,4.95303242439511,5.053090316563864,5.155169512234679,5.259310844446896,5.3655559711219745
0.7408182206817177,0.7557837414557252,0.7710515858035664,0.7866278610665537,0.8025187979624789,0.8187307530779824,0.8352702114112729,0.8521437889662123,0.8693582353988074,0.8869204367171593,0.9048374180359614,0.9231163463866375,0.941764533584251,0.9607894391523256,0.9801986733067575,1.0000000000000022,1.0202013400267576,1.04081077419239,1.061836546545361,1.08328706767496,1.1051709180756486,1.1274968515793766,1.1502737988572282,1.1735108709918103,1.1972173631218108,1.2214027581601705,1.246076730587381,1.271249150321405,1.2969300866657718,1.323129812337437,1.3498588075760038,1.3771277643359583,1.4049475905635946,1.4333294145603412,1.4622845894342265,1.4918246976412721,1.5219615556186363,1.5527072185113382,1.5840739849944843,1.6160744021928966,1.648721270700132,1.6820276496988897,1.7160068621848625,1.7506725002961048,1.786038430750077,1.8221188003905118,1.8589280418463459,1.896480879304954,1.9347923344020355,1.973877732230451,2.01375270747048,2.0544332106438907,2.095935514494368,2.138276220496822,2.181472265498205,2.2255409284924714,2.27049983753241,2.3163669767810955,2.3631606937057987,2.4108997064172146,2.4596031111569543,2.5092903899363,2.5599814183292757,2.6116964734231214,2.6644562419294213,2.718281828459048,2.773194763964302,2.8292170143515625,2.8863709892679608,2.9446795510655255,3.004166023946435,3.064854203293002,3.1267683651861566,3.1899332761161863,3.25437420288967,3.3201169227365495,3.3871877336213343,3.455613464762674,3.5254214873653824,3.5966397255692835,3.669296667619242,3.743421377260861,3.819043505366334,3.8961933017952135,3.974901627494745,4.055199966844671,4.137120440251388,4.220695816996548,4.305959528345201,4.39294568091875,4.481689070338057,4.572225195142153,4.66459027098812,4.758821245137845,4.854955811237428,4.95303242439511,5.053090316563861,5.155169512234675,5.25931084444689,5.365555971121969,5.473947391727198
0.7557837414557259,0.7710515858035665,0.7866278610665541,0.8025187979624792,0.8187307530779826,0.8352702114112731,0.852143788966213,0.8693582353988077,0.8869204367171597,0.904837418035962,0.9231163463866381,0.941764533584251,0.960789439152326,0.9801986733067581,1.0000000000000024,1.0202013400267584,1.04081077419239,1.0618365465453619,1.0832870676749609,1.1051709180756495,1.127496851579377,1.1502737988572291,1.1735108709918118,1.1972173631218106,1.2214027581601705,1.2460767305873817,1.2712491503214056,1.2969300866657725,1.323129812337438,1.3498588075760036,1.3771277643359585,1.4049475905635953,1.4333294145603421,1.4622845894342256,1.4918246976412723,1.5219615556186354,1.5527072185113389,1.5840739849944847,1.616074402192896,1.6487212707001324,1.682027649698892,1.716006862184863,1.7506725002961059,1.786038430750078,1.8221188003905144,1.8589280418463472,1.8964808793049563,1.9347923344020364,1.9738777322304524,2.0137527074704815,2.054433210643892,2.095935514494369,2.1382762204968238,2.181472265498206,2.2255409284924723,2.270499837532411,2.3163669767810964,2.3631606937058,2.4108997064172155,2.4596031111569547,2.509290389936303,2.5599814183292753,2.611696473423123,2.664456241929422,2.7182818284590495,2.7731947639643018,2.8292170143515647,2.8863709892679617,2.944679551065529,3.0041660239464374,3.0648542032930046,3.126768365186158,3.189933276116187,3.254374202889674,3.320116922736548,3.387187733621337,3.455613464762676,3.525421487365384,3.596639725569282,3.669296667619247,3.7434213772608618,3.8190435053663347,3.8961933017952144,3.974901627494745,4.055199966844673,4.13712044025139,4.220695816996549,4.305959528345204,4.392945680918754,4.481689070338062,4.5722251951421535,4.664590270988122,4.75882124513785,4.854955811237429,4.953032424395112,5.053090316563864,5.155169512234676,5.259310844446896,5.365555971121969,5.473947391727198,5.5845284642760555
0.7710515858035659,0.7866278610665531,0.8025187979624782,0.8187307530779822,0.8352702114112721,0.852143788966212,0.8693582353988067,0.8869204367171588,0.9048374180359608,0.9231163463866374,0.9417645335842502,0.9607894391523248,0.9801986733067573,1.0000000000000022,1.0202013400267578,1.0408107741923898,1.0618365465453607,1.0832870676749595,1.1051709180756488,1.1274968515793766,1.1502737988572271,1.1735108709918107,1.1972173631218113,1.2214027581601694,1.24607673058738,1.2712491503214045,1.296930086665771,1.3231298123374369,1.3498588075760032,1.3771277643359567,1.4049475905635935,1.4333294145603412,1.4622845894342253,1.4918246976412708,1.5219615556186357,1.5527072185113364,1.584073984994484,1.6160744021928946,1.6487212707001297,1.6820276496988886,1.7160068621848623,1.7506725002961039,1.7860384307500765,1.8221188003905129,1.8589280418463456,1.8964808793049548,1.9347923344020357,1.973877732230451,2.013752707470481,2.054433210643892,2.0959355144943683,2.138276220496822,2.181472265498205,2.2255409284924705,2.270499837532409,2.3163669767810946,2.3631606937057983,2.410899706417213,2.4596031111569534,2.5092903899363006,2.5599814183292753,2.6116964734231196,2.6644562419294204,2.7182818284590478,2.7731947639643004,2.8292170143515607,2.8863709892679594,2.9446795510655237,3.0041660239464343,3.064854203293004,3.1267683651861558,3.189933276116183,3.2543742028896707,3.320116922736548,3.387187733621331,3.455613464762675,3.5254214873653806,3.596639725569279,3.6692966676192404,3.7434213772608604,3.819043505366329,3.8961933017952104,3.9749016274947433,4.055199966844669,4.137120440251388,4.220695816996546,4.3059595283451975,4.392945680918751,4.4816890703380565,4.572225195142151,4.664590270988119,4.758821245137847,4.854955811237424,4.953032424395106,5.05309031656386,5.155169512234673,5.259310844446889,5.3655559711219665,5.473947391727192,5.584528464276049,5.697343422671988
0.7866278610665536,0.8025187979624789,0.8187307530779827,0.8352702114112729,0.8521437889662128,0.8693582353988074,0.8869204367171594,0.9048374180359616,0.9231163463866379,0.9417645335842513,0.9607894391523255,0.9801986733067578,1.0000000000000029,1.0202013400267587,1.0408107741923907,1.0618365465453619,1.0832870676749604,1.1051709180756495,1.1274968515793775,1.1502737988572287,1.1735108709918112,1.1972173631218117,1.2214027581601707,1.2460767305873808,1.271249150321405,1.2969300866657723,1.3231298123374373,1.3498588075760032,1.3771277643359583,1.404947590563595,1.4333294145603408,1.4622845894342265,1.4918246976412715,1.5219615556186348,1.552707218511338,1.584073984994483,1.616074402192896,1.6487212707001306,1.6820276496988888,1.716006862184862,1.7506725002961052,1.7860384307500772,1.8221188003905135,1.8589280418463467,1.8964808793049563,1.9347923344020368,1.973877732230453,2.0137527074704815,2.054433210643893,2.0959355144943714,2.138276220496824,2.181472265498207,2.225540928492473,2.2704998375324115,2.3163669767810973,2.3631606937057996,2.410899706417216,2.4596031111569547,2.509290389936302,2.5599814183292766,2.6116964734231223,2.664456241929419,2.718281828459049,2.773194763964302,2.8292170143515616,2.886370989267962,2.9446795510655273,3.004166023946435,3.064854203293004,3.1267683651861593,3.1899332761161876,3.2543742028896716,3.320116922736549,3.387187733621336,3.455613464762677,3.5254214873653815,3.5966397255692812,3.6692966676192427,3.7434213772608613,3.819043505366336,3.8961933017952104,3.9749016274947446,4.0551999668446745,4.13712044025139,4.220695816996552,4.305959528345204,4.392945680918753,4.481689070338063,4.5722251951421535,4.664590270988121,4.758821245137848,4.8549558112374305,4.9530324243951105,5.053090316563861,5.155169512234677,5.259310844446895,5.365555971121969,5.473947391727194,5.584528464276051,5.69734342267199,5.812437394402591
0.8025187979624783,0.8187307530779818,0.8352702114112727,0.8521437889662122,0.8693582353988069,0.8869204367171589,0.9048374180359612,0.9231163463866379,0.9417645335842509,0.9607894391523256,0.9801986733067573,1.0000000000000022,1.020201340026758,1.0408107741923907,1.0618365465453614,1.0832870676749602,1.1051709180756486,1.1274968515793766,1.1502737988572285,1.1735108709918107,1.1972173631218104,1.2214027581601703,1.2460767305873812,1.271249150321404,1.2969300866657716,1.323129812337437,1.3498588075760032,1.3771277643359567,1.4049475905635946,1.4333294145603401,1.4622845894342245,1.4918246976412706,1.521961555618634,1.5527072185113358,1.584073984994483,1.6160744021928939,1.6487212707001302,1.6820276496988875,1.71600686218486,1.7506725002961034,1.7860384307500763,1.8221188003905109,1.8589280418463454,1.896480879304955,1.9347923344020352,1.9738777322304517,2.013752707470481,2.0544332106438916,2.0959355144943683,2.138276220496824,2.1814722654982055,2.2255409284924714,2.2704998375324115,2.3163669767810964,2.3631606937058,2.4108997064172133,2.4596031111569534,2.5092903899363,2.5599814183292753,2.611696473423121,2.6644562419294204,2.718281828459047,2.7731947639643,2.8292170143515634,2.8863709892679603,2.9446795510655246,3.004166023946435,3.064854203293003,3.1267683651861575,3.1899332761161867,3.254374202889672,3.320116922736547,3.3871877336213343,3.455613464762675,3.52542148736538,3.5966397255692795,3.6692966676192427,3.743421377260859,3.8190435053663334,3.896193301795211,3.974901627494743,4.055199966844669,4.137120440251389,4.22069581699655,4.305959528345203,4.392945680918753,4.481689070338059,4.572225195142154,4.66459027098812,4.758821245137847,4.854955811237427,4.95303242439511,5.053090316563861,5.155169512234673,5.259310844446891,5.365555971121967,5.473947391727194,5.584528464276046,5.697343422671986,5.812437394402585,5.929856418591146
0.8187307530779816,0.8352702114112722,0.8521437889662122,0.8693582353988072,0.8869204367171586,0.9048374180359613,0.9231163463866378,0.9417645335842513,0.9607894391523253,0.9801986733067575,1.000000000000002,1.020201340026758,1.0408107741923904,1.0618365465453619,1.0832870676749604,1.1051709180756493,1.1274968515793773,1.150273798857228,1.1735108709918114,1.1972173631218108,1.22140275816017,1.2460767305873814,1.2712491503214052,1.2969300866657716,1.3231298123374367,1.3498588075760032,1.377127764335957,1.404947590563594,1.4333294145603406,1.4622845894342242,1.491824697641271,1.5219615556186346,1.5527072185113358,1.584073984994482,1.6160744021928943,1.6487212707001295,1.6820276496988877,1.7160068621848603,1.7506725002961019,1.7860384307500763,1.8221188003905116,1.858928041846345,1.8964808793049552,1.9347923344020348,1.9738777322304515,2.013752707470481,2.0544332106438916,2.0959355144943697,2.138276220496823,2.181472265498207,2.225540928492473,2.2704998375324097,2.3163669767810977,2.3631606937057996,2.4108997064172146,2.459603111156953,2.5092903899363015,2.5599814183292744,2.61169647342312,2.664456241929421,2.718281828459048,2.7731947639642986,2.829217014351562,2.8863709892679608,2.9446795510655237,3.0041660239464343,3.064854203293004,3.1267683651861566,3.189933276116186,3.254374202889674,3.320116922736549,3.3871877336213334,3.455613464762677,3.5254214873653837,3.596639725569281,3.669296667619245,3.743421377260862,3.8190435053663343,3.896193301795212,3.974901627494747,4.055199966844669,4.137120440251389,4.22069581699655,4.305959528345202,4.3929456809187535,4.48168907033806,4.572225195142156,4.664590270988124,4.758821245137849,4.854955811237429,4.9530324243951105,5.053090316563863,5.155169512234678,5.259310844446892,5.365555971121969,5.473947391727192,5.584528464276048,5.6973434226719855,5.8124373944025844,5.929856418591144,6.0496474644129465
0.8352702114112724,0.8521437889662116,0.8693582353988073,0.8869204367171589,0.9048374180359616,0.9231163463866382,0.9417645335842508,0.9607894391523263,0.9801986733067583,1.0000000000000029,1.0202013400267584,1.0408107741923913,1.0618365465453627,1.0832870676749615,1.10517091807565,1.1274968515793782,1.150273798857229,1.1735108709918116,1.1972173631218115,1.221402758160171,1.2460767305873814,1.2712491503214054,1.2969300866657725,1.323129812337437,1.349858807576003,1.3771277643359578,1.404947590563594,1.433329414560341,1.4622845894342253,1.4918246976412712,1.521961555618635,1.5527072185113373,1.5840739849944832,1.6160744021928948,1.6487212707001302,1.6820276496988882,1.7160068621848612,1.7506725002961043,1.7860384307500763,1.8221188003905124,1.8589280418463465,1.8964808793049548,1.9347923344020355,1.9738777322304524,2.0137527074704806,2.054433210643894,2.0959355144943705,2.1382762204968238,2.181472265498207,2.2255409284924745,2.270499837532411,2.3163669767810973,2.3631606937058014,2.4108997064172155,2.4596031111569543,2.509290389936303,2.559981418329277,2.6116964734231223,2.6644562419294213,2.718281828459049,2.7731947639643018,2.829217014351562,2.886370989267962,2.944679551065529,3.004166023946436,3.064854203293005,3.126768365186159,3.1899332761161885,3.254374202889674,3.3201169227365526,3.3871877336213383,3.4556134647626804,3.525421487365386,3.5966397255692844,3.6692966676192458,3.7434213772608658,3.819043505366337,3.8961933017952153,3.974901627494748,4.0551999668446745,4.137120440251389,4.220695816996552,4.3059595283452055,4.392945680918757,4.481689070338064,4.572225195142161,4.664590270988127,4.758821245137855,4.854955811237434,4.953032424395113,5.053090316563867,5.15516951223468,5.2593108444468974,5.365555971121971,5.473947391727199,5.58452846427605,5.69734342267199,5.812437394402585,5.929856418591145,6.049647464412946,6.171858449883554
0.8521437889662111,0.8693582353988062,0.8869204367171589,0.9048374180359613,0.923116346386638,0.9417645335842512,0.9607894391523256,0.9801986733067586,1.0000000000000029,1.0202013400267589,1.040810774192391,1.0618365465453619,1.083287067674961,1.1051709180756497,1.127496851579378,1.1502737988572294,1.1735108709918116,1.1972173631218108,1.2214027581601705,1.2460767305873812,1.2712491503214054,1.2969300866657723,1.3231298123374373,1.349858807576003,1.3771277643359565,1.4049475905635935,1.4333294145603404,1.4622845894342253,1.4918246976412715,1.5219615556186346,1.5527072185113369,1.584073984994483,1.6160744021928946,1.6487212707001295,1.6820276496988884,1.7160068621848603,1.750672500296104,1.7860384307500765,1.8221188003905107,1.8589280418463454,1.8964808793049557,1.9347923344020346,1.9738777322304517,2.0137527074704797,2.0544332106438916,2.0959355144943697,2.138276220496824,2.1814722654982064,2.2255409284924728,2.2704998375324124,2.3163669767810977,2.3631606937057996,2.410899706417216,2.4596031111569547,2.509290389936302,2.559981418329275,2.6116964734231223,2.6644562419294204,2.7182818284590486,2.7731947639643026,2.8292170143515616,2.8863709892679603,2.9446795510655273,3.004166023946439,3.064854203293005,3.1267683651861584,3.189933276116189,3.2543742028896743,3.32011692273655,3.387187733621339,3.4556134647626795,3.5254214873653855,3.596639725569286,3.6692966676192467,3.7434213772608653,3.8190435053663396,3.8961933017952153,3.974901627494751,4.055199966844675,4.137120440251391,4.2206958169965505,4.305959528345205,4.392945680918756,4.481689070338066,4.572225195142161,4.664590270988127,4.758821245137855,4.854955811237437,4.953032424395115,5.053090316563865,5.1551695122346795,5.259310844446897,5.365555971121978,5.4739473917271955,5.584528464276052,5.697343422671987,5.8124373944025844,5.929856418591142,6.049647464412945,6.171858449883553,6.296538261026658
0.8693582353988056,0.8869204367171581,0.9048374180359607,0.9231163463866373,0.9417645335842508,0.9607894391523255,0.9801986733067579,1.0000000000000027,1.020201340026759,1.0408107741923909,1.0618365465453619,1.0832870676749606,1.1051709180756502,1.1274968515793777,1.1502737988572294,1.1735108709918123,1.1972173631218122,1.2214027581601707,1.2460767305873819,1.2712491503214056,1.2969300866657727,1.323129812337438,1.3498588075760034,1.3771277643359572,1.404947590563593,1.4333294145603408,1.4622845894342256,1.4918246976412708,1.5219615556186348,1.5527072185113373,1.5840739849944825,1.6160744021928943,1.6487212707001295,1.6820276496988875,1.7160068621848608,1.750672500296103,1.7860384307500772,1.8221188003905127,1.8589280418463447,1.8964808793049552,1.9347923344020357,1.9738777322304522,2.0137527074704793,2.054433210643891,2.095935514494369,2.138276220496824,2.181472265498207,2.225540928492473,2.2704998375324106,2.3163669767810977,2.3631606937058005,2.410899706417214,2.459603111156954,2.5092903899363024,2.559981418329276,2.611696473423122,2.6644562419294213,2.7182818284590495,2.773194763964302,2.829217014351564,2.8863709892679617,2.9446795510655273,3.0041660239464374,3.0648542032930055,3.1267683651861597,3.1899332761161885,3.254374202889675,3.3201169227365517,3.3871877336213387,3.4556134647626795,3.525421487365387,3.596639725569284,3.669296667619249,3.7434213772608653,3.81904350536634,3.896193301795219,3.9749016274947504,4.055199966844679,4.137120440251396,4.220695816996554,4.305959528345205,4.392945680918759,4.481689070338067,4.5722251951421615,4.6645902709881275,4.758821245137855,4.854955811237433,4.953032424395116,5.0530903165638685,5.155169512234682,5.259310844446899,5.3655559711219745,5.473947391727205,5.584528464276054,5.697343422671992,5.812437394402586,5.929856418591142,6.049647464412944,6.171858449883549,6.2965382610266545,6.423736771429132
0.8869204367171574,0.90483741803596,0.9231163463866364,0.9417645335842499,0.9607894391523247,0.9801986733067571,1.0000000000000022,1.020201340026758,1.0408107741923909,1.0618365465453619,1.083287067674961,1.1051709180756497,1.1274968515793777,1.1502737988572287,1.173510870991812,1.1972173631218117,1.2214027581601714,1.2460767305873814,1.2712491503214056,1.2969300866657718,1.323129812337437,1.3498588075760036,1.3771277643359574,1.4049475905635938,1.4333294145603395,1.4622845894342247,1.4918246976412708,1.5219615556186339,1.5527072185113369,1.5840739849944823,1.6160744021928937,1.648721270700129,1.682027649698887,1.7160068621848596,1.7506725002961034,1.786038430750075,1.8221188003905122,1.8589280418463454,1.896480879304953,1.9347923344020357,1.973877732230451,2.0137527074704797,2.054433210643891,2.095935514494368,2.138276220496823,2.181472265498206,2.225540928492474,2.2704998375324106,2.3163669767810964,2.363160693705799,2.410899706417215,2.4596031111569543,2.5092903899363024,2.5599814183292753,2.611696473423121,2.6644562419294204,2.7182818284590495,2.7731947639643013,2.829217014351564,2.8863709892679617,2.944679551065526,3.004166023946435,3.064854203293005,3.1267683651861597,3.1899332761161885,3.2543742028896734,3.320116922736551,3.3871877336213374,3.4556134647626786,3.525421487365387,3.596639725569283,3.669296667619246,3.7434213772608667,3.8190435053663387,3.8961933017952157,3.9749016274947504,4.055199966844677,4.137120440251396,4.220695816996556,4.305959528345211,4.392945680918755,4.481689070338065,4.57222519514216,4.6645902709881275,4.758821245137854,4.854955811237435,4.953032424395117,5.0530903165638685,5.15516951223468,5.259310844446898,5.365555971121975,5.473947391727196,5.584528464276058,5.697343422671988,5.812437394402589,5.929856418591142,6.049647464412942,6.171858449883553,6.296538261026654,6.42373677142913,6.553504862191147
0.9048374180359595,0.9231163463866359,0.9417645335842492,0.9607894391523238,0.980198673306756,1.000000000000001,1.0202013400267576,1.0408107741923902,1.0618365465453619,1.0832870676749606,1.105170918075649,1.127496851579377,1.1502737988572294,1.1735108709918116,1.1972173631218115,1.221402758160171,1.2460767305873817,1.271249150321405,1.2969300866657723,1.3231298123374373,1.3498588075760036,1.3771277643359576,1.4049475905635942,1.4333294145603397,1.4622845894342236,1.4918246976412703,1.5219615556186337,1.552707218511336,1.5840739849944823,1.6160744021928934,1.6487212707001282,1.6820276496988877,1.716006862184859,1.7506725002961019,1.7860384307500763,1.8221188003905113,1.858928041846345,1.8964808793049543,1.934792334402033,1.9738777322304504,2.0137527074704797,2.054433210643891,2.095935514494368,2.1382762204968215,2.181472265498205,2.225540928492471,2.2704998375324115,2.3163669767810964,2.363160693705799,2.4108997064172137,2.4596031111569534,2.509290389936301,2.5599814183292757,2.6116964734231214,2.66445624192942,2.7182818284590486,2.7731947639643026,2.829217014351563,2.8863709892679617,2.944679551065527,3.004166023946435,3.0648542032930037,3.1267683651861593,3.1899332761161876,3.254374202889674,3.3201169227365503,3.387187733621338,3.4556134647626764,3.5254214873653837,3.596639725569284,3.669296667619244,3.7434213772608635,3.8190435053663365,3.8961933017952157,3.9749016274947486,4.055199966844675,4.137120440251393,4.220695816996552,4.305959528345206,4.392945680918758,4.481689070338063,4.572225195142161,4.664590270988126,4.758821245137855,4.854955811237433,4.953032424395116,5.0530903165638685,5.15516951223468,5.259310844446899,5.365555971121974,5.473947391727201,5.5845284642760475,5.697343422671994,5.812437394402582,5.9298564185911475,6.049647464412942,6.171858449883551,6.296538261026654,6.423736771429133,6.553504862191143,6.685894442279267
0.9231163463866354,0.9417645335842483,0.960789439152323,0.9801986733067555,1.0000000000000004,1.0202013400267567,1.0408107741923895,1.0618365465453612,1.0832870676749604,1.1051709180756497,1.1274968515793768,1.150273798857229,1.173510870991812,1.1972173631218115,1.2214027581601716,1.2460767305873817,1.2712491503214047,1.2969300866657718,1.3231298123374364,1.3498588075760023,1.3771277643359563,1.404947590563594,1.43332941456034,1.462284589434224,1.4918246976412692,1.5219615556186334,1.552707218511335,1.584073984994481,1.6160744021928934,1.6487212707001278,1.6820276496988857,1.716006862184859,1.750672500296102,1.7860384307500743,1.8221188003905107,1.858928041846343,1.8964808793049548,1.934792334402033,1.9738777322304488,2.013752707470479,2.0544332106438903,2.095935514494367,2.1382762204968215,2.1814722654982037,2.2255409284924705,2.270499837532409,2.3163669767810955,2.3631606937057983,2.4108997064172124,2.4596031111569525,2.509290389936301,2.559981418329275,2.6116964734231205,2.664456241929421,2.7182818284590478,2.7731947639643,2.829217014351563,2.886370989267961,2.9446795510655255,3.004166023946435,3.064854203293004,3.1267683651861566,3.1899332761161867,3.254374202889672,3.320116922736549,3.3871877336213365,3.455613464762678,3.525421487365381,3.5966397255692835,3.669296667619244,3.7434213772608604,3.8190435053663334,3.8961933017952135,3.9749016274947473,4.0551999668446745,4.137120440251392,4.2206958169965505,4.305959528345203,4.392945680918755,4.481689070338062,4.572225195142158,4.664590270988122,4.758821245137854,4.854955811237431,4.953032424395115,5.053090316563869,5.155169512234684,5.259310844446898,5.365555971121971,5.473947391727197,5.584528464276053,5.697343422671986,5.812437394402588,5.92985641859114,6.049647464412944,6.171858449883551,6.2965382610266545,6.423736771429129,6.55350486219114,6.6858944422792685,6.82095846929075
0.9417645335842488,0.9607894391523218,0.9801986733067543,0.9999999999999994,1.020201340026756,1.0408107741923884,1.0618365465453603,1.08328706767496,1.1051709180756495,1.1274968515793775,1.1502737988572287,1.1735108709918118,1.197217363121812,1.2214027581601716,1.2460767305873819,1.2712491503214058,1.2969300866657718,1.3231298123374362,1.3498588075760027,1.3771277643359565,1.4049475905635926,1.4333294145603395,1.4622845894342242,1.4918246976412688,1.5219615556186328,1.5527072185113353,1.584073984994481,1.6160744021928926,1.648721270700128,1.6820276496988869,1.7160068621848583,1.750672500296101,1.7860384307500738,1.8221188003905104,1.8589280418463432,1.8964808793049526,1.9347923344020346,1.9738777322304493,2.0137527074704775,2.0544332106438903,2.095935514494368,2.138276220496821,2.1814722654982037,2.225540928492471,2.2704998375324084,2.3163669767810937,2.3631606937057983,2.4108997064172124,2.4596031111569516,2.5092903899363006,2.5599814183292735,2.6116964734231214,2.664456241929418,2.7182818284590478,2.7731947639643004,2.829217014351561,2.8863709892679603,2.944679551065526,3.0041660239464343,3.064854203293004,3.126768365186158,3.189933276116184,3.254374202889673,3.3201169227365486,3.387187733621335,3.4556134647626773,3.525421487365382,3.5966397255692795,3.6692966676192444,3.7434213772608613,3.8190435053663356,3.8961933017952117,3.974901627494746,4.055199966844674,4.1371204402513895,4.220695816996549,4.305959528345203,4.392945680918752,4.481689070338059,4.572225195142155,4.664590270988123,4.75882124513785,4.854955811237433,4.953032424395112,5.053090316563866,5.15516951223468,5.259310844446899,5.365555971121974,5.473947391727196,5.584528464276051,5.697343422671991,5.8124373944025844,5.929856418591143,6.04964746441294,6.171858449883546,6.29653826102665,6.42373677142913,6.5535048621911445,6.685894442279266,6.82095846929075,6.958750970637272
0.9607894391523233,0.9801986733067543,0.9999999999999984,1.0202013400267549,1.0408107741923882,1.0618365465453599,1.0832870676749593,1.1051709180756493,1.1274968515793777,1.1502737988572291,1.173510870991812,1.197217363121812,1.2214027581601716,1.2460767305873826,1.2712491503214056,1.2969300866657725,1.3231298123374369,1.3498588075760025,1.3771277643359567,1.4049475905635922,1.4333294145603388,1.4622845894342238,1.4918246976412695,1.521961555618632,1.5527072185113344,1.5840739849944807,1.6160744021928923,1.6487212707001273,1.6820276496988864,1.7160068621848594,1.750672500296101,1.7860384307500747,1.822118800390509,1.8589280418463432,1.8964808793049535,1.9347923344020321,1.9738777322304497,2.013752707470478,2.0544332106438885,2.095935514494367,2.138276220496822,2.1814722654982024,2.2255409284924688,2.270499837532408,2.3163669767810946,2.3631606937057965,2.4108997064172133,2.459603111156952,2.5092903899363,2.5599814183292753,2.6116964734231196,2.664456241929419,2.7182818284590473,2.773194763964298,2.829217014351562,2.886370989267958,2.944679551065525,3.0041660239464334,3.0648542032930033,3.126768365186157,3.1899332761161854,3.2543742028896694,3.3201169227365495,3.3871877336213334,3.455613464762675,3.5254214873653837,3.5966397255692812,3.669296667619243,3.743421377260862,3.819043505366338,3.896193301795216,3.974901627494744,4.0551999668446745,4.137120440251392,4.22069581699655,4.305959528345203,4.392945680918751,4.481689070338059,4.572225195142154,4.66459027098812,4.758821245137851,4.854955811237428,4.953032424395114,5.053090316563865,5.1551695122346795,5.259310844446898,5.365555971121974,5.473947391727202,5.584528464276054,5.69734342267199,5.81243739440259,5.929856418591141,6.04964746441294,6.1718584498835405,6.2965382610266465,6.423736771429126,6.553504862191145,6.685894442279268,6.8209584692907494,6.9587509706372765,7.099327065156634
0.9801986733067553,0.9999999999999987,1.0202013400267547,1.040810774192388,1.0618365465453596,1.0832870676749593,1.1051709180756486,1.1274968515793775,1.1502737988572296,1.1735108709918125,1.1972173631218124,1.2214027581601714,1.2460767305873826,1.2712491503214056,1.2969300866657727,1.3231298123374378,1.3498588075760036,1.3771277643359559,1.4049475905635935,1.43332941456034,1.4622845894342238,1.49182469764127,1.5219615556186326,1.5527072185113344,1.584073984994481,1.616074402192893,1.6487212707001289,1.682027649698887,1.7160068621848594,1.7506725002961019,1.7860384307500752,1.8221188003905107,1.8589280418463445,1.8964808793049535,1.9347923344020335,1.9738777322304488,2.0137527074704784,2.0544332106438894,2.095935514494367,2.1382762204968215,2.1814722654982046,2.2255409284924697,2.2704998375324075,2.3163669767810946,2.363160693705798,2.410899706417213,2.4596031111569525,2.5092903899363,2.5599814183292735,2.61169647342312,2.6644562419294187,2.7182818284590473,2.7731947639643004,2.8292170143515603,2.88637098926796,2.9446795510655237,3.0041660239464325,3.0648542032930033,3.1267683651861566,3.189933276116184,3.25437420288967,3.320116922736547,3.3871877336213365,3.455613464762678,3.525421487365384,3.5966397255692844,3.6692966676192458,3.7434213772608653,3.819043505366337,3.8961933017952193,3.9749016274947517,4.0551999668446745,4.137120440251397,4.220695816996554,4.305959528345205,4.392945680918757,4.481689070338064,4.572225195142158,4.664590270988125,4.758821245137851,4.854955811237431,4.953032424395112,5.053090316563867,5.1551695122346795,5.259310844446901,5.365555971121976,5.473947391727201,5.584528464276061,5.697343422671991,5.8124373944025916,5.9298564185911475,6.049647464412945,6.171858449883548,6.296538261026649,6.423736771429128,6.553504862191142,6.685894442279267,6.820958469290752,6.958750970637276,7.09932706515664,7.242742985161012
1.0,1.020201340026756,1.0408107741923882,1.0618365465453596,1.0832870676749586,1.1051709180756477,1.1274968515793755,1.1502737988572274,1.1735108709918105,1.1972173631218102,1.2214027581601699,1.246076730587381,1.271249150321405,1.2969300866657718,1.3231298123374367,1.349858807576003,1.3771277643359572,1.4049475905635935,1.4333294145603401,1.4622845894342247,1.4918246976412703,1.5219615556186343,1.5527072185113364,1.5840739849944816,1.616074402192893,1.6487212707001284,1.6820276496988866,1.7160068621848583,1.750672500296101,1.7860384307500738,1.8221188003905087,1.8589280418463425,1.896480879304951,1.9347923344020317,1.973877732230448,2.0137527074704766,2.0544332106438876,2.0959355144943643,2.1382762204968175,2.181472265498201,2.225540928492468,2.2704998375324057,2.316366976781092,2.3631606937057947,2.4108997064172106,2.45960311115695,2.5092903899362984,2.5599814183292713,2.6116964734231187,2.6644562419294178,2.718281828459045,2.773194763964298,2.8292170143515594,2.8863709892679577,2.944679551065525,3.004166023946433,3.0648542032930024,3.126768365186156,3.1899332761161845,3.2543742028896707,3.3201169227365477,3.3871877336213334,3.4556134647626755,3.5254214873653833,3.59663972556928,3.669296667619244,3.743421377260862,3.8190435053663343,3.8961933017952144,3.974901627494749,4.055199966844674,4.137120440251392,4.220695816996552,4.3059595283452055,4.392945680918755,4.4816890703380645,4.57222519514216,4.664590270988123,4.758821245137854,4.854955811237432,4.953032424395112,5.053090316563864,5.155169512234681,5.2593108444468974,5.365555971121974,5.4739473917272,5.584528464276053,5.69734342267199,5.812437394402586,5.929856418591145,6.049647464412946,6.171858449883551,6.296538261026658,6.423736771429134,6.553504862191148,6.6858944422792685,6.820958469290749,6.958750970637273,7.099327065156631,7.242742985161012,7.38905609893065
