0.0,-2.7755575615628914e-17,0.0,2.7755575615628914e-17,0.0,0.0,-5.551115123125783e-17,-2.7755575615628914e-17,-2.7755575615628914e-17,-2.7755575615628914e-17,0.0,0.0,-2.7755575615628914e-17,5.551115123125783e-17,2.7755575615628914e-17,-2.7755575615628914e-17,5.551115123125783e-17,0.0,8.326672684688674e-17,5.551115123125783e-17,2.7755575615628914e-17,2.7755575615628914e-17,8.326672684688674e-17,0.0,0.0,5.551115123125783e-17,2.7755575615628914e-17,-2.7755575615628914e-17,2.7755575615628914e-17,0.0,0.0,0.0,-1.1102230246251565e-16,0.0,5.551115123125783e-17,-5.551115123125783e-17,-5.551115123125783e-17,-1.1102230246251565e-16,-1.6653345369377348e-16,-1.1102230246251565e-16,5.551115123125783e-17,-1.1102230246251565e-16,-1.6653345369377348e-16,5.551115123125783e-17,5.551115123125783e-17,0.0,5.551115123125783e-17,0.0,0.0,1.1102230246251565e-16,-5.551115123125783e-17,0.0,0.0,-1.6653345369377348e-16,5.551115123125783e-17,0.0,0.0,-5.551115123125783e-17,-5.551115123125783e-17,-1.1102230246251565e-16,0.0,-1.1102230246251565e-16,1.1102230246251565e-16,1.6653345369377348e-16,-1.1102230246251565e-16,0.0,0.0,1.1102230246251565e-16,-1.1102230246251565e-16,0.0,0.0,1.1102230246251565e-16,3.3306690738754696e-16,1.1102230246251565e-16,0.0,1.1102230246251565e-16,1.1102230246251565e-16,0.0,1.1102230246251565e-16,-1.1102230246251565e-16,-1.1102230246251565e-16,-1.1102230246251565e-16,2.220446049250313e-16,0.0,-1.1102230246251565e-16,1.1102230246251565e-16,0.0,2.220446049250313e-16,-3.3306690738754696e-16,-1.1102230246251565e-16,-2.220446049250313e-16,-1.1102230246251565e-16,1.1102230246251565e-16,-1.1102230246251565e-16,1.1102230246251565e-16,-2.220446049250313e-16,-1.1102230246251565e-16,1.1102230246251565e-16,0.0,-2.220446049250313e-16,0.0
-5.551115123125783e-17,0.0,-2.7755575615628914e-17,-2.7755575615628914e-17,2.7755575615628914e-17,1.1102230246251565e-16,1.942890293094024e-16,3.0531133177191805e-16,2.7755575615628914e-16,3.608224830031759e-16,3.3306690738754696e-16,2.7755575615628914e-16,3.3306690738754696e-16,2.220446049250313e-16,2.220446049250313e-16,1.942890293094024e-16,2.498001805406602e-16,2.220446049250313e-16,2.498001805406602e-16,2.7755575615628914e-16,3.3306690738754696e-16,4.163336342344337e-16,3.0531133177191805e-16,2.220446049250313e-16,1.6653345369377348e-16,2.498001805406602e-16,1.6653345369377348e-16,5.551115123125783e-17,0.0,5.551115123125783e-17,0.0,0.0,-5.551115123125783e-17,5.551115123125783e-17,1.6653345369377348e-16,1.6653345369377348e-16,2.220446049250313e-16,3.885780586188048e-16,2.7755575615628914e-16,3.885780586188048e-16,4.996003610813204e-16,3.3306690738754696e-16,2.220446049250313e-16,3.885780586188048e-16,3.885780586188048e-16,3.885780586188048e-16,2.220446049250313e-16,1.6653345369377348e-16,1.6653345369377348e-16,0.0,0.0,-5.551115123125783e-17,0.0,0.0,-1.1102230246251565e-16,1.6653345369377348e-16,2.7755575615628914e-16,3.3306690738754696e-16,4.996003610813204e-16,7.216449660063518e-16,5.551115123125783e-16,5.551115123125783e-16,8.326672684688674e-16,7.771561172376096e-16,4.996003610813204e-16,3.3306690738754696e-16,2.220446049250313e-16,-1.1102230246251565e-16,0.0,-4.440892098500626e-16,-3.3306690738754696e-16,-6.661338147750939e-16,-5.551115123125783e-16,-8.881784197001252e-16,-5.551115123125783e-16,-5.551115123125783e-16,-5.551115123125783e-16,-4.440892098500626e-16,-3.3306690738754696e-16,-2.220446049250313e-16,1.1102230246251565e-16,3.3306690738754696e-16,7.771561172376096e-16,9.992007221626409e-16,8.881784197001252e-16,1.2212453270876722e-15,6.661338147750939e-16,7.771561172376096e-16,2.220446049250313e-16,-1.1102230246251565e-16,-4.440892098500626e-16,-6.661338147750939e-16,-1.1102230246251565e-15,-1.3322676295501878e-15,-1.3322676295501878e-15,-6.661338147750939e-16,-4.440892098500626e-16,-3.3306690738754696e-16,1.1102230246251565e-16,0.0,0.0
-5.551115123125783e-17,0.0,0.0,5.551115123125783e-17,5.551115123125783e-17,1.1102230246251565e-16,2.220446049250313e-16,2.7755575615628914e-16,3.3306690738754696e-16,3.3306690738754696e-16,3.3306690738754696e-16,3.0531133177191805e-16,3.608224830031759e-16,2.7755575615628914e-16,3.608224830031759e-16,3.0531133177191805e-16,4.163336342344337e-16,3.3306690738754696e-16,3.885780586188048e-16,3.885780586188048e-16,3.0531133177191805e-16,3.885780586188048e-16,3.608224830031759e-16,2.7755575615628914e-16,1.6653345369377348e-16,2.220446049250313e-16,1.6653345369377348e-16,1.1102230246251565e-16,8.326672684688674e-17,2.220446049250313e-16,5.551115123125783e-17,2.220446049250313e-16,1.1102230246251565e-16,3.3306690738754696e-16,3.885780586188048e-16,4.440892098500626e-16,4.996003610813204e-16,6.106226635438361e-16,5.551115123125783e-16,7.216449660063518e-16,7.216449660063518e-16,6.106226635438361e-16,6.106226635438361e-16,6.106226635438361e-16,6.661338147750939e-16,4.996003610813204e-16,4.440892098500626e-16,4.996003610813204e-16,3.3306690738754696e-16,2.220446049250313e-16,2.220446049250313e-16,2.220446049250313e-16,1.6653345369377348e-16,1.6653345369377348e-16,1.6653345369377348e-16,3.885780586188048e-16,4.996003610813204e-16,4.996003610813204e-16,6.661338147750939e-16,8.326672684688674e-16,8.881784197001252e-16,8.881784197001252e-16,1.1102230246251565e-15,1.0547118733938987e-15,8.881784197001252e-16,6.661338147750939e-16,6.661338147750939e-16,4.440892098500626e-16,4.440892098500626e-16,0.0,2.220446049250313e-16,-2.220446049250313e-16,-2.220446049250313e-16,-2.220446049250313e-16,-2.220446049250313e-16,-2.220446049250313e-16,-4.440892098500626e-16,-5.551115123125783e-16,-1.1102230246251565e-16,-1.1102230246251565e-16,2.220446049250313e-16,1.1102230246251565e-16,6.661338147750939e-16,5.551115123125783e-16,7.771561172376096e-16,7.771561172376096e-16,5.551115123125783e-16,5.551115123125783e-16,1.1102230246251565e-16,6.661338147750939e-16,0.0,0.0,-4.440892098500626e-16,-5.551115123125783e-16,-2.220446049250313e-16,-2.220446049250313e-16,0.0,-1.1102230246251565e-16,-1.1102230246251565e-16,0.0,0.0
0.0,-2.7755575615628914e-17,2.7755575615628914e-17,1.942890293094024e-16,1.3877787807814457e-16,1.942890293094024e-16,1.942890293094024e-16,3.0531133177191805e-16,3.0531133177191805e-16,3.3306690738754696e-16,4.718447854656915e-16,4.163336342344337e-16,4.440892098500626e-16,4.440892098500626e-16,4.440892098500626e-16,4.996003610813204e-16,5.828670879282072e-16,5.551115123125783e-16,5.828670879282072e-16,5.551115123125783e-16,4.163336342344337e-16,5.273559366969494e-16,5.551115123125783e-16,4.163336342344337e-16,3.0531133177191805e-16,3.3306690738754696e-16,3.885780586188048e-16,3.3306690738754696e-16,2.7755575615628914e-16,3.3306690738754696e-16,3.3306690738754696e-16,5.551115123125783e-16,3.3306690738754696e-16,5.551115123125783e-16,6.106226635438361e-16,6.106226635438361e-16,7.216449660063518e-16,6.661338147750939e-16,8.326672684688674e-16,8.881784197001252e-16,9.992007221626409e-16,8.326672684688674e-16,8.881784197001252e-16,8.326672684688674e-16,9.43689570931383e-16,6.661338147750939e-16,8.326672684688674e-16,7.771561172376096e-16,6.106226635438361e-16,6.106226635438361e-16,4.996003610813204e-16,5.551115123125783e-16,4.440892098500626e-16,5.551115123125783e-16,7.216449660063518e-16,7.216449660063518e-16,7.771561172376096e-16,8.326672684688674e-16,8.881784197001252e-16,9.992007221626409e-16,1.1657341758564144e-15,1.1657341758564144e-15,1.3322676295501878e-15,1.1102230246251565e-15,9.992007221626409e-16,1.1102230246251565e-15,1.1102230246251565e-15,9.992007221626409e-16,8.881784197001252e-16,6.661338147750939e-16,6.661338147750939e-16,5.551115123125783e-16,6.661338147750939e-16,5.551115123125783e-16,4.440892098500626e-16,4.440892098500626e-16,2.220446049250313e-16,1.1102230246251565e-16,4.440892098500626e-16,2.220446049250313e-16,2.220446049250313e-16,4.440892098500626e-16,7.771561172376096e-16,5.551115123125783e-16,7.771561172376096e-16,7.771561172376096e-16,6.661338147750939e-16,3.3306690738754696e-16,4.440892098500626e-16,8.881784197001252e-16,3.3306690738754696e-16,6.661338147750939e-16,7.771561172376096e-16,4.440892098500626e-16,6.661338147750939e-16,3.3306690738754696e-16,4.440892098500626e-16,2.220446049250313e-16,2.220446049250313e-16,0.0,2.220446049250313e-16
0.0,0.0,5.551115123125783e-17,1.6653345369377348e-16,2.220446049250313e-16,2.220446049250313e-16,2.220446049250313e-16,3.608224830031759e-16,3.608224830031759e-16,4.163336342344337e-16,4.718447854656915e-16,5.273559366969494e-16,4.996003610813204e-16,5.551115123125783e-16,5.828670879282072e-16,6.38378239159465e-16,6.938893903907228e-16,6.938893903907228e-16,6.38378239159465e-16,6.938893903907228e-16,5.273559366969494e-16,6.38378239159465e-16,5.828670879282072e-16,4.996003610813204e-16,4.163336342344337e-16,4.996003610813204e-16,4.996003610813204e-16,4.996003610813204e-16,5.551115123125783e-16,4.996003610813204e-16,5.551115123125783e-16,5.551115123125783e-16,5.551115123125783e-16,6.661338147750939e-16,7.771561172376096e-16,6.661338147750939e-16,7.771561172376096e-16,8.326672684688674e-16,8.326672684688674e-16,9.992007221626409e-16,9.992007221626409e-16,8.881784197001252e-16,9.992007221626409e-16,8.881784197001252e-16,8.881784197001252e-16,8.326672684688674e-16,9.992007221626409e-16,7.771561172376096e-16,7.216449660063518e-16,8.326672684688674e-16,8.326672684688674e-16,6.661338147750939e-16,7.216449660063518e-16,8.326672684688674e-16,8.881784197001252e-16,9.43689570931383e-16,8.881784197001252e-16,9.43689570931383e-16,9.992007221626409e-16,1.0547118733938987e-15,1.2212453270876722e-15,9.992007221626409e-16,1.4432899320127035e-15,1.3322676295501878e-15,1.1102230246251565e-15,1.4432899320127035e-15,1.2212453270876722e-15,1.1102230246251565e-15,1.1102230246251565e-15,8.881784197001252e-16,8.881784197001252e-16,6.661338147750939e-16,7.771561172376096e-16,8.881784197001252e-16,6.661338147750939e-16,6.661338147750939e-16,5.551115123125783e-16,3.3306690738754696e-16,5.551115123125783e-16,4.440892098500626e-16,2.220446049250313e-16,4.440892098500626e-16,7.771561172376096e-16,3.3306690738754696e-16,7.771561172376096e-16,6.661338147750939e-16,6.661338147750939e-16,1.1102230246251565e-16,4.440892098500626e-16,1.1102230246251565e-15,4.440892098500626e-16,5.551115123125783e-16,9.992007221626409e-16,8.881784197001252e-16,8.881784197001252e-16,6.661338147750939e-16,4.440892098500626e-16,4.440892098500626e-16,0.0,2.220446049250313e-16,0.0
0.0,2.7755575615628914e-17,5.551115123125783e-17,1.6653345369377348e-16,1.942890293094024e-16,2.498001805406602e-16,1.942890293094024e-16,2.7755575615628914e-16,3.885780586188048e-16,4.163336342344337e-16,4.718447854656915e-16,4.996003610813204e-16,5.273559366969494e-16,5.273559366969494e-16,6.106226635438361e-16,6.661338147750939e-16,7.216449660063518e-16,6.38378239159465e-16,7.216449660063518e-16,7.216449660063518e-16,6.661338147750939e-16,7.216449660063518e-16,6.661338147750939e-16,5.828670879282072e-16,4.996003610813204e-16,5.828670879282072e-16,6.106226635438361e-16,4.440892098500626e-16,5.551115123125783e-16,5.551115123125783e-16,5.551115123125783e-16,6.106226635438361e-16,4.996003610813204e-16,7.771561172376096e-16,7.216449660063518e-16,6.106226635438361e-16,6.661338147750939e-16,7.771561172376096e-16,7.216449660063518e-16,9.43689570931383e-16,8.881784197001252e-16,6.661338147750939e-16,8.326672684688674e-16,6.661338147750939e-16,8.326672684688674e-16,7.216449660063518e-16,8.326672684688674e-16,7.216449660063518e-16,6.661338147750939e-16,8.326672684688674e-16,6.661338147750939e-16,6.106226635438361e-16,8.881784197001252e-16,8.326672684688674e-16,1.0547118733938987e-15,8.881784197001252e-16,9.43689570931383e-16,8.881784197001252e-16,9.992007221626409e-16,9.43689570931383e-16,1.1657341758564144e-15,9.992007221626409e-16,1.2212453270876722e-15,1.1102230246251565e-15,8.881784197001252e-16,1.2212453270876722e-15,1.1102230246251565e-15,9.992007221626409e-16,8.881784197001252e-16,5.551115123125783e-16,6.661338147750939e-16,4.440892098500626e-16,6.661338147750939e-16,5.551115123125783e-16,6.661338147750939e-16,5.551115123125783e-16,3.3306690738754696e-16,6.661338147750939e-16,4.440892098500626e-16,5.551115123125783e-16,2.220446049250313e-16,4.440892098500626e-16,5.551115123125783e-16,1.1102230246251565e-16,8.881784197001252e-16,5.551115123125783e-16,1.1102230246251565e-16,-2.220446049250313e-16,0.0,3.3306690738754696e-16,2.220446049250313e-16,0.0,7.771561172376096e-16,5.551115123125783e-16,6.661338147750939e-16,4.440892098500626e-16,4.440892098500626e-16,4.440892098500626e-16,0.0,0.0,-2.220446049250313e-16
0.0,-2.7755575615628914e-17,8.326672684688674e-17,1.1102230246251565e-16,1.942890293094024e-16,2.7755575615628914e-16,2.7755575615628914e-16,3.3306690738754696e-16,3.885780586188048e-16,4.163336342344337e-16,4.440892098500626e-16,5.551115123125783e-16,5.273559366969494e-16,6.106226635438361e-16,7.216449660063518e-16,6.938893903907228e-16,7.771561172376096e-16,7.216449660063518e-16,7.771561172376096e-16,7.771561172376096e-16,7.494005416219807e-16,8.049116928532385e-16,7.494005416219807e-16,6.661338147750939e-16,5.828670879282072e-16,6.661338147750939e-16,6.661338147750939e-16,6.106226635438361e-16,7.216449660063518e-16,6.106226635438361e-16,6.661338147750939e-16,6.661338147750939e-16,7.216449660063518e-16,7.216449660063518e-16,6.661338147750939e-16,5.551115123125783e-16,6.661338147750939e-16,7.771561172376096e-16,6.106226635438361e-16,8.326672684688674e-16,8.881784197001252e-16,6.106226635438361e-16,6.661338147750939e-16,6.106226635438361e-16,7.771561172376096e-16,6.661338147750939e-16,7.771561172376096e-16,6.106226635438361e-16,6.661338147750939e-16,8.326672684688674e-16,7.771561172376096e-16,6.106226635438361e-16,9.43689570931383e-16,8.326672684688674e-16,8.881784197001252e-16,7.771561172376096e-16,9.992007221626409e-16,9.992007221626409e-16,1.0547118733938987e-15,1.1102230246251565e-15,1.2212453270876722e-15,8.881784197001252e-16,1.2212453270876722e-15,1.1102230246251565e-15,7.771561172376096e-16,9.992007221626409e-16,1.1102230246251565e-15,7.771561172376096e-16,6.661338147750939e-16,6.661338147750939e-16,5.551115123125783e-16,3.3306690738754696e-16,4.440892098500626e-16,4.440892098500626e-16,4.440892098500626e-16,8.881784197001252e-16,5.551115123125783e-16,4.440892098500626e-16,6.661338147750939e-16,5.551115123125783e-16,4.440892098500626e-16,5.551115123125783e-16,5.551115123125783e-16,4.440892098500626e-16,7.771561172376096e-16,4.440892098500626e-16,1.1102230246251565e-16,-3.3306690738754696e-16,-1.1102230246251565e-16,-3.3306690738754696e-16,-2.220446049250313e-16,-5.551115123125783e-16,1.1102230246251565e-16,3.3306690738754696e-16,4.440892098500626e-16,2.220446049250313e-16,4.440892098500626e-16,6.661338147750939e-16,0.0,0.0,0.0
0.0,2.7755575615628914e-17,5.551115123125783e-17,1.942890293094024e-16,2.220446049250313e-16,2.498001805406602e-16,3.3306690738754696e-16,3.885780586188048e-16,4.163336342344337e-16,4.996003610813204e-16,4.718447854656915e-16,5.828670879282072e-16,5.828670879282072e-16,6.38378239159465e-16,6.938893903907228e-16,6.938893903907228e-16,7.494005416219807e-16,7.771561172376096e-16,8.326672684688674e-16,8.049116928532385e-16,8.049116928532385e-16,8.604228440844963e-16,8.049116928532385e-16,7.494005416219807e-16,6.106226635438361e-16,6.661338147750939e-16,7.216449660063518e-16,6.661338147750939e-16,7.771561172376096e-16,6.661338147750939e-16,6.106226635438361e-16,7.771561172376096e-16,6.106226635438361e-16,7.216449660063518e-16,7.216449660063518e-16,5.551115123125783e-16,6.661338147750939e-16,7.216449660063518e-16,5.551115123125783e-16,8.326672684688674e-16,8.881784197001252e-16,5.551115123125783e-16,5.551115123125783e-16,4.996003610813204e-16,7.216449660063518e-16,6.106226635438361e-16,6.661338147750939e-16,6.106226635438361e-16,5.551115123125783e-16,7.216449660063518e-16,7.216449660063518e-16,4.996003610813204e-16,9.43689570931383e-16,8.881784197001252e-16,1.0547118733938987e-15,8.881784197001252e-16,9.43689570931383e-16,9.992007221626409e-16,1.0547118733938987e-15,1.1102230246251565e-15,1.1102230246251565e-15,9.992007221626409e-16,1.1102230246251565e-15,9.992007221626409e-16,7.771561172376096e-16,9.992007221626409e-16,8.881784197001252e-16,6.661338147750939e-16,6.661338147750939e-16,7.771561172376096e-16,4.440892098500626e-16,3.3306690738754696e-16,5.551115123125783e-16,4.440892098500626e-16,5.551115123125783e-16,7.771561172376096e-16,5.551115123125783e-16,5.551115123125783e-16,4.440892098500626e-16,5.551115123125783e-16,7.771561172376096e-16,3.3306690738754696e-16,7.771561172376096e-16,2.220446049250313e-16,5.551115123125783e-16,6.661338147750939e-16,-2.220446049250313e-16,-1.1102230246251565e-16,-4.440892098500626e-16,-6.661338147750939e-16,-5.551115123125783e-16,-7.771561172376096e-16,-2.220446049250313e-16,-2.220446049250313e-16,4.440892098500626e-16,2.220446049250313e-16,4.440892098500626e-16,6.661338147750939e-16,0.0,2.220446049250313e-16,0.0
-2.7755575615628914e-17,-5.551115123125783e-17,2.7755575615628914e-17,1.942890293094024e-16,2.498001805406602e-16,3.0531133177191805e-16,3.3306690738754696e-16,4.163336342344337e-16,3.885780586188048e-16,4.440892098500626e-16,4.718447854656915e-16,5.273559366969494e-16,5.551115123125783e-16,6.106226635438361e-16,7.216449660063518e-16,6.938893903907228e-16,8.049116928532385e-16,6.661338147750939e-16,7.771561172376096e-16,6.938893903907228e-16,8.604228440844963e-16,8.604228440844963e-16,7.494005416219807e-16,7.216449660063518e-16,5.551115123125783e-16,6.106226635438361e-16,7.771561172376096e-16,6.661338147750939e-16,7.771561172376096e-16,7.216449660063518e-16,6.661338147750939e-16,7.216449660063518e-16,6.106226635438361e-16,7.216449660063518e-16,6.661338147750939e-16,5.551115123125783e-16,6.661338147750939e-16,6.106226635438361e-16,5.551115123125783e-16,7.771561172376096e-16,7.216449660063518e-16,4.996003610813204e-16,4.440892098500626e-16,3.885780586188048e-16,7.771561172376096e-16,5.551115123125783e-16,5.551115123125783e-16,3.885780586188048e-16,4.440892098500626e-16,6.106226635438361e-16,6.106226635438361e-16,4.440892098500626e-16,8.881784197001252e-16,7.216449660063518e-16,8.326672684688674e-16,7.771561172376096e-16,7.771561172376096e-16,9.43689570931383e-16,7.771561172376096e-16,1.1102230246251565e-15,9.992007221626409e-16,7.771561172376096e-16,9.992007221626409e-16,1.1102230246251565e-15,7.771561172376096e-16,6.661338147750939e-16,7.771561172376096e-16,6.661338147750939e-16,7.771561172376096e-16,8.881784197001252e-16,5.551115123125783e-16,4.440892098500626e-16,4.440892098500626e-16,3.3306690738754696e-16,3.3306690738754696e-16,7.771561172376096e-16,5.551115123125783e-16,5.551115123125783e-16,6.661338147750939e-16,5.551115123125783e-16,5.551115123125783e-16,2.220446049250313e-16,4.440892098500626e-16,0.0,2.220446049250313e-16,0.0,-4.440892098500626e-16,-5.551115123125783e-16,-6.661338147750939e-16,-5.551115123125783e-16,-5.551115123125783e-16,-9.992007221626409e-16,0.0,-2.220446049250313e-16,0.0,2.220446049250313e-16,2.220446049250313e-16,2.220446049250313e-16,0.0,-2.220446049250313e-16,0.0
-8.326672684688674e-17,-5.551115123125783e-17,5.551115123125783e-17,2.498001805406602e-16,3.0531133177191805e-16,3.608224830031759e-16,3.885780586188048e-16,4.996003610813204e-16,4.163336342344337e-16,5.273559366969494e-16,4.996003610813204e-16,5.551115123125783e-16,6.38378239159465e-16,6.938893903907228e-16,7.216449660063518e-16,7.216449660063518e-16,7.494005416219807e-16,7.216449660063518e-16,8.604228440844963e-16,7.216449660063518e-16,8.049116928532385e-16,8.049116928532385e-16,7.771561172376096e-16,7.216449660063518e-16,5.551115123125783e-16,7.216449660063518e-16,7.771561172376096e-16,7.216449660063518e-16,7.771561172376096e-16,8.326672684688674e-16,8.326672684688674e-16,8.326672684688674e-16,7.216449660063518e-16,7.771561172376096e-16,7.216449660063518e-16,7.216449660063518e-16,7.771561172376096e-16,8.326672684688674e-16,7.771561172376096e-16,7.216449660063518e-16,8.326672684688674e-16,4.996003610813204e-16,4.996003610813204e-16,4.996003610813204e-16,6.661338147750939e-16,7.216449660063518e-16,6.106226635438361e-16,6.106226635438361e-16,4.996003610813204e-16,7.771561172376096e-16,6.661338147750939e-16,5.551115123125783e-16,8.326672684688674e-16,7.771561172376096e-16,8.326672684688674e-16,8.326672684688674e-16,8.881784197001252e-16,8.881784197001252e-16,9.992007221626409e-16,9.992007221626409e-16,8.881784197001252e-16,6.661338147750939e-16,1.2212453270876722e-15,1.1102230246251565e-15,7.771561172376096e-16,8.881784197001252e-16,9.992007221626409e-16,7.771561172376096e-16,9.992007221626409e-16,1.1102230246251565e-15,6.661338147750939e-16,5.551115123125783e-16,6.661338147750939e-16,6.661338147750939e-16,6.661338147750939e-16,8.881784197001252e-16,8.881784197001252e-16,4.440892098500626e-16,6.661338147750939e-16,4.440892098500626e-16,6.661338147750939e-16,3.3306690738754696e-16,2.220446049250313e-16,0.0,3.3306690738754696e-16,2.220446049250313e-16,-7.771561172376096e-16,-1.1102230246251565e-16,-7.771561172376096e-16,-2.220446049250313e-16,-1.1102230246251565e-16,-5.551115123125783e-16,4.440892098500626e-16,2.220446049250313e-16,4.440892098500626e-16,2.220446049250313e-16,0.0,4.440892098500626e-16,-4.440892098500626e-16,-2.220446049250313e-16,0.0
-2.7755575615628914e-17,-2.7755575615628914e-17,8.326672684688674e-17,3.3306690738754696e-16,4.163336342344337e-16,4.996003610813204e-16,4.718447854656915e-16,5.828670879282072e-16,5.828670879282072e-16,5.828670879282072e-16,6.661338147750939e-16,6.38378239159465e-16,6.938893903907228e-16,7.216449660063518e-16,7.771561172376096e-16,8.049116928532385e-16,8.326672684688674e-16,7.771561172376096e-16,9.159339953157541e-16,7.216449660063518e-16,8.604228440844963e-16,7.771561172376096e-16,8.326672684688674e-16,7.771561172376096e-16,7.216449660063518e-16,8.881784197001252e-16,8.881784197001252e-16,8.326672684688674e-16,8.881784197001252e-16,8.881784197001252e-16,9.992007221626409e-16,1.0547118733938987e-15,9.43689570931383e-16,9.992007221626409e-16,8.881784197001252e-16,8.881784197001252e-16,8.881784197001252e-16,9.992007221626409e-16,7.771561172376096e-16,8.326672684688674e-16,1.1102230246251565e-15,6.106226635438361e-16,7.771561172376096e-16,6.661338147750939e-16,8.881784197001252e-16,7.771561172376096e-16,7.216449660063518e-16,8.326672684688674e-16,8.881784197001252e-16,1.0547118733938987e-15,8.881784197001252e-16,8.881784197001252e-16,1.0547118733938987e-15,9.992007221626409e-16,9.992007221626409e-16,1.1657341758564144e-15,9.992007221626409e-16,9.992007221626409e-16,1.2212453270876722e-15,1.2212453270876722e-15,1.1102230246251565e-15,8.881784197001252e-16,1.3322676295501878e-15,1.3322676295501878e-15,9.992007221626409e-16,9.992007221626409e-16,1.2212453270876722e-15,1.1102230246251565e-15,1.2212453270876722e-15,1.6653345369377348e-15,1.1102230246251565e-15,9.992007221626409e-16,1.2212453270876722e-15,1.2212453270876722e-15,9.992007221626409e-16,1.2212453270876722e-15,9.992007221626409e-16,7.771561172376096e-16,8.881784197001252e-16,8.881784197001252e-16,6.661338147750939e-16,1.1102230246251565e-16,2.220446049250313e-16,-2.220446049250313e-16,2.220446049250313e-16,0.0,-5.551115123125783e-16,2.220446049250313e-16,-3.3306690738754696e-16,1.1102230246251565e-16,2.220446049250313e-16,0.0,8.881784197001252e-16,4.440892098500626e-16,8.881784197001252e-16,4.440892098500626e-16,4.440892098500626e-16,4.440892098500626e-16,0.0,0.0,2.220446049250313e-16
2.7755575615628914e-17,0.0,1.942890293094024e-16,3.885780586188048e-16,5.273559366969494e-16,6.106226635438361e-16,5.551115123125783e-16,6.938893903907228e-16,7.216449660063518e-16,6.938893903907228e-16,6.938893903907228e-16,6.938893903907228e-16,8.326672684688674e-16,8.881784197001252e-16,8.326672684688674e-16,8.881784197001252e-16,9.43689570931383e-16,8.326672684688674e-16,9.159339953157541e-16,8.049116928532385e-16,8.326672684688674e-16,7.216449660063518e-16,8.881784197001252e-16,8.881784197001252e-16,8.881784197001252e-16,9.992007221626409e-16,8.881784197001252e-16,9.992007221626409e-16,1.0547118733938987e-15,9.992007221626409e-16,1.2212453270876722e-15,1.1657341758564144e-15,1.1657341758564144e-15,1.0547118733938987e-15,1.1102230246251565e-15,1.1102230246251565e-15,1.1102230246251565e-15,1.1102230246251565e-15,9.992007221626409e-16,1.0547118733938987e-15,1.1657341758564144e-15,8.881784197001252e-16,9.43689570931383e-16,8.881784197001252e-16,1.1657341758564144e-15,1.0547118733938987e-15,1.0547118733938987e-15,1.0547118733938987e-15,1.1657341758564144e-15,1.2212453270876722e-15,1.0547118733938987e-15,1.1102230246251565e-15,1.2212453270876722e-15,1.1102230246251565e-15,1.27675647831893e-15,1.3322676295501878e-15,1.3322676295501878e-15,1.3322676295501878e-15,1.4432899320127035e-15,1.3322676295501878e-15,1.2212453270876722e-15,1.2212453270876722e-15,1.5543122344752192e-15,1.4432899320127035e-15,1.4432899320127035e-15,1.1102230246251565e-15,1.4432899320127035e-15,1.2212453270876722e-15,1.6653345369377348e-15,1.887379141862766e-15,1.6653345369377348e-15,1.5543122344752192e-15,1.6653345369377348e-15,1.3322676295501878e-15,1.3322676295501878e-15,1.4432899320127035e-15,1.5543122344752192e-15,8.881784197001252e-16,1.2212453270876722e-15,9.992007221626409e-16,6.661338147750939e-16,2.220446049250313e-16,3.3306690738754696e-16,0.0,1.1102230246251565e-16,2.220446049250313e-16,-3.3306690738754696e-16,5.551115123125783e-16,0.0,8.881784197001252e-16,8.881784197001252e-16,4.440892098500626e-16,1.7763568394002505e-15,1.5543122344752192e-15,1.5543122344752192e-15,8.881784197001252e-16,4.440892098500626e-16,4.440892098500626e-16,-4.440892098500626e-16,0.0,4.440892098500626e-16
-5.551115123125783e-17,5.551115123125783e-17,1.6653345369377348e-16,4.440892098500626e-16,4.718447854656915e-16,6.106226635438361e-16,6.106226635438361e-16,6.938893903907228e-16,7.771561172376096e-16,7.494005416219807e-16,7.216449660063518e-16,7.494005416219807e-16,9.159339953157541e-16,8.604228440844963e-16,9.159339953157541e-16,9.159339953157541e-16,8.881784197001252e-16,8.604228440844963e-16,8.881784197001252e-16,8.326672684688674e-16,7.771561172376096e-16,8.326672684688674e-16,8.881784197001252e-16,8.881784197001252e-16,8.881784197001252e-16,9.43689570931383e-16,1.1102230246251565e-15,9.992007221626409e-16,1.1102230246251565e-15,1.0547118733938987e-15,1.27675647831893e-15,1.1657341758564144e-15,1.1657341758564144e-15,1.1657341758564144e-15,1.0547118733938987e-15,1.1102230246251565e-15,9.992007221626409e-16,1.1102230246251565e-15,1.1102230246251565e-15,1.1102230246251565e-15,9.992007221626409e-16,8.881784197001252e-16,1.0547118733938987e-15,8.326672684688674e-16,1.1102230246251565e-15,1.1102230246251565e-15,1.0547118733938987e-15,1.1657341758564144e-15,1.2212453270876722e-15,1.3877787807814457e-15,1.1102230246251565e-15,1.27675647831893e-15,1.27675647831893e-15,1.2212453270876722e-15,1.2212453270876722e-15,1.3322676295501878e-15,1.1102230246251565e-15,1.2212453270876722e-15,1.3322676295501878e-15,1.2212453270876722e-15,1.1102230246251565e-15,1.1102230246251565e-15,1.4432899320127035e-15,1.3322676295501878e-15,1.1102230246251565e-15,1.2212453270876722e-15,1.2212453270876722e-15,1.3322676295501878e-15,1.5543122344752192e-15,1.887379141862766e-15,1.887379141862766e-15,1.5543122344752192e-15,1.5543122344752192e-15,1.2212453270876722e-15,1.2212453270876722e-15,1.1102230246251565e-15,1.2212453270876722e-15,7.771561172376096e-16,8.881784197001252e-16,7.771561172376096e-16,1.1102230246251565e-16,1.1102230246251565e-16,2.220446049250313e-16,-2.220446049250313e-16,-2.220446049250313e-16,1.1102230246251565e-16,-3.3306690738754696e-16,5.551115123125783e-16,0.0,6.661338147750939e-16,1.3322676295501878e-15,6.661338147750939e-16,2.220446049250313e-15,1.1102230246251565e-15,1.3322676295501878e-15,6.661338147750939e-16,6.661338147750939e-16,0.0,-6.661338147750939e-16,-6.661338147750939e-16,-4.440892098500626e-16
-2.7755575615628914e-17,8.326672684688674e-17,2.498001805406602e-16,4.718447854656915e-16,5.551115123125783e-16,6.38378239159465e-16,6.938893903907228e-16,7.771561172376096e-16,8.326672684688674e-16,8.326672684688674e-16,8.049116928532385e-16,9.159339953157541e-16,9.992007221626409e-16,9.43689570931383e-16,9.159339953157541e-16,9.992007221626409e-16,9.43689570931383e-16,8.881784197001252e-16,8.881784197001252e-16,8.326672684688674e-16,8.326672684688674e-16,8.326672684688674e-16,8.326672684688674e-16,8.326672684688674e-16,9.43689570931383e-16,9.992007221626409e-16,9.992007221626409e-16,1.0547118733938987e-15,1.1657341758564144e-15,1.1657341758564144e-15,1.3877787807814457e-15,1.2212453270876722e-15,1.27675647831893e-15,1.3877787807814457e-15,1.2212453270876722e-15,1.2212453270876722e-15,1.2212453270876722e-15,1.3322676295501878e-15,1.0547118733938987e-15,1.0547118733938987e-15,1.1102230246251565e-15,9.992007221626409e-16,1.1102230246251565e-15,1.0547118733938987e-15,1.3322676295501878e-15,1.27675647831893e-15,1.2212453270876722e-15,1.27675647831893e-15,1.4988010832439613e-15,1.3877787807814457e-15,1.3877787807814457e-15,1.27675647831893e-15,1.4432899320127035e-15,1.4432899320127035e-15,1.5543122344752192e-15,1.5543122344752192e-15,1.3322676295501878e-15,1.2212453270876722e-15,1.5543122344752192e-15,1.1102230246251565e-15,1.4432899320127035e-15,1.1102230246251565e-15,1.4432899320127035e-15,1.3322676295501878e-15,1.2212453270876722e-15,1.1102230246251565e-15,1.5543122344752192e-15,1.3322676295501878e-15,1.6653345369377348e-15,1.7763568394002505e-15,1.4432899320127035e-15,1.3322676295501878e-15,1.5543122344752192e-15,1.3322676295501878e-15,1.2212453270876722e-15,1.3322676295501878e-15,1.1102230246251565e-15,6.661338147750939e-16,9.992007221626409e-16,5.551115123125783e-16,0.0,0.0,2.220446049250313e-16,-3.3306690738754696e-16,-2.220446049250313e-16,2.220446049250313e-16,0.0,6.661338147750939e-16,2.220446049250313e-16,1.1102230246251565e-15,1.3322676295501878e-15,1.3322676295501878e-15,2.220446049250313e-15,1.3322676295501878e-15,1.1102230246251565e-15,4.440892098500626e-16,6.661338147750939e-16,-2.220446049250313e-16,-6.661338147750939e-16,-6.661338147750939e-16,-2.220446049250313e-16
-2.7755575615628914e-17,1.1102230246251565e-16,3.0531133177191805e-16,4.718447854656915e-16,6.106226635438361e-16,6.938893903907228e-16,7.216449660063518e-16,8.326672684688674e-16,8.881784197001252e-16,8.881784197001252e-16,9.43689570931383e-16,9.71445146547012e-16,1.1379786002407855e-15,1.0824674490095276e-15,9.992007221626409e-16,1.0824674490095276e-15,1.0824674490095276e-15,9.43689570931383e-16,8.881784197001252e-16,8.881784197001252e-16,8.881784197001252e-16,9.43689570931383e-16,8.326672684688674e-16,8.881784197001252e-16,9.992007221626409e-16,1.1657341758564144e-15,1.0547118733938987e-15,1.1102230246251565e-15,1.2212453270876722e-15,1.2212453270876722e-15,1.3322676295501878e-15,1.3322676295501878e-15,1.4432899320127035e-15,1.3322676295501878e-15,1.27675647831893e-15,1.27675647831893e-15,1.27675647831893e-15,1.3877787807814457e-15,1.1102230246251565e-15,1.2212453270876722e-15,1.27675647831893e-15,9.992007221626409e-16,1.1102230246251565e-15,1.0547118733938987e-15,1.3877787807814457e-15,1.27675647831893e-15,1.3322676295501878e-15,1.3322676295501878e-15,1.4432899320127035e-15,1.5543122344752192e-15,1.5543122344752192e-15,1.3877787807814457e-15,1.5543122344752192e-15,1.4432899320127035e-15,1.4432899320127035e-15,1.6653345369377348e-15,1.3322676295501878e-15,1.5543122344752192e-15,1.5543122344752192e-15,1.4432899320127035e-15,1.3322676295501878e-15,1.1102230246251565e-15,1.6653345369377348e-15,1.4432899320127035e-15,1.2212453270876722e-15,1.4432899320127035e-15,1.4432899320127035e-15,1.3322676295501878e-15,1.5543122344752192e-15,1.7763568394002505e-15,1.4432899320127035e-15,1.5543122344752192e-15,1.5543122344752192e-15,1.2212453270876722e-15,9.992007221626409e-16,1.3322676295501878e-15,9.992007221626409e-16,5.551115123125783e-16,6.661338147750939e-16,1.1102230246251565e-16,-1.1102230246251565e-16,-2.220446049250313e-16,1.1102230246251565e-16,-3.3306690738754696e-16,0.0,4.440892098500626e-16,2.220446049250313e-16,6.661338147750939e-16,4.440892098500626e-16,1.3322676295501878e-15,1.5543122344752192e-15,1.3322676295501878e-15,2.4424906541753444e-15,1.5543122344752192e-15,1.3322676295501878e-15,6.661338147750939e-16,2.220446049250313e-16,-6.661338147750939e-16,-6.661338147750939e-16,-4.440892098500626e-16,2.220446049250313e-16
0.0,1.942890293094024e-16,3.608224830031759e-16,5.273559366969494e-16,6.38378239159465e-16,7.216449660063518e-16,7.771561172376096e-16,8.604228440844963e-16,9.71445146547012e-16,9.71445146547012e-16,9.43689570931383e-16,1.0547118733938987e-15,1.1657341758564144e-15,1.1934897514720433e-15,1.1379786002407855e-15,1.1379786002407855e-15,1.1657341758564144e-15,9.992007221626409e-16,9.43689570931383e-16,9.992007221626409e-16,9.43689570931383e-16,8.881784197001252e-16,9.43689570931383e-16,9.43689570931383e-16,1.0547118733938987e-15,1.2212453270876722e-15,1.2212453270876722e-15,1.27675647831893e-15,1.27675647831893e-15,1.27675647831893e-15,1.4432899320127035e-15,1.3322676295501878e-15,1.3322676295501878e-15,1.3877787807814457e-15,1.3877787807814457e-15,1.3322676295501878e-15,1.27675647831893e-15,1.27675647831893e-15,1.0547118733938987e-15,1.3322676295501878e-15,1.1657341758564144e-15,9.43689570931383e-16,1.0547118733938987e-15,1.1657341758564144e-15,1.3322676295501878e-15,1.3322676295501878e-15,1.27675647831893e-15,1.3877787807814457e-15,1.5543122344752192e-15,1.609823385706477e-15,1.609823385706477e-15,1.4432899320127035e-15,1.6653345369377348e-15,1.6653345369377348e-15,1.7763568394002505e-15,1.5543122344752192e-15,1.6653345369377348e-15,1.6653345369377348e-15,1.4432899320127035e-15,1.2212453270876722e-15,1.4432899320127035e-15,1.2212453270876722e-15,1.6653345369377348e-15,1.4432899320127035e-15,9.992007221626409e-16,1.2212453270876722e-15,1.2212453270876722e-15,1.3322676295501878e-15,1.5543122344752192e-15,1.5543122344752192e-15,1.4432899320127035e-15,1.4432899320127035e-15,1.5543122344752192e-15,1.1102230246251565e-15,1.2212453270876722e-15,1.1102230246251565e-15,6.661338147750939e-16,5.551115123125783e-16,5.551115123125783e-16,1.1102230246251565e-16,-2.220446049250313e-16,0.0,3.3306690738754696e-16,-2.220446049250313e-16,0.0,4.440892098500626e-16,4.440892098500626e-16,8.881784197001252e-16,6.661338147750939e-16,8.881784197001252e-16,1.3322676295501878e-15,1.1102230246251565e-15,1.9984014443252818e-15,1.1102230246251565e-15,1.1102230246251565e-15,4.440892098500626e-16,2.220446049250313e-16,-2.220446049250313e-16,-8.881784197001252e-16,-4.440892098500626e-16,4.440892098500626e-16
-5.551115123125783e-17,1.6653345369377348e-16,3.0531133177191805e-16,4.996003610813204e-16,4.996003610813204e-16,6.661338147750939e-16,6.938893903907228e-16,7.494005416219807e-16,8.604228440844963e-16,9.71445146547012e-16,9.43689570931383e-16,9.71445146547012e-16,1.0824674490095276e-15,1.1102230246251565e-15,1.0547118733938987e-15,1.1657341758564144e-15,1.0547118733938987e-15,9.43689570931383e-16,9.43689570931383e-16,9.43689570931383e-16,9.43689570931383e-16,8.326672684688674e-16,9.43689570931383e-16,9.992007221626409e-16,9.992007221626409e-16,1.1102230246251565e-15,1.0547118733938987e-15,1.0547118733938987e-15,1.2212453270876722e-15,1.1657341758564144e-15,1.27675647831893e-15,1.27675647831893e-15,1.2212453270876722e-15,1.2212453270876722e-15,1.1657341758564144e-15,1.1657341758564144e-15,1.1657341758564144e-15,1.2212453270876722e-15,9.43689570931383e-16,1.1102230246251565e-15,1.1102230246251565e-15,8.881784197001252e-16,8.881784197001252e-16,9.43689570931383e-16,1.27675647831893e-15,1.2212453270876722e-15,1.0547118733938987e-15,1.1657341758564144e-15,1.2212453270876722e-15,1.3877787807814457e-15,1.4432899320127035e-15,1.4432899320127035e-15,1.5543122344752192e-15,1.4432899320127035e-15,1.5543122344752192e-15,1.5543122344752192e-15,1.3322676295501878e-15,1.5543122344752192e-15,1.3322676295501878e-15,1.2212453270876722e-15,1.6653345369377348e-15,9.992007221626409e-16,1.3322676295501878e-15,1.3322676295501878e-15,7.771561172376096e-16,7.771561172376096e-16,1.3322676295501878e-15,1.1102230246251565e-15,8.881784197001252e-16,1.1102230246251565e-15,8.881784197001252e-16,6.661338147750939e-16,1.2212453270876722e-15,5.551115123125783e-16,6.661338147750939e-16,5.551115123125783e-16,1.1102230246251565e-16,1.1102230246251565e-16,0.0,-4.440892098500626e-16,-5.551115123125783e-16,-5.551115123125783e-16,0.0,-3.3306690738754696e-16,-3.3306690738754696e-16,-2.220446049250313e-16,0.0,4.440892098500626e-16,4.440892098500626e-16,2.220446049250313e-16,2.220446049250313e-16,4.440892098500626e-16,1.3322676295501878e-15,4.440892098500626e-16,2.220446049250313e-16,0.0,0.0,-4.440892098500626e-16,-8.881784197001252e-16,-8.881784197001252e-16,-2.220446049250313e-16
2.7755575615628914e-17,2.220446049250313e-16,3.885780586188048e-16,5.273559366969494e-16,5.551115123125783e-16,6.938893903907228e-16,7.216449660063518e-16,7.771561172376096e-16,8.604228440844963e-16,1.0269562977782698e-15,9.992007221626409e-16,1.0824674490095276e-15,1.2212453270876722e-15,1.1934897514720433e-15,1.1657341758564144e-15,1.1102230246251565e-15,1.2212453270876722e-15,1.1102230246251565e-15,9.992007221626409e-16,1.1102230246251565e-15,9.992007221626409e-16,1.0547118733938987e-15,1.0547118733938987e-15,1.0547118733938987e-15,1.0547118733938987e-15,1.1657341758564144e-15,1.1657341758564144e-15,1.2212453270876722e-15,1.27675647831893e-15,1.3877787807814457e-15,1.4432899320127035e-15,1.27675647831893e-15,1.2212453270876722e-15,1.27675647831893e-15,1.3322676295501878e-15,1.1657341758564144e-15,1.27675647831893e-15,1.3877787807814457e-15,8.881784197001252e-16,1.0547118733938987e-15,1.1657341758564144e-15,8.881784197001252e-16,9.992007221626409e-16,1.0547118733938987e-15,1.27675647831893e-15,1.2212453270876722e-15,1.1657341758564144e-15,1.1657341758564144e-15,1.3322676295501878e-15,1.4432899320127035e-15,1.6653345369377348e-15,1.4432899320127035e-15,1.6653345369377348e-15,1.5543122344752192e-15,1.7763568394002505e-15,1.5543122344752192e-15,1.7763568394002505e-15,1.5543122344752192e-15,1.5543122344752192e-15,1.4432899320127035e-15,1.9984014443252818e-15,1.2212453270876722e-15,1.5543122344752192e-15,1.4432899320127035e-15,9.992007221626409e-16,1.2212453270876722e-15,1.3322676295501878e-15,1.1102230246251565e-15,7.771561172376096e-16,1.3322676295501878e-15,9.992007221626409e-16,8.881784197001252e-16,1.1102230246251565e-15,5.551115123125783e-16,5.551115123125783e-16,4.440892098500626e-16,1.1102230246251565e-16,2.220446049250313e-16,-2.220446049250313e-16,-5.551115123125783e-16,0.0,-4.440892098500626e-16,-1.1102230246251565e-16,-4.440892098500626e-16,-2.220446049250313e-16,2.220446049250313e-16,2.220446049250313e-16,4.440892098500626e-16,2.220446049250313e-16,4.440892098500626e-16,2.220446049250313e-16,4.440892098500626e-16,8.881784197001252e-16,2.220446049250313e-16,0.0,2.220446049250313e-16,4.440892098500626e-16,-2.220446049250313e-16,-2.220446049250313e-16,2.220446049250313e-16,2.220446049250313e-16
-2.7755575615628914e-17,1.6653345369377348e-16,2.7755575615628914e-16,5.273559366969494e-16,4.718447854656915e-16,5.273559366969494e-16,6.106226635438361e-16,6.661338147750939e-16,7.494005416219807e-16,9.43689570931383e-16,9.43689570931383e-16,1.0269562977782698e-15,1.0824674490095276e-15,1.27675647831893e-15,1.1102230246251565e-15,1.1657341758564144e-15,1.1657341758564144e-15,1.0547118733938987e-15,9.43689570931383e-16,9.992007221626409e-16,9.992007221626409e-16,9.992007221626409e-16,1.1102230246251565e-15,9.992007221626409e-16,9.992007221626409e-16,1.0547118733938987e-15,1.0547118733938987e-15,1.1102230246251565e-15,1.1102230246251565e-15,1.2212453270876722e-15,1.1657341758564144e-15,1.1657341758564144e-15,1.0547118733938987e-15,1.1657341758564144e-15,1.1657341758564144e-15,1.1102230246251565e-15,1.2212453270876722e-15,1.0547118733938987e-15,8.881784197001252e-16,9.43689570931383e-16,9.992007221626409e-16,8.881784197001252e-16,8.326672684688674e-16,8.881784197001252e-16,1.0547118733938987e-15,9.43689570931383e-16,8.326672684688674e-16,9.992007221626409e-16,1.1102230246251565e-15,1.3322676295501878e-15,1.2212453270876722e-15,1.2212453270876722e-15,1.3322676295501878e-15,1.4432899320127035e-15,1.5543122344752192e-15,1.3322676295501878e-15,1.3322676295501878e-15,1.4432899320127035e-15,1.5543122344752192e-15,1.2212453270876722e-15,1.5543122344752192e-15,1.2212453270876722e-15,1.2212453270876722e-15,1.2212453270876722e-15,7.771561172376096e-16,1.1102230246251565e-15,7.771561172376096e-16,6.661338147750939e-16,3.3306690738754696e-16,5.551115123125783e-16,3.3306690738754696e-16,5.551115123125783e-16,6.661338147750939e-16,2.220446049250313e-16,2.220446049250313e-16,1.1102230246251565e-16,-2.220446049250313e-16,-2.220446049250313e-16,-3.3306690738754696e-16,-8.881784197001252e-16,-6.661338147750939e-16,-4.440892098500626e-16,-1.1102230246251565e-16,-8.881784197001252e-16,-2.220446049250313e-16,-4.440892098500626e-16,2.220446049250313e-16,-4.440892098500626e-16,-2.220446049250313e-16,-6.661338147750939e-16,-6.661338147750939e-16,-4.440892098500626e-16,-2.220446049250313e-16,-4.440892098500626e-16,-4.440892098500626e-16,-2.220446049250313e-16,0.0,0.0,-4.440892098500626e-16,0.0,-2.220446049250313e-16
5.551115123125783e-17,2.220446049250313e-16,3.608224830031759e-16,4.440892098500626e-16,4.440892098500626e-16,5.828670879282072e-16,6.38378239159465e-16,6.938893903907228e-16,8.049116928532385e-16,9.71445146547012e-16,9.43689570931383e-16,1.0824674490095276e-15,1.1657341758564144e-15,1.2212453270876722e-15,1.2212453270876722e-15,1.2212453270876722e-15,1.27675647831893e-15,1.0547118733938987e-15,1.1657341758564144e-15,1.1657341758564144e-15,1.0547118733938987e-15,1.0547118733938987e-15,1.1657341758564144e-15,1.1102230246251565e-15,9.992007221626409e-16,1.1102230246251565e-15,1.1657341758564144e-15,1.1102230246251565e-15,1.27675647831893e-15,1.1657341758564144e-15,1.27675647831893e-15,1.3877787807814457e-15,1.2212453270876722e-15,1.2212453270876722e-15,1.3322676295501878e-15,1.2212453270876722e-15,1.2212453270876722e-15,1.1102230246251565e-15,9.43689570931383e-16,1.0547118733938987e-15,1.0547118733938987e-15,8.881784197001252e-16,8.881784197001252e-16,9.43689570931383e-16,1.2212453270876722e-15,1.1102230246251565e-15,9.992007221626409e-16,9.992007221626409e-16,1.2212453270876722e-15,1.3322676295501878e-15,1.5543122344752192e-15,1.3322676295501878e-15,1.5543122344752192e-15,1.5543122344752192e-15,1.7763568394002505e-15,1.4432899320127035e-15,1.887379141862766e-15,1.6653345369377348e-15,1.5543122344752192e-15,1.6653345369377348e-15,1.887379141862766e-15,1.2212453270876722e-15,1.7763568394002505e-15,1.4432899320127035e-15,9.992007221626409e-16,1.2212453270876722e-15,9.992007221626409e-16,9.992007221626409e-16,4.440892098500626e-16,7.771561172376096e-16,6.661338147750939e-16,6.661338147750939e-16,6.661338147750939e-16,5.551115123125783e-16,2.220446049250313e-16,2.220446049250313e-16,-3.3306690738754696e-16,-4.440892098500626e-16,-2.220446049250313e-16,-7.771561172376096e-16,-2.220446049250313e-16,-6.661338147750939e-16,-2.220446049250313e-16,-6.661338147750939e-16,-2.220446049250313e-16,0.0,0.0,-2.220446049250313e-16,-4.440892098500626e-16,-4.440892098500626e-16,-4.440892098500626e-16,-4.440892098500626e-16,-4.440892098500626e-16,-2.220446049250313e-16,-4.440892098500626e-16,-2.220446049250313e-16,4.440892098500626e-16,2.220446049250313e-16,4.440892098500626e-16,4.440892098500626e-16,-2.220446049250313e-16
-2.7755575615628914e-17,1.3877787807814457e-16,2.498001805406602e-16,4.163336342344337e-16,3.608224830031759e-16,4.996003610813204e-16,6.38378239159465e-16,6.661338147750939e-16,7.494005416219807e-16,9.159339953157541e-16,8.049116928532385e-16,9.992007221626409e-16,1.0547118733938987e-15,1.1102230246251565e-15,1.2212453270876722e-15,1.2212453270876722e-15,1.2212453270876722e-15,1.0547118733938987e-15,1.2212453270876722e-15,1.1102230246251565e-15,1.0547118733938987e-15,1.1657341758564144e-15,1.1657341758564144e-15,1.1657341758564144e-15,9.992007221626409e-16,1.1102230246251565e-15,1.1657341758564144e-15,1.0547118733938987e-15,1.0547118733938987e-15,1.0547118733938987e-15,1.0547118733938987e-15,1.0547118733938987e-15,9.992007221626409e-16,1.0547118733938987e-15,1.27675647831893e-15,1.0547118733938987e-15,1.0547118733938987e-15,1.1102230246251565e-15,7.216449660063518e-16,9.992007221626409e-16,1.0547118733938987e-15,1.0547118733938987e-15,8.326672684688674e-16,9.43689570931383e-16,1.27675647831893e-15,9.43689570931383e-16,9.992007221626409e-16,1.1102230246251565e-15,1.1102230246251565e-15,1.3322676295501878e-15,1.2212453270876722e-15,1.3322676295501878e-15,1.4432899320127035e-15,1.4432899320127035e-15,1.3322676295501878e-15,1.4432899320127035e-15,1.5543122344752192e-15,1.4432899320127035e-15,1.6653345369377348e-15,1.6653345369377348e-15,1.6653345369377348e-15,1.2212453270876722e-15,1.4432899320127035e-15,1.3322676295501878e-15,1.1102230246251565e-15,9.992007221626409e-16,1.1102230246251565e-15,7.771561172376096e-16,4.440892098500626e-16,6.661338147750939e-16,5.551115123125783e-16,3.3306690738754696e-16,3.3306690738754696e-16,5.551115123125783e-16,2.220446049250313e-16,2.220446049250313e-16,-2.220446049250313e-16,-2.220446049250313e-16,-1.1102230246251565e-16,-8.881784197001252e-16,-2.220446049250313e-16,-8.881784197001252e-16,-4.440892098500626e-16,-6.661338147750939e-16,-4.440892098500626e-16,-8.881784197001252e-16,-2.220446049250313e-16,-6.661338147750939e-16,-8.881784197001252e-16,-8.881784197001252e-16,-1.1102230246251565e-15,-1.1102230246251565e-15,-8.881784197001252e-16,-1.3322676295501878e-15,-4.440892098500626e-16,-4.440892098500626e-16,2.220446049250313e-16,4.440892098500626e-16,4.440892098500626e-16,6.661338147750939e-16,-2.220446049250313e-16
-2.7755575615628914e-17,1.6653345369377348e-16,1.942890293094024e-16,4.440892098500626e-16,4.163336342344337e-16,5.551115123125783e-16,6.106226635438361e-16,6.661338147750939e-16,8.326672684688674e-16,9.159339953157541e-16,9.43689570931383e-16,9.992007221626409e-16,1.1102230246251565e-15,1.2212453270876722e-15,1.2212453270876722e-15,1.27675647831893e-15,1.3322676295501878e-15,1.2212453270876722e-15,1.3877787807814457e-15,1.2212453270876722e-15,1.2212453270876722e-15,1.1657341758564144e-15,1.27675647831893e-15,1.2212453270876722e-15,1.1102230246251565e-15,1.2212453270876722e-15,1.3322676295501878e-15,1.2212453270876722e-15,1.2212453270876722e-15,1.1657341758564144e-15,1.1102230246251565e-15,1.2212453270876722e-15,1.1657341758564144e-15,1.1102230246251565e-15,1.27675647831893e-15,1.1657341758564144e-15,1.1657341758564144e-15,1.27675647831893e-15,1.0547118733938987e-15,1.2212453270876722e-15,1.3322676295501878e-15,1.2212453270876722e-15,1.1657341758564144e-15,9.992007221626409e-16,1.4432899320127035e-15,1.3322676295501878e-15,1.3322676295501878e-15,1.2212453270876722e-15,1.4432899320127035e-15,1.4432899320127035e-15,1.6653345369377348e-15,1.6653345369377348e-15,1.5543122344752192e-15,1.6653345369377348e-15,1.887379141862766e-15,1.6653345369377348e-15,1.7763568394002505e-15,1.6653345369377348e-15,1.6653345369377348e-15,1.7763568394002505e-15,1.7763568394002505e-15,1.5543122344752192e-15,1.9984014443252818e-15,1.5543122344752192e-15,1.1102230246251565e-15,1.5543122344752192e-15,9.992007221626409e-16,1.2212453270876722e-15,8.881784197001252e-16,9.992007221626409e-16,1.1102230246251565e-15,8.881784197001252e-16,7.771561172376096e-16,6.661338147750939e-16,4.440892098500626e-16,5.551115123125783e-16,3.3306690738754696e-16,-2.220446049250313e-16,2.220446049250313e-16,-4.440892098500626e-16,0.0,-2.220446049250313e-16,0.0,-4.440892098500626e-16,0.0,-2.220446049250313e-16,-4.440892098500626e-16,-6.661338147750939e-16,-6.661338147750939e-16,-6.661338147750939e-16,-8.881784197001252e-16,-6.661338147750939e-16,-4.440892098500626e-16,-1.1102230246251565e-15,-4.440892098500626e-16,0.0,4.440892098500626e-16,8.881784197001252e-16,1.5543122344752192e-15,1.1102230246251565e-15,-4.440892098500626e-16
-2.7755575615628914e-17,2.7755575615628914e-17,1.1102230246251565e-16,3.0531133177191805e-16,3.608224830031759e-16,4.718447854656915e-16,4.996003610813204e-16,5.828670879282072e-16,7.216449660063518e-16,8.881784197001252e-16,8.326672684688674e-16,9.43689570931383e-16,1.0547118733938987e-15,1.2212453270876722e-15,1.2212453270876722e-15,1.27675647831893e-15,1.3877787807814457e-15,1.2212453270876722e-15,1.3322676295501878e-15,1.27675647831893e-15,1.27675647831893e-15,1.27675647831893e-15,1.27675647831893e-15,1.1102230246251565e-15,1.1102230246251565e-15,1.2212453270876722e-15,1.1102230246251565e-15,1.0547118733938987e-15,1.0547118733938987e-15,1.1102230246251565e-15,1.1102230246251565e-15,1.1657341758564144e-15,1.1102230246251565e-15,1.1102230246251565e-15,1.27675647831893e-15,1.1102230246251565e-15,1.1102230246251565e-15,1.0547118733938987e-15,1.0547118733938987e-15,1.2212453270876722e-15,1.3322676295501878e-15,1.3322676295501878e-15,1.1657341758564144e-15,1.27675647831893e-15,1.5543122344752192e-15,1.3322676295501878e-15,1.3322676295501878e-15,1.4432899320127035e-15,1.5543122344752192e-15,1.5543122344752192e-15,1.6653345369377348e-15,1.7763568394002505e-15,1.6653345369377348e-15,1.6653345369377348e-15,1.7763568394002505e-15,1.7763568394002505e-15,1.6653345369377348e-15,1.3322676295501878e-15,1.6653345369377348e-15,1.7763568394002505e-15,1.6653345369377348e-15,1.4432899320127035e-15,1.887379141862766e-15,1.3322676295501878e-15,1.1102230246251565e-15,1.3322676295501878e-15,1.2212453270876722e-15,1.1102230246251565e-15,5.551115123125783e-16,6.661338147750939e-16,1.1102230246251565e-15,7.771561172376096e-16,7.771561172376096e-16,5.551115123125783e-16,4.440892098500626e-16,5.551115123125783e-16,2.220446049250313e-16,-1.1102230246251565e-16,4.440892098500626e-16,0.0,-2.220446049250313e-16,-4.440892098500626e-16,-2.220446049250313e-16,-4.440892098500626e-16,-4.440892098500626e-16,-4.440892098500626e-16,-2.220446049250313e-16,-6.661338147750939e-16,-8.881784197001252e-16,-6.661338147750939e-16,-8.881784197001252e-16,-8.881784197001252e-16,-4.440892098500626e-16,-4.440892098500626e-16,-8.881784197001252e-16,-2.220446049250313e-16,4.440892098500626e-16,4.440892098500626e-16,6.661338147750939e-16,8.881784197001252e-16,-2.220446049250313e-16
5.551115123125783e-17,1.3877787807814457e-16,2.220446049250313e-16,4.440892098500626e-16,4.163336342344337e-16,5.828670879282072e-16,6.106226635438361e-16,6.938893903907228e-16,8.881784197001252e-16,9.43689570931383e-16,1.0547118733938987e-15,1.1657341758564144e-15,1.1657341758564144e-15,1.27675647831893e-15,1.27675647831893e-15,1.4988010832439613e-15,1.5543122344752192e-15,1.4988010832439613e-15,1.609823385706477e-15,1.4988010832439613e-15,1.4988010832439613e-15,1.4432899320127035e-15,1.4988010832439613e-15,1.4432899320127035e-15,1.3322676295501878e-15,1.4432899320127035e-15,1.3877787807814457e-15,1.2212453270876722e-15,1.3322676295501878e-15,1.27675647831893e-15,1.2212453270876722e-15,1.3877787807814457e-15,1.27675647831893e-15,1.3877787807814457e-15,1.4988010832439613e-15,1.4432899320127035e-15,1.3322676295501878e-15,1.4988010832439613e-15,1.4432899320127035e-15,1.5543122344752192e-15,1.7208456881689926e-15,1.7208456881689926e-15,1.5543122344752192e-15,1.6653345369377348e-15,1.9984014443252818e-15,1.887379141862766e-15,2.1094237467877974e-15,1.7763568394002505e-15,1.887379141862766e-15,1.9984014443252818e-15,1.9984014443252818e-15,1.9984014443252818e-15,2.1094237467877974e-15,1.9984014443252818e-15,2.1094237467877974e-15,2.3314683517128287e-15,2.1094237467877974e-15,1.9984014443252818e-15,2.1094237467877974e-15,2.1094237467877974e-15,1.9984014443252818e-15,1.9984014443252818e-15,2.220446049250313e-15,2.1094237467877974e-15,1.887379141862766e-15,1.887379141862766e-15,1.4432899320127035e-15,1.7763568394002505e-15,1.5543122344752192e-15,1.6653345369377348e-15,1.887379141862766e-15,1.5543122344752192e-15,1.4432899320127035e-15,1.2212453270876722e-15,1.3322676295501878e-15,1.2212453270876722e-15,9.992007221626409e-16,4.440892098500626e-16,1.1102230246251565e-15,6.661338147750939e-16,2.220446049250313e-16,4.440892098500626e-16,4.440892098500626e-16,4.440892098500626e-16,2.220446049250313e-16,6.661338147750939e-16,2.220446049250313e-16,-2.220446049250313e-16,-2.220446049250313e-16,-4.440892098500626e-16,-2.220446049250313e-16,-6.661338147750939e-16,4.440892098500626e-16,-4.440892098500626e-16,4.440892098500626e-16,6.661338147750939e-16,1.1102230246251565e-15,1.3322676295501878e-15,1.3322676295501878e-15,1.3322676295501878e-15,-2.220446049250313e-16
1.6653345369377348e-16,1.942890293094024e-16,1.942890293094024e-16,4.718447854656915e-16,4.718447854656915e-16,6.106226635438361e-16,6.661338147750939e-16,7.216449660063518e-16,8.881784197001252e-16,9.43689570931383e-16,1.0547118733938987e-15,1.1657341758564144e-15,1.2212453270876722e-15,1.27675647831893e-15,1.3877787807814457e-15,1.4988010832439613e-15,1.5543122344752192e-15,1.5543122344752192e-15,1.6653345369377348e-15,1.609823385706477e-15,1.5543122344752192e-15,1.609823385706477e-15,1.609823385706477e-15,1.4988010832439613e-15,1.4432899320127035e-15,1.4988010832439613e-15,1.4988010832439613e-15,1.3877787807814457e-15,1.3877787807814457e-15,1.3322676295501878e-15,1.3877787807814457e-15,1.5543122344752192e-15,1.4988010832439613e-15,1.3877787807814457e-15,1.7763568394002505e-15,1.609823385706477e-15,1.609823385706477e-15,1.5543122344752192e-15,1.6653345369377348e-15,1.8318679906315083e-15,2.1649348980190553e-15,2.1094237467877974e-15,1.9984014443252818e-15,2.1094237467877974e-15,2.220446049250313e-15,2.220446049250313e-15,2.220446049250313e-15,2.220446049250313e-15,2.4424906541753444e-15,2.4424906541753444e-15,2.1094237467877974e-15,2.4424906541753444e-15,2.4424906541753444e-15,2.3314683517128287e-15,2.3314683517128287e-15,2.6645352591003757e-15,2.3314683517128287e-15,2.220446049250313e-15,2.6645352591003757e-15,2.4424906541753444e-15,2.220446049250313e-15,1.887379141862766e-15,2.6645352591003757e-15,2.220446049250313e-15,2.220446049250313e-15,2.1094237467877974e-15,2.1094237467877974e-15,2.1094237467877974e-15,2.1094237467877974e-15,1.9984014443252818e-15,2.4424906541753444e-15,2.1094237467877974e-15,2.1094237467877974e-15,1.6653345369377348e-15,1.6653345369377348e-15,1.6653345369377348e-15,1.3322676295501878e-15,1.3322676295501878e-15,1.7763568394002505e-15,1.1102230246251565e-15,1.1102230246251565e-15,1.1102230246251565e-15,1.1102230246251565e-15,6.661338147750939e-16,4.440892098500626e-16,4.440892098500626e-16,4.440892098500626e-16,4.440892098500626e-16,-2.220446049250313e-16,0.0,4.440892098500626e-16,-2.220446049250313e-16,6.661338147750939e-16,2.220446049250313e-16,8.881784197001252e-16,1.3322676295501878e-15,1.1102230246251565e-15,1.5543122344752192e-15,1.5543122344752192e-15,1.9984014443252818e-15,8.881784197001252e-16
1.1102230246251565e-16,8.326672684688674e-17,1.6653345369377348e-16,3.885780586188048e-16,4.163336342344337e-16,6.661338147750939e-16,6.106226635438361e-16,6.106226635438361e-16,8.326672684688674e-16,8.326672684688674e-16,9.43689570931383e-16,1.0547118733938987e-15,1.1657341758564144e-15,1.2212453270876722e-15,1.3322676295501878e-15,1.3877787807814457e-15,1.4988010832439613e-15,1.4432899320127035e-15,1.609823385706477e-15,1.5543122344752192e-15,1.4988010832439613e-15,1.609823385706477e-15,1.609823385706477e-15,1.4432899320127035e-15,1.3877787807814457e-15,1.4988010832439613e-15,1.4432899320127035e-15,1.4432899320127035e-15,1.3322676295501878e-15,1.27675647831893e-15,1.3322676295501878e-15,1.3877787807814457e-15,1.3877787807814457e-15,1.4432899320127035e-15,1.5543122344752192e-15,1.4432899320127035e-15,1.6653345369377348e-15,1.609823385706477e-15,1.609823385706477e-15,1.887379141862766e-15,1.942890293094024e-15,1.887379141862766e-15,2.1094237467877974e-15,2.1094237467877974e-15,2.3314683517128287e-15,2.1094237467877974e-15,2.220446049250313e-15,2.220446049250313e-15,2.4424906541753444e-15,2.55351295663786e-15,2.3314683517128287e-15,2.3314683517128287e-15,2.3314683517128287e-15,2.220446049250313e-15,2.3314683517128287e-15,2.55351295663786e-15,2.3314683517128287e-15,2.3314683517128287e-15,2.4424906541753444e-15,2.220446049250313e-15,2.220446049250313e-15,1.5543122344752192e-15,2.4424906541753444e-15,2.4424906541753444e-15,1.887379141862766e-15,1.887379141862766e-15,1.9984014443252818e-15,1.6653345369377348e-15,1.7763568394002505e-15,2.1094237467877974e-15,2.220446049250313e-15,1.887379141862766e-15,1.7763568394002505e-15,1.3322676295501878e-15,1.3322676295501878e-15,1.5543122344752192e-15,1.3322676295501878e-15,8.881784197001252e-16,1.7763568394002505e-15,1.7763568394002505e-15,8.881784197001252e-16,8.881784197001252e-16,4.440892098500626e-16,4.440892098500626e-16,4.440892098500626e-16,6.661338147750939e-16,2.220446049250313e-16,2.220446049250313e-16,-4.440892098500626e-16,2.220446049250313e-16,2.220446049250313e-16,-6.661338147750939e-16,2.220446049250313e-16,0.0,4.440892098500626e-16,2.220446049250313e-16,8.881784197001252e-16,4.440892098500626e-16,6.661338147750939e-16,8.881784197001252e-16,2.220446049250313e-16
0.0,-8.326672684688674e-17,2.7755575615628914e-17,2.220446049250313e-16,3.3306690738754696e-16,4.996003610813204e-16,4.440892098500626e-16,4.996003610813204e-16,7.216449660063518e-16,6.661338147750939e-16,7.771561172376096e-16,8.881784197001252e-16,9.992007221626409e-16,1.1102230246251565e-15,1.1657341758564144e-15,1.27675647831893e-15,1.3322676295501878e-15,1.4432899320127035e-15,1.4432899320127035e-15,1.3877787807814457e-15,1.3877787807814457e-15,1.4432899320127035e-15,1.4432899320127035e-15,1.3322676295501878e-15,1.27675647831893e-15,1.27675647831893e-15,1.27675647831893e-15,1.2212453270876722e-15,1.27675647831893e-15,1.1102230246251565e-15,1.1657341758564144e-15,1.1657341758564144e-15,1.1657341758564144e-15,1.27675647831893e-15,1.4432899320127035e-15,1.3322676295501878e-15,1.3877787807814457e-15,1.5543122344752192e-15,1.5543122344752192e-15,1.8318679906315083e-15,1.9984014443252818e-15,1.887379141862766e-15,1.887379141862766e-15,1.887379141862766e-15,2.220446049250313e-15,2.220446049250313e-15,2.220446049250313e-15,2.1094237467877974e-15,2.220446049250313e-15,2.4424906541753444e-15,2.1094237467877974e-15,2.4424906541753444e-15,2.220446049250313e-15,2.1094237467877974e-15,2.3314683517128287e-15,2.3314683517128287e-15,2.3314683517128287e-15,1.887379141862766e-15,2.220446049250313e-15,2.1094237467877974e-15,1.9984014443252818e-15,1.6653345369377348e-15,2.220446049250313e-15,2.1094237467877974e-15,1.7763568394002505e-15,1.7763568394002505e-15,1.5543122344752192e-15,1.5543122344752192e-15,1.6653345369377348e-15,1.7763568394002505e-15,1.887379141862766e-15,1.6653345369377348e-15,1.7763568394002505e-15,9.992007221626409e-16,8.881784197001252e-16,1.3322676295501878e-15,1.1102230246251565e-15,8.881784197001252e-16,1.3322676295501878e-15,1.1102230246251565e-15,2.220446049250313e-16,6.661338147750939e-16,6.661338147750939e-16,2.220446049250313e-16,4.440892098500626e-16,2.220446049250313e-16,-4.440892098500626e-16,-2.220446049250313e-16,-2.220446049250313e-16,-6.661338147750939e-16,-4.440892098500626e-16,-1.1102230246251565e-15,2.220446049250313e-16,-6.661338147750939e-16,-8.881784197001252e-16,0.0,0.0,-6.661338147750939e-16,-2.220446049250313e-16,2.220446049250313e-16,-2.220446049250313e-16
0.0,2.7755575615628914e-17,5.551115123125783e-17,2.498001805406602e-16,3.3306690738754696e-16,4.996003610813204e-16,5.551115123125783e-16,5.551115123125783e-16,8.326672684688674e-16,7.216449660063518e-16,7.771561172376096e-16,1.0547118733938987e-15,9.992007221626409e-16,1.1102230246251565e-15,1.0547118733938987e-15,1.2212453270876722e-15,1.3877787807814457e-15,1.4432899320127035e-15,1.4432899320127035e-15,1.4432899320127035e-15,1.4432899320127035e-15,1.4432899320127035e-15,1.4988010832439613e-15,1.3322676295501878e-15,1.2212453270876722e-15,1.27675647831893e-15,1.3322676295501878e-15,1.3322676295501878e-15,1.27675647831893e-15,1.2212453270876722e-15,1.1657341758564144e-15,1.3322676295501878e-15,1.3322676295501878e-15,1.4432899320127035e-15,1.4432899320127035e-15,1.3877787807814457e-15,1.6653345369377348e-15,1.5543122344752192e-15,1.8318679906315083e-15,2.1094237467877974e-15,2.3314683517128287e-15,1.9984014443252818e-15,1.9984014443252818e-15,2.220446049250313e-15,2.3314683517128287e-15,2.3314683517128287e-15,2.3314683517128287e-15,2.3314683517128287e-15,2.55351295663786e-15,2.886579864025407e-15,2.3314683517128287e-15,2.55351295663786e-15,2.3314683517128287e-15,2.3314683517128287e-15,2.4424906541753444e-15,2.55351295663786e-15,2.55351295663786e-15,2.1094237467877974e-15,2.3314683517128287e-15,2.1094237467877974e-15,2.1094237467877974e-15,1.6653345369377348e-15,2.4424906541753444e-15,2.220446049250313e-15,1.9984014443252818e-15,1.7763568394002505e-15,1.4432899320127035e-15,1.6653345369377348e-15,1.7763568394002505e-15,1.9984014443252818e-15,1.887379141862766e-15,1.9984014443252818e-15,1.9984014443252818e-15,1.3322676295501878e-15,1.1102230246251565e-15,1.3322676295501878e-15,8.881784197001252e-16,8.881784197001252e-16,1.5543122344752192e-15,1.3322676295501878e-15,8.881784197001252e-16,1.1102230246251565e-15,8.881784197001252e-16,6.661338147750939e-16,4.440892098500626e-16,4.440892098500626e-16,-4.440892098500626e-16,6.661338147750939e-16,-6.661338147750939e-16,-2.220446049250313e-16,2.220446049250313e-16,-4.440892098500626e-16,2.220446049250313e-16,-1.1102230246251565e-15,-2.220446049250313e-16,-2.220446049250313e-16,0.0,-8.881784197001252e-16,0.0,-2.220446049250313e-16,2.220446049250313e-16
-2.7755575615628914e-17,-5.551115123125783e-17,-2.7755575615628914e-17,1.1102230246251565e-16,2.7755575615628914e-16,3.885780586188048e-16,4.996003610813204e-16,4.996003610813204e-16,7.771561172376096e-16,6.106226635438361e-16,7.216449660063518e-16,9.43689570931383e-16,9.43689570931383e-16,8.326672684688674e-16,9.992007221626409e-16,1.1657341758564144e-15,1.1657341758564144e-15,1.1657341758564144e-15,1.27675647831893e-15,1.3322676295501878e-15,1.27675647831893e-15,1.3322676295501878e-15,1.3322676295501878e-15,1.2212453270876722e-15,1.1102230246251565e-15,1.2212453270876722e-15,1.2212453270876722e-15,1.27675647831893e-15,1.2212453270876722e-15,1.1102230246251565e-15,1.0547118733938987e-15,1.2212453270876722e-15,1.27675647831893e-15,1.3322676295501878e-15,1.3877787807814457e-15,1.27675647831893e-15,1.5543122344752192e-15,1.6653345369377348e-15,1.5543122344752192e-15,2.1094237467877974e-15,2.1094237467877974e-15,1.887379141862766e-15,1.887379141862766e-15,1.9984014443252818e-15,2.3314683517128287e-15,2.4424906541753444e-15,2.220446049250313e-15,2.4424906541753444e-15,2.55351295663786e-15,2.4424906541753444e-15,2.3314683517128287e-15,2.55351295663786e-15,2.220446049250313e-15,2.4424906541753444e-15,2.3314683517128287e-15,2.4424906541753444e-15,2.3314683517128287e-15,2.1094237467877974e-15,2.1094237467877974e-15,1.9984014443252818e-15,1.887379141862766e-15,1.4432899320127035e-15,2.3314683517128287e-15,2.1094237467877974e-15,1.7763568394002505e-15,1.5543122344752192e-15,1.7763568394002505e-15,1.4432899320127035e-15,1.5543122344752192e-15,1.887379141862766e-15,1.7763568394002505e-15,1.3322676295501878e-15,1.5543122344752192e-15,8.881784197001252e-16,6.661338147750939e-16,1.3322676295501878e-15,8.881784197001252e-16,6.661338147750939e-16,1.5543122344752192e-15,8.881784197001252e-16,6.661338147750939e-16,6.661338147750939e-16,6.661338147750939e-16,2.220446049250313e-16,2.220446049250313e-16,2.220446049250313e-16,-2.220446049250313e-16,-2.220446049250313e-16,-8.881784197001252e-16,-2.220446049250313e-16,-6.661338147750939e-16,-1.1102230246251565e-15,0.0,-6.661338147750939e-16,-2.220446049250313e-16,-1.1102230246251565e-15,-8.881784197001252e-16,-1.7763568394002505e-15,-1.5543122344752192e-15,-6.661338147750939e-16,0.0
-5.551115123125783e-17,-5.551115123125783e-17,0.0,5.551115123125783e-17,2.7755575615628914e-16,3.3306690738754696e-16,4.996003610813204e-16,4.996003610813204e-16,6.661338147750939e-16,7.216449660063518e-16,6.106226635438361e-16,7.216449660063518e-16,9.43689570931383e-16,8.881784197001252e-16,1.0547118733938987e-15,1.1102230246251565e-15,1.1102230246251565e-15,1.2212453270876722e-15,1.3322676295501878e-15,1.27675647831893e-15,1.2212453270876722e-15,1.27675647831893e-15,1.4432899320127035e-15,1.1657341758564144e-15,1.1102230246251565e-15,1.27675647831893e-15,1.1657341758564144e-15,1.2212453270876722e-15,1.27675647831893e-15,1.2212453270876722e-15,1.1102230246251565e-15,1.27675647831893e-15,1.27675647831893e-15,1.3322676295501878e-15,1.3322676295501878e-15,1.3322676295501878e-15,1.4988010832439613e-15,1.5543122344752192e-15,1.4432899320127035e-15,1.9984014443252818e-15,1.9984014443252818e-15,1.9984014443252818e-15,1.9984014443252818e-15,1.9984014443252818e-15,2.3314683517128287e-15,2.3314683517128287e-15,2.3314683517128287e-15,2.55351295663786e-15,2.55351295663786e-15,2.6645352591003757e-15,2.1094237467877974e-15,2.220446049250313e-15,2.4424906541753444e-15,2.3314683517128287e-15,2.4424906541753444e-15,2.1094237467877974e-15,2.3314683517128287e-15,2.3314683517128287e-15,2.1094237467877974e-15,1.7763568394002505e-15,2.1094237467877974e-15,1.6653345369377348e-15,2.220446049250313e-15,1.9984014443252818e-15,1.5543122344752192e-15,1.5543122344752192e-15,9.992007221626409e-16,9.992007221626409e-16,1.3322676295501878e-15,1.7763568394002505e-15,1.4432899320127035e-15,1.3322676295501878e-15,1.3322676295501878e-15,1.1102230246251565e-15,6.661338147750939e-16,1.3322676295501878e-15,8.881784197001252e-16,6.661338147750939e-16,1.1102230246251565e-15,8.881784197001252e-16,4.440892098500626e-16,6.661338147750939e-16,6.661338147750939e-16,4.440892098500626e-16,2.220446049250313e-16,2.220446049250313e-16,-2.220446049250313e-16,2.220446049250313e-16,-6.661338147750939e-16,-4.440892098500626e-16,-4.440892098500626e-16,-6.661338147750939e-16,0.0,-1.3322676295501878e-15,-8.881784197001252e-16,-1.9984014443252818e-15,-1.9984014443252818e-15,-3.1086244689504383e-15,-2.220446049250313e-15,-1.3322676295501878e-15,-2.220446049250313e-16
-1.1102230246251565e-16,-1.1102230246251565e-16,-5.551115123125783e-17,5.551115123125783e-17,2.220446049250313e-16,2.7755575615628914e-16,3.885780586188048e-16,3.885780586188048e-16,6.106226635438361e-16,6.106226635438361e-16,6.661338147750939e-16,8.326672684688674e-16,9.43689570931383e-16,9.43689570931383e-16,8.881784197001252e-16,1.1102230246251565e-15,1.1102230246251565e-15,1.27675647831893e-15,1.2212453270876722e-15,1.2212453270876722e-15,1.0547118733938987e-15,1.27675647831893e-15,1.3322676295501878e-15,1.1102230246251565e-15,1.1657341758564144e-15,1.2212453270876722e-15,1.2212453270876722e-15,1.2212453270876722e-15,1.3322676295501878e-15,9.43689570931383e-16,1.1657341758564144e-15,1.4432899320127035e-15,9.992007221626409e-16,1.2212453270876722e-15,1.3322676295501878e-15,1.3877787807814457e-15,1.5543122344752192e-15,1.7763568394002505e-15,1.5543122344752192e-15,1.7763568394002505e-15,1.9984014443252818e-15,1.7763568394002505e-15,1.9984014443252818e-15,2.1094237467877974e-15,2.3314683517128287e-15,2.220446049250313e-15,2.3314683517128287e-15,2.3314683517128287e-15,2.55351295663786e-15,2.55351295663786e-15,2.3314683517128287e-15,2.3314683517128287e-15,2.3314683517128287e-15,2.220446049250313e-15,2.3314683517128287e-15,2.220446049250313e-15,2.3314683517128287e-15,2.220446049250313e-15,2.1094237467877974e-15,1.887379141862766e-15,1.887379141862766e-15,1.4432899320127035e-15,2.1094237467877974e-15,1.7763568394002505e-15,1.4432899320127035e-15,9.992007221626409e-16,1.1102230246251565e-15,1.2212453270876722e-15,1.2212453270876722e-15,1.7763568394002505e-15,1.3322676295501878e-15,1.3322676295501878e-15,1.3322676295501878e-15,6.661338147750939e-16,8.881784197001252e-16,8.881784197001252e-16,6.661338147750939e-16,6.661338147750939e-16,1.1102230246251565e-15,2.220446049250313e-16,2.220446049250313e-16,8.881784197001252e-16,8.881784197001252e-16,2.220446049250313e-16,4.440892098500626e-16,4.440892098500626e-16,0.0,0.0,-8.881784197001252e-16,-2.220446049250313e-16,-6.661338147750939e-16,-6.661338147750939e-16,-4.440892098500626e-16,-1.3322676295501878e-15,-1.3322676295501878e-15,-1.9984014443252818e-15,-2.220446049250313e-15,-3.1086244689504383e-15,-1.7763568394002505e-15,-1.1102230246251565e-15,0.0
-5.551115123125783e-17,-2.220446049250313e-16,-1.1102230246251565e-16,5.551115123125783e-17,1.1102230246251565e-16,2.220446049250313e-16,2.7755575615628914e-16,3.885780586188048e-16,4.996003610813204e-16,6.106226635438361e-16,5.551115123125783e-16,8.326672684688674e-16,9.43689570931383e-16,8.881784197001252e-16,8.881784197001252e-16,9.43689570931383e-16,1.0547118733938987e-15,1.0547118733938987e-15,1.1102230246251565e-15,1.1102230246251565e-15,9.992007221626409e-16,1.2212453270876722e-15,1.3322676295501878e-15,1.1102230246251565e-15,1.0547118733938987e-15,1.1657341758564144e-15,1.2212453270876722e-15,1.1657341758564144e-15,1.1657341758564144e-15,1.2212453270876722e-15,1.1102230246251565e-15,1.3877787807814457e-15,1.2212453270876722e-15,1.3877787807814457e-15,1.3877787807814457e-15,1.3322676295501878e-15,1.4432899320127035e-15,1.6653345369377348e-15,1.5543122344752192e-15,1.9984014443252818e-15,1.887379141862766e-15,2.1094237467877974e-15,1.887379141862766e-15,1.887379141862766e-15,2.3314683517128287e-15,2.3314683517128287e-15,2.220446049250313e-15,2.55351295663786e-15,2.3314683517128287e-15,2.4424906541753444e-15,2.55351295663786e-15,2.220446049250313e-15,2.3314683517128287e-15,2.220446049250313e-15,2.1094237467877974e-15,2.1094237467877974e-15,2.220446049250313e-15,1.7763568394002505e-15,1.6653345369377348e-15,1.6653345369377348e-15,1.887379141862766e-15,1.4432899320127035e-15,1.9984014443252818e-15,1.887379141862766e-15,1.3322676295501878e-15,1.4432899320127035e-15,1.1102230246251565e-15,1.1102230246251565e-15,1.4432899320127035e-15,1.5543122344752192e-15,6.661338147750939e-16,1.3322676295501878e-15,1.1102230246251565e-15,6.661338147750939e-16,6.661338147750939e-16,1.1102230246251565e-15,6.661338147750939e-16,4.440892098500626e-16,1.1102230246251565e-15,0.0,2.220446049250313e-16,4.440892098500626e-16,4.440892098500626e-16,2.220446049250313e-16,0.0,4.440892098500626e-16,-4.440892098500626e-16,0.0,-8.881784197001252e-16,-4.440892098500626e-16,-6.661338147750939e-16,-8.881784197001252e-16,-1.1102230246251565e-15,-1.9984014443252818e-15,-1.9984014443252818e-15,-1.9984014443252818e-15,-2.4424906541753444e-15,-3.552713678800501e-15,-2.4424906541753444e-15,-1.3322676295501878e-15,-4.440892098500626e-16
-5.551115123125783e-17,0.0,5.551115123125783e-17,5.551115123125783e-17,1.6653345369377348e-16,1.6653345369377348e-16,4.440892098500626e-16,4.440892098500626e-16,5.551115123125783e-16,6.661338147750939e-16,7.771561172376096e-16,8.881784197001252e-16,9.43689570931383e-16,9.992007221626409e-16,1.0547118733938987e-15,9.43689570931383e-16,1.1102230246251565e-15,1.1657341758564144e-15,1.1657341758564144e-15,1.2212453270876722e-15,1.1657341758564144e-15,1.3322676295501878e-15,1.5543122344752192e-15,1.3322676295501878e-15,1.1657341758564144e-15,1.2212453270876722e-15,1.3322676295501878e-15,1.27675647831893e-15,1.5543122344752192e-15,1.3877787807814457e-15,1.3322676295501878e-15,1.4432899320127035e-15,1.2212453270876722e-15,1.4988010832439613e-15,1.4432899320127035e-15,1.4432899320127035e-15,1.6653345369377348e-15,1.887379141862766e-15,1.6653345369377348e-15,1.9984014443252818e-15,2.220446049250313e-15,2.220446049250313e-15,2.1094237467877974e-15,2.220446049250313e-15,2.6645352591003757e-15,2.3314683517128287e-15,2.220446049250313e-15,2.6645352591003757e-15,2.55351295663786e-15,2.55351295663786e-15,2.6645352591003757e-15,2.55351295663786e-15,2.4424906541753444e-15,2.4424906541753444e-15,2.4424906541753444e-15,2.4424906541753444e-15,2.3314683517128287e-15,2.4424906541753444e-15,1.887379141862766e-15,2.220446049250313e-15,1.9984014443252818e-15,1.4432899320127035e-15,2.220446049250313e-15,2.220446049250313e-15,1.7763568394002505e-15,1.887379141862766e-15,1.2212453270876722e-15,1.1102230246251565e-15,1.7763568394002505e-15,1.7763568394002505e-15,1.3322676295501878e-15,1.5543122344752192e-15,1.3322676295501878e-15,8.881784197001252e-16,8.881784197001252e-16,1.5543122344752192e-15,8.881784197001252e-16,1.1102230246251565e-15,1.1102230246251565e-15,4.440892098500626e-16,2.220446049250313e-16,2.220446049250313e-16,1.1102230246251565e-15,2.220446049250313e-16,6.661338147750939e-16,8.881784197001252e-16,0.0,0.0,-4.440892098500626e-16,0.0,0.0,-6.661338147750939e-16,-4.440892098500626e-16,-6.661338147750939e-16,-1.3322676295501878e-15,-1.9984014443252818e-15,-2.220446049250313e-15,-3.3306690738754696e-15,-2.4424906541753444e-15,-1.3322676295501878e-15,4.440892098500626e-16
-5.551115123125783e-17,-5.551115123125783e-17,0.0,1.1102230246251565e-16,2.220446049250313e-16,1.6653345369377348e-16,4.440892098500626e-16,3.885780586188048e-16,4.996003610813204e-16,6.106226635438361e-16,6.661338147750939e-16,8.326672684688674e-16,9.43689570931383e-16,1.1102230246251565e-15,9.992007221626409e-16,9.992007221626409e-16,1.1657341758564144e-15,1.1657341758564144e-15,1.1657341758564144e-15,1.1102230246251565e-15,1.1657341758564144e-15,1.3322676295501878e-15,1.4432899320127035e-15,1.27675647831893e-15,1.27675647831893e-15,1.3322676295501878e-15,1.4988010832439613e-15,1.3877787807814457e-15,1.4988010832439613e-15,1.4988010832439613e-15,1.27675647831893e-15,1.609823385706477e-15,1.4432899320127035e-15,1.6653345369377348e-15,1.6653345369377348e-15,1.6653345369377348e-15,1.7763568394002505e-15,1.887379141862766e-15,1.887379141862766e-15,2.220446049250313e-15,2.220446049250313e-15,2.1094237467877974e-15,1.887379141862766e-15,2.220446049250313e-15,2.55351295663786e-15,2.220446049250313e-15,2.4424906541753444e-15,2.6645352591003757e-15,2.4424906541753444e-15,2.55351295663786e-15,2.6645352591003757e-15,2.4424906541753444e-15,2.4424906541753444e-15,2.220446049250313e-15,2.3314683517128287e-15,2.220446049250313e-15,2.4424906541753444e-15,2.220446049250313e-15,1.887379141862766e-15,1.887379141862766e-15,1.887379141862766e-15,1.7763568394002505e-15,2.1094237467877974e-15,2.1094237467877974e-15,1.7763568394002505e-15,1.5543122344752192e-15,1.6653345369377348e-15,1.5543122344752192e-15,1.7763568394002505e-15,1.9984014443252818e-15,1.3322676295501878e-15,1.3322676295501878e-15,1.7763568394002505e-15,1.3322676295501878e-15,1.3322676295501878e-15,8.881784197001252e-16,8.881784197001252e-16,6.661338147750939e-16,1.3322676295501878e-15,8.881784197001252e-16,0.0,6.661338147750939e-16,1.3322676295501878e-15,2.220446049250313e-16,6.661338147750939e-16,4.440892098500626e-16,-6.661338147750939e-16,0.0,-2.220446049250313e-16,0.0,-2.220446049250313e-16,-2.220446049250313e-16,-4.440892098500626e-16,-1.1102230246251565e-15,-1.7763568394002505e-15,-1.7763568394002505e-15,-2.220446049250313e-15,-2.6645352591003757e-15,-2.886579864025407e-15,-1.3322676295501878e-15,0.0
-1.1102230246251565e-16,-5.551115123125783e-17,0.0,1.1102230246251565e-16,1.1102230246251565e-16,1.6653345369377348e-16,2.7755575615628914e-16,3.3306690738754696e-16,4.996003610813204e-16,6.106226635438361e-16,6.661338147750939e-16,7.216449660063518e-16,8.881784197001252e-16,9.992007221626409e-16,9.992007221626409e-16,1.0547118733938987e-15,1.1102230246251565e-15,1.1657341758564144e-15,1.1657341758564144e-15,1.2212453270876722e-15,1.27675647831893e-15,1.1657341758564144e-15,1.4988010832439613e-15,1.2212453270876722e-15,1.1102230246251565e-15,1.27675647831893e-15,1.6653345369377348e-15,1.5543122344752192e-15,1.5543122344752192e-15,1.5543122344752192e-15,1.5543122344752192e-15,1.5543122344752192e-15,1.5543122344752192e-15,1.6653345369377348e-15,1.7763568394002505e-15,1.7763568394002505e-15,1.9984014443252818e-15,1.887379141862766e-15,1.7763568394002505e-15,2.220446049250313e-15,2.3314683517128287e-15,2.220446049250313e-15,2.1094237467877974e-15,2.1094237467877974e-15,2.55351295663786e-15,2.4424906541753444e-15,2.3314683517128287e-15,2.7755575615628914e-15,2.6645352591003757e-15,2.6645352591003757e-15,2.6645352591003757e-15,2.3314683517128287e-15,2.3314683517128287e-15,2.3314683517128287e-15,2.4424906541753444e-15,1.9984014443252818e-15,2.1094237467877974e-15,1.9984014443252818e-15,1.887379141862766e-15,1.9984014443252818e-15,1.887379141862766e-15,1.7763568394002505e-15,2.220446049250313e-15,1.887379141862766e-15,1.5543122344752192e-15,1.4432899320127035e-15,1.5543122344752192e-15,1.5543122344752192e-15,1.9984014443252818e-15,1.9984014443252818e-15,1.5543122344752192e-15,1.3322676295501878e-15,1.5543122344752192e-15,1.3322676295501878e-15,8.881784197001252e-16,1.7763568394002505e-15,8.881784197001252e-16,1.1102230246251565e-15,6.661338147750939e-16,4.440892098500626e-16,0.0,2.220446049250313e-16,6.661338147750939e-16,0.0,4.440892098500626e-16,0.0,-2.220446049250313e-16,4.440892098500626e-16,-4.440892098500626e-16,-2.220446049250313e-16,0.0,-4.440892098500626e-16,-1.1102230246251565e-15,-1.1102230246251565e-15,-1.9984014443252818e-15,-2.220446049250313e-15,-2.886579864025407e-15,-3.1086244689504383e-15,-2.886579864025407e-15,-1.5543122344752192e-15,-1.3322676295501878e-15
0.0,-5.551115123125783e-17,0.0,2.7755575615628914e-16,2.220446049250313e-16,2.220446049250313e-16,4.440892098500626e-16,4.440892098500626e-16,4.996003610813204e-16,7.771561172376096e-16,7.216449660063518e-16,9.43689570931383e-16,1.0547118733938987e-15,1.0547118733938987e-15,1.3322676295501878e-15,1.27675647831893e-15,1.27675647831893e-15,1.1657341758564144e-15,1.3322676295501878e-15,1.3322676295501878e-15,1.609823385706477e-15,1.27675647831893e-15,1.8318679906315083e-15,1.4988010832439613e-15,1.3877787807814457e-15,1.4988010832439613e-15,1.7763568394002505e-15,1.7208456881689926e-15,1.7763568394002505e-15,1.4988010832439613e-15,1.6653345369377348e-15,1.887379141862766e-15,1.887379141862766e-15,1.887379141862766e-15,2.1094237467877974e-15,1.887379141862766e-15,2.220446049250313e-15,2.3314683517128287e-15,2.1094237467877974e-15,2.4424906541753444e-15,2.6645352591003757e-15,2.55351295663786e-15,2.220446049250313e-15,2.220446049250313e-15,2.886579864025407e-15,2.6645352591003757e-15,2.55351295663786e-15,2.9976021664879227e-15,2.9976021664879227e-15,2.6645352591003757e-15,3.1086244689504383e-15,2.7755575615628914e-15,2.7755575615628914e-15,2.3314683517128287e-15,2.55351295663786e-15,2.4424906541753444e-15,2.4424906541753444e-15,2.4424906541753444e-15,2.220446049250313e-15,2.4424906541753444e-15,2.220446049250313e-15,1.9984014443252818e-15,2.6645352591003757e-15,2.6645352591003757e-15,2.220446049250313e-15,1.9984014443252818e-15,2.220446049250313e-15,2.4424906541753444e-15,2.220446049250313e-15,2.220446049250313e-15,2.220446049250313e-15,2.220446049250313e-15,2.220446049250313e-15,1.9984014443252818e-15,1.7763568394002505e-15,1.9984014443252818e-15,1.5543122344752192e-15,1.5543122344752192e-15,1.3322676295501878e-15,1.1102230246251565e-15,4.440892098500626e-16,8.881784197001252e-16,1.1102230246251565e-15,2.220446049250313e-16,6.661338147750939e-16,6.661338147750939e-16,4.440892098500626e-16,4.440892098500626e-16,-2.220446049250313e-16,2.220446049250313e-16,0.0,0.0,-4.440892098500626e-16,-4.440892098500626e-16,-1.1102230246251565e-15,-1.3322676295501878e-15,-1.9984014443252818e-15,-2.220446049250313e-15,-1.5543122344752192e-15,-8.881784197001252e-16,0.0
-5.551115123125783e-17,0.0,2.220446049250313e-16,1.6653345369377348e-16,3.3306690738754696e-16,2.7755575615628914e-16,4.440892098500626e-16,6.106226635438361e-16,7.216449660063518e-16,8.326672684688674e-16,9.43689570931383e-16,1.1102230246251565e-15,1.1102230246251565e-15,1.27675647831893e-15,1.27675647831893e-15,1.4432899320127035e-15,1.5543122344752192e-15,1.4988010832439613e-15,1.7208456881689926e-15,1.609823385706477e-15,1.609823385706477e-15,1.5543122344752192e-15,1.8318679906315083e-15,1.609823385706477e-15,1.5543122344752192e-15,1.7763568394002505e-15,1.8318679906315083e-15,1.7763568394002505e-15,1.887379141862766e-15,1.887379141862766e-15,1.9984014443252818e-15,2.3314683517128287e-15,1.887379141862766e-15,1.9984014443252818e-15,2.3314683517128287e-15,1.9984014443252818e-15,2.220446049250313e-15,2.4424906541753444e-15,2.4424906541753444e-15,2.886579864025407e-15,2.886579864025407e-15,2.4424906541753444e-15,2.55351295663786e-15,2.55351295663786e-15,2.7755575615628914e-15,2.55351295663786e-15,2.886579864025407e-15,2.9976021664879227e-15,3.1086244689504383e-15,2.6645352591003757e-15,2.886579864025407e-15,2.55351295663786e-15,2.9976021664879227e-15,2.55351295663786e-15,2.886579864025407e-15,2.220446049250313e-15,2.4424906541753444e-15,2.4424906541753444e-15,2.4424906541753444e-15,2.6645352591003757e-15,2.55351295663786e-15,2.1094237467877974e-15,2.6645352591003757e-15,2.4424906541753444e-15,2.220446049250313e-15,2.220446049250313e-15,2.4424906541753444e-15,2.220446049250313e-15,2.6645352591003757e-15,2.886579864025407e-15,2.6645352591003757e-15,3.3306690738754696e-15,2.4424906541753444e-15,2.220446049250313e-15,2.4424906541753444e-15,2.220446049250313e-15,1.7763568394002505e-15,1.5543122344752192e-15,1.9984014443252818e-15,1.3322676295501878e-15,6.661338147750939e-16,1.1102230246251565e-15,1.3322676295501878e-15,4.440892098500626e-16,6.661338147750939e-16,1.1102230246251565e-15,8.881784197001252e-16,8.881784197001252e-16,6.661338147750939e-16,8.881784197001252e-16,4.440892098500626e-16,8.881784197001252e-16,2.220446049250313e-16,2.220446049250313e-16,-4.440892098500626e-16,2.220446049250313e-16,-1.7763568394002505e-15,-1.1102230246251565e-15,-1.1102230246251565e-15,0.0,0.0
-1.1102230246251565e-16,0.0,1.1102230246251565e-16,1.1102230246251565e-16,2.7755575615628914e-16,2.7755575615628914e-16,3.3306690738754696e-16,4.440892098500626e-16,5.551115123125783e-16,8.881784197001252e-16,8.881784197001252e-16,9.992007221626409e-16,1.1102230246251565e-15,1.3877787807814457e-15,1.3877787807814457e-15,1.3322676295501878e-15,1.4988010832439613e-15,1.4988010832439613e-15,1.5543122344752192e-15,1.5543122344752192e-15,1.8318679906315083e-15,1.5543122344752192e-15,1.887379141862766e-15,1.6653345369377348e-15,1.4988010832439613e-15,1.7208456881689926e-15,1.887379141862766e-15,1.7763568394002505e-15,2.0539125955565396e-15,1.9984014443252818e-15,1.9984014443252818e-15,1.9984014443252818e-15,1.887379141862766e-15,1.9984014443252818e-15,2.6645352591003757e-15,2.1094237467877974e-15,2.4424906541753444e-15,2.220446049250313e-15,2.3314683517128287e-15,2.7755575615628914e-15,2.9976021664879227e-15,2.55351295663786e-15,2.4424906541753444e-15,2.55351295663786e-15,3.1086244689504383e-15,2.55351295663786e-15,2.9976021664879227e-15,2.9976021664879227e-15,2.7755575615628914e-15,2.6645352591003757e-15,2.7755575615628914e-15,2.7755575615628914e-15,2.6645352591003757e-15,2.4424906541753444e-15,2.55351295663786e-15,2.1094237467877974e-15,2.1094237467877974e-15,2.3314683517128287e-15,2.3314683517128287e-15,2.3314683517128287e-15,2.3314683517128287e-15,2.1094237467877974e-15,2.9976021664879227e-15,2.220446049250313e-15,2.220446049250313e-15,2.4424906541753444e-15,2.220446049250313e-15,2.220446049250313e-15,2.6645352591003757e-15,2.886579864025407e-15,2.220446049250313e-15,2.6645352591003757e-15,2.6645352591003757e-15,2.220446049250313e-15,2.6645352591003757e-15,2.4424906541753444e-15,1.7763568394002505e-15,1.5543122344752192e-15,1.3322676295501878e-15,1.5543122344752192e-15,-2.220446049250313e-16,8.881784197001252e-16,1.1102230246251565e-15,4.440892098500626e-16,4.440892098500626e-16,6.661338147750939e-16,0.0,2.220446049250313e-16,8.881784197001252e-16,6.661338147750939e-16,2.220446049250313e-16,-4.440892098500626e-16,2.220446049250313e-16,2.220446049250313e-16,-4.440892098500626e-16,-4.440892098500626e-16,-1.5543122344752192e-15,-2.220446049250313e-16,-1.3322676295501878e-15,-8.881784197001252e-16,0.0
0.0,0.0,1.6653345369377348e-16,2.220446049250313e-16,3.3306690738754696e-16,3.3306690738754696e-16,3.885780586188048e-16,5.551115123125783e-16,7.216449660063518e-16,8.881784197001252e-16,9.43689570931383e-16,1.1657341758564144e-15,1.27675647831893e-15,1.4432899320127035e-15,1.609823385706477e-15,1.609823385706477e-15,1.7763568394002505e-15,1.6653345369377348e-15,1.9984014443252818e-15,1.7763568394002505e-15,1.942890293094024e-15,1.8318679906315083e-15,2.275957200481571e-15,1.887379141862766e-15,1.7763568394002505e-15,1.9984014443252818e-15,2.1094237467877974e-15,2.0539125955565396e-15,2.1094237467877974e-15,1.9984014443252818e-15,2.1094237467877974e-15,2.55351295663786e-15,2.4424906541753444e-15,2.3314683517128287e-15,2.886579864025407e-15,2.4424906541753444e-15,2.55351295663786e-15,2.6645352591003757e-15,2.886579864025407e-15,2.9976021664879227e-15,2.9976021664879227e-15,2.886579864025407e-15,2.886579864025407e-15,2.7755575615628914e-15,3.1086244689504383e-15,2.886579864025407e-15,3.1086244689504383e-15,3.3306690738754696e-15,3.219646771412954e-15,2.9976021664879227e-15,2.886579864025407e-15,2.7755575615628914e-15,2.886579864025407e-15,2.9976021664879227e-15,2.9976021664879227e-15,2.55351295663786e-15,2.3314683517128287e-15,2.4424906541753444e-15,2.886579864025407e-15,2.9976021664879227e-15,2.55351295663786e-15,2.4424906541753444e-15,2.886579864025407e-15,2.6645352591003757e-15,3.1086244689504383e-15,3.1086244689504383e-15,2.886579864025407e-15,2.6645352591003757e-15,3.3306690738754696e-15,3.1086244689504383e-15,3.3306690738754696e-15,3.552713678800501e-15,3.552713678800501e-15,3.1086244689504383e-15,2.4424906541753444e-15,2.6645352591003757e-15,2.4424906541753444e-15,1.9984014443252818e-15,2.220446049250313e-15,1.5543122344752192e-15,8.881784197001252e-16,1.5543122344752192e-15,1.7763568394002505e-15,4.440892098500626e-16,8.881784197001252e-16,1.1102230246251565e-15,4.440892098500626e-16,8.881784197001252e-16,8.881784197001252e-16,6.661338147750939e-16,8.881784197001252e-16,4.440892098500626e-16,8.881784197001252e-16,8.881784197001252e-16,8.881784197001252e-16,2.220446049250313e-16,-2.220446049250313e-16,4.440892098500626e-16,0.0,4.440892098500626e-16,4.440892098500626e-16
1.1102230246251565e-16,0.0,1.6653345369377348e-16,2.7755575615628914e-16,4.996003610813204e-16,3.885780586188048e-16,4.996003610813204e-16,7.216449660063518e-16,7.771561172376096e-16,9.43689570931383e-16,1.1102230246251565e-15,1.27675647831893e-15,1.4988010832439613e-15,1.7208456881689926e-15,1.887379141862766e-15,1.887379141862766e-15,2.1094237467877974e-15,1.9984014443252818e-15,2.1649348980190553e-15,1.887379141862766e-15,2.1094237467877974e-15,1.9984014443252818e-15,2.275957200481571e-15,2.1094237467877974e-15,2.220446049250313e-15,2.275957200481571e-15,2.3869795029440866e-15,2.4424906541753444e-15,2.6645352591003757e-15,2.3314683517128287e-15,2.6645352591003757e-15,2.6645352591003757e-15,2.7755575615628914e-15,2.6645352591003757e-15,2.886579864025407e-15,2.55351295663786e-15,3.1086244689504383e-15,3.1086244689504383e-15,2.7755575615628914e-15,3.3306690738754696e-15,3.552713678800501e-15,3.219646771412954e-15,3.219646771412954e-15,3.1086244689504383e-15,3.4416913763379853e-15,3.219646771412954e-15,3.4416913763379853e-15,3.6637359812630166e-15,3.4416913763379853e-15,2.886579864025407e-15,3.552713678800501e-15,3.219646771412954e-15,3.552713678800501e-15,3.3306690738754696e-15,3.3306690738754696e-15,3.1086244689504383e-15,3.1086244689504383e-15,2.886579864025407e-15,3.4416913763379853e-15,3.552713678800501e-15,3.1086244689504383e-15,2.886579864025407e-15,3.3306690738754696e-15,3.3306690738754696e-15,3.3306690738754696e-15,3.3306690738754696e-15,3.1086244689504383e-15,3.1086244689504383e-15,3.552713678800501e-15,3.9968028886505635e-15,3.9968028886505635e-15,3.774758283725532e-15,3.552713678800501e-15,3.3306690738754696e-15,3.3306690738754696e-15,3.1086244689504383e-15,2.886579864025407e-15,2.220446049250313e-15,2.4424906541753444e-15,2.4424906541753444e-15,6.661338147750939e-16,1.5543122344752192e-15,2.220446049250313e-15,8.881784197001252e-16,1.5543122344752192e-15,1.7763568394002505e-15,6.661338147750939e-16,1.5543122344752192e-15,1.5543122344752192e-15,1.3322676295501878e-15,1.7763568394002505e-15,8.881784197001252e-16,1.5543122344752192e-15,1.5543122344752192e-15,1.5543122344752192e-15,1.7763568394002505e-15,4.440892098500626e-16,1.7763568394002505e-15,4.440892098500626e-16,8.881784197001252e-16,8.881784197001252e-16
0.0,-5.551115123125783e-17,1.1102230246251565e-16,2.220446049250313e-16,3.3306690738754696e-16,3.3306690738754696e-16,4.440892098500626e-16,6.106226635438361e-16,7.771561172376096e-16,9.43689570931383e-16,1.0547118733938987e-15,1.3877787807814457e-15,1.3877787807814457e-15,1.7763568394002505e-15,1.9984014443252818e-15,1.887379141862766e-15,2.220446049250313e-15,2.1649348980190553e-15,2.220446049250313e-15,2.1094237467877974e-15,2.1649348980190553e-15,2.220446049250313e-15,2.3314683517128287e-15,2.1649348980190553e-15,1.9984014443252818e-15,2.220446049250313e-15,2.4424906541753444e-15,2.4424906541753444e-15,2.55351295663786e-15,2.3314683517128287e-15,2.6645352591003757e-15,2.6645352591003757e-15,2.7755575615628914e-15,2.6645352591003757e-15,2.886579864025407e-15,2.6645352591003757e-15,2.9976021664879227e-15,2.9976021664879227e-15,2.9976021664879227e-15,3.219646771412954e-15,3.3306690738754696e-15,3.1086244689504383e-15,3.219646771412954e-15,3.3306690738754696e-15,3.552713678800501e-15,3.1086244689504383e-15,3.219646771412954e-15,3.6637359812630166e-15,3.4416913763379853e-15,2.9976021664879227e-15,3.1086244689504383e-15,3.219646771412954e-15,2.9976021664879227e-15,3.1086244689504383e-15,3.219646771412954e-15,2.9976021664879227e-15,2.55351295663786e-15,2.55351295663786e-15,3.3306690738754696e-15,3.219646771412954e-15,3.1086244689504383e-15,2.6645352591003757e-15,3.3306690738754696e-15,3.1086244689504383e-15,3.1086244689504383e-15,3.1086244689504383e-15,3.3306690738754696e-15,3.1086244689504383e-15,3.774758283725532e-15,3.774758283725532e-15,4.218847493575595e-15,3.774758283725532e-15,3.3306690738754696e-15,2.886579864025407e-15,3.3306690738754696e-15,3.3306690738754696e-15,2.886579864025407e-15,1.9984014443252818e-15,2.4424906541753444e-15,2.220446049250313e-15,6.661338147750939e-16,1.5543122344752192e-15,1.5543122344752192e-15,6.661338147750939e-16,1.1102230246251565e-15,1.7763568394002505e-15,2.220446049250313e-16,6.661338147750939e-16,1.3322676295501878e-15,1.3322676295501878e-15,1.1102230246251565e-15,6.661338147750939e-16,1.7763568394002505e-15,6.661338147750939e-16,6.661338147750939e-16,8.881784197001252e-16,4.440892098500626e-16,8.881784197001252e-16,8.881784197001252e-16,4.440892098500626e-16,0.0
-5.551115123125783e-17,-1.1102230246251565e-16,-5.551115123125783e-17,1.6653345369377348e-16,5.551115123125783e-17,1.6653345369377348e-16,2.7755575615628914e-16,5.551115123125783e-16,6.106226635438361e-16,7.216449660063518e-16,9.43689570931383e-16,1.1657341758564144e-15,1.4988010832439613e-15,1.7208456881689926e-15,1.8318679906315083e-15,1.887379141862766e-15,2.1094237467877974e-15,1.942890293094024e-15,1.9984014443252818e-15,1.9984014443252818e-15,2.3314683517128287e-15,2.0539125955565396e-15,2.0539125955565396e-15,1.887379141862766e-15,1.9984014443252818e-15,2.1094237467877974e-15,2.1094237467877974e-15,2.3314683517128287e-15,2.4424906541753444e-15,2.3314683517128287e-15,2.3314683517128287e-15,2.6645352591003757e-15,2.7755575615628914e-15,2.55351295663786e-15,2.886579864025407e-15,2.55351295663786e-15,2.886579864025407e-15,2.7755575615628914e-15,3.1086244689504383e-15,3.1086244689504383e-15,3.219646771412954e-15,2.9976021664879227e-15,2.7755575615628914e-15,2.9976021664879227e-15,3.4416913763379853e-15,2.886579864025407e-15,3.219646771412954e-15,3.1086244689504383e-15,3.4416913763379853e-15,2.9976021664879227e-15,2.9976021664879227e-15,2.9976021664879227e-15,3.1086244689504383e-15,2.9976021664879227e-15,2.9976021664879227e-15,2.6645352591003757e-15,2.886579864025407e-15,2.3314683517128287e-15,3.219646771412954e-15,2.886579864025407e-15,2.4424906541753444e-15,2.6645352591003757e-15,3.1086244689504383e-15,2.886579864025407e-15,2.886579864025407e-15,3.1086244689504383e-15,3.1086244689504383e-15,3.1086244689504383e-15,3.3306690738754696e-15,3.552713678800501e-15,3.774758283725532e-15,2.886579864025407e-15,3.1086244689504383e-15,3.1086244689504383e-15,2.6645352591003757e-15,2.886579864025407e-15,2.886579864025407e-15,1.7763568394002505e-15,2.220446049250313e-15,1.9984014443252818e-15,2.220446049250313e-16,1.1102230246251565e-15,8.881784197001252e-16,4.440892098500626e-16,6.661338147750939e-16,6.661338147750939e-16,4.440892098500626e-16,4.440892098500626e-16,0.0,4.440892098500626e-16,2.220446049250313e-16,-8.881784197001252e-16,8.881784197001252e-16,-2.220446049250313e-16,-4.440892098500626e-16,-4.440892098500626e-16,0.0,1.3322676295501878e-15,4.440892098500626e-16,0.0,-1.3322676295501878e-15
-1.6653345369377348e-16,-5.551115123125783e-17,1.1102230246251565e-16,1.6653345369377348e-16,2.7755575615628914e-16,2.7755575615628914e-16,3.3306690738754696e-16,6.106226635438361e-16,7.216449660063518e-16,8.326672684688674e-16,1.1102230246251565e-15,1.4988010832439613e-15,1.609823385706477e-15,1.7208456881689926e-15,1.9984014443252818e-15,1.9984014443252818e-15,2.1094237467877974e-15,2.1649348980190553e-15,2.275957200481571e-15,2.1649348980190553e-15,2.220446049250313e-15,2.275957200481571e-15,2.3314683517128287e-15,2.1649348980190553e-15,2.3314683517128287e-15,2.4424906541753444e-15,2.4424906541753444e-15,2.3314683517128287e-15,2.55351295663786e-15,2.6645352591003757e-15,2.55351295663786e-15,2.6645352591003757e-15,2.886579864025407e-15,2.7755575615628914e-15,3.219646771412954e-15,2.6645352591003757e-15,3.3306690738754696e-15,3.1086244689504383e-15,2.886579864025407e-15,3.3306690738754696e-15,3.4416913763379853e-15,3.3306690738754696e-15,3.219646771412954e-15,3.1086244689504383e-15,3.4416913763379853e-15,3.1086244689504383e-15,3.552713678800501e-15,3.3306690738754696e-15,3.3306690738754696e-15,3.1086244689504383e-15,3.219646771412954e-15,3.1086244689504383e-15,3.4416913763379853e-15,3.219646771412954e-15,3.3306690738754696e-15,2.9976021664879227e-15,2.9976021664879227e-15,2.6645352591003757e-15,3.1086244689504383e-15,3.3306690738754696e-15,3.1086244689504383e-15,2.6645352591003757e-15,3.552713678800501e-15,3.1086244689504383e-15,2.886579864025407e-15,3.1086244689504383e-15,3.3306690738754696e-15,3.3306690738754696e-15,3.774758283725532e-15,4.440892098500626e-15,3.774758283725532e-15,3.3306690738754696e-15,3.1086244689504383e-15,3.1086244689504383e-15,2.886579864025407e-15,2.886579864025407e-15,2.6645352591003757e-15,2.220446049250313e-15,2.220446049250313e-15,1.7763568394002505e-15,1.3322676295501878e-15,1.3322676295501878e-15,1.1102230246251565e-15,1.1102230246251565e-15,1.1102230246251565e-15,1.3322676295501878e-15,2.220446049250313e-16,1.1102230246251565e-15,4.440892098500626e-16,6.661338147750939e-16,4.440892098500626e-16,-2.220446049250313e-16,1.1102230246251565e-15,4.440892098500626e-16,4.440892098500626e-16,0.0,0.0,4.440892098500626e-16,1.3322676295501878e-15,0.0,8.881784197001252e-16
5.551115123125783e-17,-5.551115123125783e-17,1.6653345369377348e-16,1.6653345369377348e-16,1.6653345369377348e-16,5.551115123125783e-17,2.7755575615628914e-16,4.440892098500626e-16,8.326672684688674e-16,8.326672684688674e-16,1.2212453270876722e-15,1.3322676295501878e-15,1.4432899320127035e-15,1.7763568394002505e-15,1.9984014443252818e-15,1.887379141862766e-15,1.9984014443252818e-15,2.1094237467877974e-15,2.3314683517128287e-15,2.1649348980190553e-15,2.1649348980190553e-15,2.275957200481571e-15,2.220446049250313e-15,2.220446049250313e-15,2.220446049250313e-15,2.3314683517128287e-15,2.4424906541753444e-15,2.4424906541753444e-15,2.55351295663786e-15,2.6645352591003757e-15,2.55351295663786e-15,2.6645352591003757e-15,2.6645352591003757e-15,2.886579864025407e-15,3.1086244689504383e-15,2.6645352591003757e-15,3.3306690738754696e-15,3.1086244689504383e-15,2.886579864025407e-15,3.4416913763379853e-15,3.4416913763379853e-15,3.1086244689504383e-15,3.219646771412954e-15,2.9976021664879227e-15,3.552713678800501e-15,3.1086244689504383e-15,3.219646771412954e-15,3.219646771412954e-15,2.9976021664879227e-15,3.1086244689504383e-15,2.886579864025407e-15,3.3306690738754696e-15,3.219646771412954e-15,3.3306690738754696e-15,3.3306690738754696e-15,3.219646771412954e-15,2.9976021664879227e-15,3.1086244689504383e-15,3.3306690738754696e-15,3.3306690738754696e-15,2.886579864025407e-15,2.6645352591003757e-15,3.3306690738754696e-15,3.1086244689504383e-15,2.886579864025407e-15,2.886579864025407e-15,3.1086244689504383e-15,3.1086244689504383e-15,3.774758283725532e-15,3.552713678800501e-15,3.9968028886505635e-15,3.3306690738754696e-15,3.1086244689504383e-15,2.6645352591003757e-15,3.1086244689504383e-15,2.886579864025407e-15,2.4424906541753444e-15,2.4424906541753444e-15,1.9984014443252818e-15,1.3322676295501878e-15,6.661338147750939e-16,1.1102230246251565e-15,1.7763568394002505e-15,8.881784197001252e-16,8.881784197001252e-16,8.881784197001252e-16,-4.440892098500626e-16,2.220446049250313e-16,0.0,6.661338147750939e-16,0.0,-1.3322676295501878e-15,0.0,0.0,4.440892098500626e-16,-4.440892098500626e-16,0.0,0.0,4.440892098500626e-16,-4.440892098500626e-16,-4.440892098500626e-16
0.0,-5.551115123125783e-17,1.1102230246251565e-16,2.7755575615628914e-16,0.0,2.220446049250313e-16,3.885780586188048e-16,4.996003610813204e-16,8.326672684688674e-16,9.43689570931383e-16,1.1657341758564144e-15,1.4988010832439613e-15,1.6653345369377348e-15,1.887379141862766e-15,1.8318679906315083e-15,1.942890293094024e-15,2.1649348980190553e-15,2.1649348980190553e-15,2.220446049250313e-15,2.1094237467877974e-15,2.275957200481571e-15,2.275957200481571e-15,2.3314683517128287e-15,2.3314683517128287e-15,2.1094237467877974e-15,2.3314683517128287e-15,2.55351295663786e-15,2.55351295663786e-15,2.7755575615628914e-15,2.6645352591003757e-15,2.6645352591003757e-15,2.7755575615628914e-15,2.886579864025407e-15,3.219646771412954e-15,3.1086244689504383e-15,2.9976021664879227e-15,3.219646771412954e-15,3.219646771412954e-15,2.9976021664879227e-15,3.6637359812630166e-15,3.3306690738754696e-15,3.1086244689504383e-15,3.219646771412954e-15,3.219646771412954e-15,3.552713678800501e-15,3.1086244689504383e-15,3.4416913763379853e-15,3.219646771412954e-15,3.4416913763379853e-15,3.219646771412954e-15,3.1086244689504383e-15,2.9976021664879227e-15,3.3306690738754696e-15,3.1086244689504383e-15,3.4416913763379853e-15,3.219646771412954e-15,3.3306690738754696e-15,3.1086244689504383e-15,3.552713678800501e-15,3.552713678800501e-15,3.3306690738754696e-15,2.886579864025407e-15,3.552713678800501e-15,3.3306690738754696e-15,2.886579864025407e-15,3.1086244689504383e-15,3.3306690738754696e-15,3.1086244689504383e-15,3.774758283725532e-15,3.9968028886505635e-15,4.218847493575595e-15,3.3306690738754696e-15,2.886579864025407e-15,3.3306690738754696e-15,2.886579864025407e-15,3.1086244689504383e-15,2.886579864025407e-15,2.4424906541753444e-15,1.7763568394002505e-15,1.5543122344752192e-15,0.0,8.881784197001252e-16,1.3322676295501878e-15,1.1102230246251565e-15,6.661338147750939e-16,1.1102230246251565e-15,-2.220446049250313e-16,4.440892098500626e-16,-4.440892098500626e-16,2.220446049250313e-16,4.440892098500626e-16,-1.3322676295501878e-15,4.440892098500626e-16,0.0,0.0,-8.881784197001252e-16,-1.3322676295501878e-15,0.0,0.0,0.0,0.0
5.551115123125783e-17,5.551115123125783e-17,1.1102230246251565e-16,1.6653345369377348e-16,1.6653345369377348e-16,2.220446049250313e-16,3.3306690738754696e-16,4.996003610813204e-16,8.881784197001252e-16,8.326672684688674e-16,1.2212453270876722e-15,1.5543122344752192e-15,1.6653345369377348e-15,1.887379141862766e-15,1.887379141862766e-15,1.9984014443252818e-15,2.275957200481571e-15,2.275957200481571e-15,2.1649348980190553e-15,2.1649348980190553e-15,2.1094237467877974e-15,2.3314683517128287e-15,2.220446049250313e-15,2.3314683517128287e-15,2.3314683517128287e-15,2.4424906541753444e-15,2.4424906541753444e-15,2.4424906541753444e-15,2.6645352591003757e-15,2.7755575615628914e-15,2.7755575615628914e-15,2.886579864025407e-15,2.886579864025407e-15,3.4416913763379853e-15,3.219646771412954e-15,3.219646771412954e-15,3.552713678800501e-15,3.6637359812630166e-15,3.1086244689504383e-15,3.6637359812630166e-15,3.552713678800501e-15,3.219646771412954e-15,3.4416913763379853e-15,3.3306690738754696e-15,3.6637359812630166e-15,3.552713678800501e-15,3.6637359812630166e-15,3.4416913763379853e-15,3.219646771412954e-15,3.4416913763379853e-15,3.552713678800501e-15,3.219646771412954e-15,3.552713678800501e-15,3.552713678800501e-15,3.552713678800501e-15,3.552713678800501e-15,3.9968028886505635e-15,3.552713678800501e-15,3.774758283725532e-15,3.774758283725532e-15,3.774758283725532e-15,2.886579864025407e-15,3.552713678800501e-15,3.552713678800501e-15,3.3306690738754696e-15,2.886579864025407e-15,3.3306690738754696e-15,3.552713678800501e-15,3.9968028886505635e-15,4.218847493575595e-15,3.9968028886505635e-15,3.552713678800501e-15,3.552713678800501e-15,3.3306690738754696e-15,3.3306690738754696e-15,3.1086244689504383e-15,2.6645352591003757e-15,2.220446049250313e-15,2.4424906541753444e-15,1.3322676295501878e-15,8.881784197001252e-16,8.881784197001252e-16,1.3322676295501878e-15,1.3322676295501878e-15,6.661338147750939e-16,6.661338147750939e-16,-4.440892098500626e-16,6.661338147750939e-16,-6.661338147750939e-16,-2.220446049250313e-16,-8.881784197001252e-16,-1.3322676295501878e-15,0.0,-4.440892098500626e-16,-4.440892098500626e-16,-1.7763568394002505e-15,-8.881784197001252e-16,-1.7763568394002505e-15,0.0,-4.440892098500626e-16,-4.440892098500626e-16
1.1102230246251565e-16,0.0,1.1102230246251565e-16,5.551115123125783e-17,1.6653345369377348e-16,5.551115123125783e-17,1.6653345369377348e-16,4.440892098500626e-16,7.216449660063518e-16,7.216449660063518e-16,1.1102230246251565e-15,1.3322676295501878e-15,1.4988010832439613e-15,1.8318679906315083e-15,1.8318679906315083e-15,1.887379141862766e-15,2.275957200481571e-15,1.9984014443252818e-15,2.275957200481571e-15,2.1649348980190553e-15,1.887379141862766e-15,2.220446049250313e-15,2.3314683517128287e-15,2.220446049250313e-15,1.9984014443252818e-15,2.4424906541753444e-15,2.55351295663786e-15,2.4424906541753444e-15,2.55351295663786e-15,2.7755575615628914e-15,2.55351295663786e-15,3.1086244689504383e-15,2.6645352591003757e-15,3.3306690738754696e-15,2.886579864025407e-15,3.1086244689504383e-15,3.3306690738754696e-15,3.219646771412954e-15,2.886579864025407e-15,3.4416913763379853e-15,3.4416913763379853e-15,3.3306690738754696e-15,2.886579864025407e-15,3.219646771412954e-15,3.552713678800501e-15,2.9976021664879227e-15,3.219646771412954e-15,2.7755575615628914e-15,3.1086244689504383e-15,3.3306690738754696e-15,2.9976021664879227e-15,3.3306690738754696e-15,3.552713678800501e-15,3.552713678800501e-15,3.1086244689504383e-15,3.774758283725532e-15,3.774758283725532e-15,3.774758283725532e-15,3.3306690738754696e-15,3.774758283725532e-15,3.552713678800501e-15,3.3306690738754696e-15,3.774758283725532e-15,3.552713678800501e-15,3.3306690738754696e-15,3.1086244689504383e-15,3.3306690738754696e-15,3.1086244689504383e-15,3.9968028886505635e-15,3.3306690738754696e-15,3.9968028886505635e-15,2.886579864025407e-15,2.886579864025407e-15,3.1086244689504383e-15,2.4424906541753444e-15,2.886579864025407e-15,2.6645352591003757e-15,1.9984014443252818e-15,2.6645352591003757e-15,1.5543122344752192e-15,6.661338147750939e-16,6.661338147750939e-16,1.3322676295501878e-15,1.1102230246251565e-15,4.440892098500626e-16,6.661338147750939e-16,-8.881784197001252e-16,0.0,-1.5543122344752192e-15,-4.440892098500626e-16,-1.7763568394002505e-15,-1.7763568394002505e-15,0.0,-2.6645352591003757e-15,-2.6645352591003757e-15,-3.1086244689504383e-15,-2.220446049250313e-15,-2.6645352591003757e-15,-1.7763568394002505e-15,-1.7763568394002505e-15,-8.881784197001252e-16
0.0,0.0,-5.551115123125783e-17,5.551115123125783e-17,-5.551115123125783e-17,-5.551115123125783e-17,5.551115123125783e-17,3.3306690738754696e-16,6.661338147750939e-16,5.551115123125783e-16,9.43689570931383e-16,1.27675647831893e-15,1.4988010832439613e-15,1.7208456881689926e-15,1.6653345369377348e-15,1.942890293094024e-15,2.1649348980190553e-15,1.887379141862766e-15,1.8318679906315083e-15,1.9984014443252818e-15,1.887379141862766e-15,1.9984014443252818e-15,1.9984014443252818e-15,2.1094237467877974e-15,2.220446049250313e-15,2.3314683517128287e-15,2.7755575615628914e-15,2.4424906541753444e-15,2.55351295663786e-15,2.7755575615628914e-15,2.7755575615628914e-15,2.886579864025407e-15,2.7755575615628914e-15,3.219646771412954e-15,3.1086244689504383e-15,2.9976021664879227e-15,3.219646771412954e-15,3.219646771412954e-15,2.886579864025407e-15,3.4416913763379853e-15,3.3306690738754696e-15,3.219646771412954e-15,3.1086244689504383e-15,2.9976021664879227e-15,3.4416913763379853e-15,2.9976021664879227e-15,3.1086244689504383e-15,2.9976021664879227e-15,2.886579864025407e-15,3.1086244689504383e-15,3.219646771412954e-15,3.1086244689504383e-15,3.4416913763379853e-15,3.3306690738754696e-15,3.552713678800501e-15,3.3306690738754696e-15,3.774758283725532e-15,3.3306690738754696e-15,2.886579864025407e-15,3.1086244689504383e-15,3.1086244689504383e-15,2.6645352591003757e-15,3.552713678800501e-15,3.3306690738754696e-15,2.6645352591003757e-15,2.886579864025407e-15,3.552713678800501e-15,3.3306690738754696e-15,3.552713678800501e-15,3.3306690738754696e-15,3.552713678800501e-15,2.220446049250313e-15,2.6645352591003757e-15,2.4424906541753444e-15,2.4424906541753444e-15,2.4424906541753444e-15,1.7763568394002505e-15,1.9984014443252818e-15,2.220446049250313e-15,4.440892098500626e-16,8.881784197001252e-16,6.661338147750939e-16,1.1102230246251565e-15,4.440892098500626e-16,-2.220446049250313e-16,2.220446049250313e-16,-1.1102230246251565e-15,-1.3322676295501878e-15,-2.220446049250313e-15,-4.440892098500626e-16,-1.3322676295501878e-15,-2.6645352591003757e-15,-1.7763568394002505e-15,-2.6645352591003757e-15,-3.1086244689504383e-15,-3.552713678800501e-15,-3.9968028886505635e-15,-3.552713678800501e-15,-3.1086244689504383e-15,-1.3322676295501878e-15,-8.881784197001252e-16
-5.551115123125783e-17,-1.6653345369377348e-16,-1.1102230246251565e-16,-1.1102230246251565e-16,1.6653345369377348e-16,2.7755575615628914e-16,2.7755575615628914e-16,4.440892098500626e-16,7.216449660063518e-16,8.881784197001252e-16,1.0547118733938987e-15,1.1657341758564144e-15,1.4988010832439613e-15,1.5543122344752192e-15,1.6653345369377348e-15,1.609823385706477e-15,2.1649348980190553e-15,1.887379141862766e-15,1.9984014443252818e-15,1.9984014443252818e-15,2.1094237467877974e-15,2.1094237467877974e-15,1.9984014443252818e-15,1.9984014443252818e-15,2.220446049250313e-15,2.4424906541753444e-15,2.55351295663786e-15,2.4424906541753444e-15,2.7755575615628914e-15,2.7755575615628914e-15,2.6645352591003757e-15,3.1086244689504383e-15,2.886579864025407e-15,3.219646771412954e-15,3.1086244689504383e-15,3.1086244689504383e-15,3.219646771412954e-15,3.4416913763379853e-15,2.6645352591003757e-15,3.1086244689504383e-15,3.219646771412954e-15,3.4416913763379853e-15,3.4416913763379853e-15,2.7755575615628914e-15,3.3306690738754696e-15,2.9976021664879227e-15,3.219646771412954e-15,3.219646771412954e-15,3.1086244689504383e-15,3.3306690738754696e-15,3.774758283725532e-15,3.3306690738754696e-15,3.552713678800501e-15,3.552713678800501e-15,3.552713678800501e-15,3.552713678800501e-15,3.9968028886505635e-15,3.9968028886505635e-15,3.552713678800501e-15,3.774758283725532e-15,3.774758283725532e-15,3.1086244689504383e-15,3.774758283725532e-15,3.774758283725532e-15,3.3306690738754696e-15,3.3306690738754696e-15,3.774758283725532e-15,3.552713678800501e-15,3.552713678800501e-15,3.774758283725532e-15,3.1086244689504383e-15,3.1086244689504383e-15,2.886579864025407e-15,2.886579864025407e-15,2.6645352591003757e-15,2.886579864025407e-15,1.9984014443252818e-15,2.220446049250313e-15,1.7763568394002505e-15,4.440892098500626e-16,8.881784197001252e-16,1.1102230246251565e-15,1.3322676295501878e-15,4.440892098500626e-16,-2.220446049250313e-16,0.0,-1.3322676295501878e-15,-1.7763568394002505e-15,-2.6645352591003757e-15,-1.7763568394002505e-15,-1.7763568394002505e-15,-3.552713678800501e-15,-2.220446049250313e-15,-2.6645352591003757e-15,-3.1086244689504383e-15,-3.1086244689504383e-15,-3.1086244689504383e-15,-3.552713678800501e-15,-3.552713678800501e-15,-2.6645352591003757e-15,-1.3322676295501878e-15
0.0,0.0,5.551115123125783e-17,1.1102230246251565e-16,2.220446049250313e-16,3.3306690738754696e-16,4.996003610813204e-16,4.440892098500626e-16,9.992007221626409e-16,8.881784197001252e-16,1.0547118733938987e-15,1.3322676295501878e-15,1.4432899320127035e-15,1.609823385706477e-15,1.5543122344752192e-15,1.6653345369377348e-15,2.275957200481571e-15,1.9984014443252818e-15,2.1094237467877974e-15,1.9984014443252818e-15,2.1094237467877974e-15,2.1094237467877974e-15,2.220446049250313e-15,2.220446049250313e-15,2.3314683517128287e-15,2.4424906541753444e-15,2.6645352591003757e-15,2.6645352591003757e-15,2.7755575615628914e-15,2.886579864025407e-15,2.886579864025407e-15,3.1086244689504383e-15,2.9976021664879227e-15,3.219646771412954e-15,3.219646771412954e-15,3.219646771412954e-15,3.4416913763379853e-15,3.552713678800501e-15,2.886579864025407e-15,3.219646771412954e-15,3.885780586188048e-15,3.552713678800501e-15,2.9976021664879227e-15,3.4416913763379853e-15,3.219646771412954e-15,3.4416913763379853e-15,3.9968028886505635e-15,3.219646771412954e-15,3.3306690738754696e-15,3.774758283725532e-15,3.885780586188048e-15,3.774758283725532e-15,4.218847493575595e-15,3.9968028886505635e-15,3.774758283725532e-15,3.774758283725532e-15,4.6629367034256575e-15,3.9968028886505635e-15,3.552713678800501e-15,3.9968028886505635e-15,4.218847493575595e-15,3.774758283725532e-15,3.9968028886505635e-15,3.9968028886505635e-15,3.3306690738754696e-15,3.774758283725532e-15,3.9968028886505635e-15,3.774758283725532e-15,3.774758283725532e-15,3.9968028886505635e-15,3.9968028886505635e-15,2.6645352591003757e-15,3.552713678800501e-15,3.552713678800501e-15,2.6645352591003757e-15,3.552713678800501e-15,2.6645352591003757e-15,2.6645352591003757e-15,3.1086244689504383e-15,1.3322676295501878e-15,1.5543122344752192e-15,1.5543122344752192e-15,1.3322676295501878e-15,4.440892098500626e-16,-6.661338147750939e-16,0.0,-1.7763568394002505e-15,-8.881784197001252e-16,-2.220446049250313e-15,-8.881784197001252e-16,-1.7763568394002505e-15,-3.1086244689504383e-15,-2.220446049250313e-15,-2.6645352591003757e-15,-3.1086244689504383e-15,-3.1086244689504383e-15,-3.1086244689504383e-15,-3.9968028886505635e-15,-3.552713678800501e-15,-2.6645352591003757e-15,0.0
5.551115123125783e-17,0.0,5.551115123125783e-17,1.6653345369377348e-16,2.220446049250313e-16,3.3306690738754696e-16,3.885780586188048e-16,6.106226635438361e-16,9.43689570931383e-16,9.43689570931383e-16,1.1657341758564144e-15,1.3322676295501878e-15,1.4988010832439613e-15,1.7208456881689926e-15,1.6653345369377348e-15,1.7763568394002505e-15,2.220446049250313e-15,1.9984014443252818e-15,2.1094237467877974e-15,2.1094237467877974e-15,2.1094237467877974e-15,2.220446049250313e-15,2.3314683517128287e-15,2.3314683517128287e-15,2.3314683517128287e-15,2.6645352591003757e-15,2.886579864025407e-15,2.886579864025407e-15,2.886579864025407e-15,3.1086244689504383e-15,3.1086244689504383e-15,3.3306690738754696e-15,3.219646771412954e-15,3.552713678800501e-15,3.4416913763379853e-15,3.4416913763379853e-15,3.552713678800501e-15,3.774758283725532e-15,3.1086244689504383e-15,3.6637359812630166e-15,3.885780586188048e-15,3.552713678800501e-15,3.4416913763379853e-15,3.552713678800501e-15,3.885780586188048e-15,3.6637359812630166e-15,3.9968028886505635e-15,3.6637359812630166e-15,3.6637359812630166e-15,4.107825191113079e-15,4.218847493575595e-15,3.9968028886505635e-15,4.440892098500626e-15,4.218847493575595e-15,4.218847493575595e-15,4.218847493575595e-15,4.6629367034256575e-15,4.440892098500626e-15,3.9968028886505635e-15,4.218847493575595e-15,4.440892098500626e-15,4.218847493575595e-15,4.440892098500626e-15,4.440892098500626e-15,4.218847493575595e-15,3.9968028886505635e-15,4.440892098500626e-15,4.218847493575595e-15,4.440892098500626e-15,4.440892098500626e-15,3.9968028886505635e-15,3.552713678800501e-15,3.774758283725532e-15,3.774758283725532e-15,3.1086244689504383e-15,3.552713678800501e-15,2.886579864025407e-15,3.1086244689504383e-15,3.1086244689504383e-15,1.5543122344752192e-15,1.9984014443252818e-15,1.5543122344752192e-15,1.3322676295501878e-15,4.440892098500626e-16,0.0,0.0,-8.881784197001252e-16,-8.881784197001252e-16,-2.220446049250313e-15,-1.3322676295501878e-15,-2.220446049250313e-15,-2.6645352591003757e-15,-1.7763568394002505e-15,-2.6645352591003757e-15,-2.6645352591003757e-15,-3.552713678800501e-15,-3.9968028886505635e-15,-3.9968028886505635e-15,-4.440892098500626e-15,-2.220446049250313e-15,0.0
-5.551115123125783e-17,0.0,0.0,1.6653345369377348e-16,1.1102230246251565e-16,4.440892098500626e-16,4.440892098500626e-16,4.996003610813204e-16,9.992007221626409e-16,1.0547118733938987e-15,1.1657341758564144e-15,1.27675647831893e-15,1.5543122344752192e-15,1.7208456881689926e-15,1.5543122344752192e-15,1.6653345369377348e-15,2.3314683517128287e-15,1.887379141862766e-15,1.9984014443252818e-15,1.887379141862766e-15,2.220446049250313e-15,2.3314683517128287e-15,2.220446049250313e-15,2.4424906541753444e-15,2.4424906541753444e-15,2.55351295663786e-15,2.9976021664879227e-15,2.7755575615628914e-15,2.9976021664879227e-15,2.9976021664879227e-15,3.3306690738754696e-15,3.3306690738754696e-15,3.1086244689504383e-15,3.4416913763379853e-15,3.4416913763379853e-15,3.4416913763379853e-15,3.6637359812630166e-15,3.885780586188048e-15,3.1086244689504383e-15,3.885780586188048e-15,4.107825191113079e-15,3.6637359812630166e-15,3.3306690738754696e-15,3.6637359812630166e-15,3.6637359812630166e-15,3.552713678800501e-15,3.9968028886505635e-15,4.3298697960381105e-15,3.9968028886505635e-15,4.440892098500626e-15,4.440892098500626e-15,3.9968028886505635e-15,4.440892098500626e-15,4.440892098500626e-15,4.218847493575595e-15,4.6629367034256575e-15,4.440892098500626e-15,4.884981308350689e-15,4.218847493575595e-15,4.440892098500626e-15,4.440892098500626e-15,4.218847493575595e-15,4.6629367034256575e-15,4.440892098500626e-15,3.9968028886505635e-15,3.9968028886505635e-15,4.884981308350689e-15,3.9968028886505635e-15,4.440892098500626e-15,4.218847493575595e-15,4.218847493575595e-15,3.3306690738754696e-15,4.218847493575595e-15,4.440892098500626e-15,3.3306690738754696e-15,3.3306690738754696e-15,3.1086244689504383e-15,2.886579864025407e-15,2.6645352591003757e-15,1.1102230246251565e-15,1.5543122344752192e-15,1.3322676295501878e-15,1.5543122344752192e-15,2.220446049250313e-16,-4.440892098500626e-16,0.0,-1.3322676295501878e-15,-8.881784197001252e-16,-2.220446049250313e-15,-2.220446049250313e-15,-2.6645352591003757e-15,-1.7763568394002505e-15,-1.7763568394002505e-15,-3.1086244689504383e-15,-3.1086244689504383e-15,-3.552713678800501e-15,-4.440892098500626e-15,-4.440892098500626e-15,-4.884981308350689e-15,-3.1086244689504383e-15,-4.440892098500626e-16
-1.1102230246251565e-16,1.6653345369377348e-16,1.6653345369377348e-16,3.3306690738754696e-16,3.885780586188048e-16,6.106226635438361e-16,4.996003610813204e-16,6.661338147750939e-16,1.2212453270876722e-15,1.3322676295501878e-15,1.3877787807814457e-15,1.609823385706477e-15,1.7763568394002505e-15,1.8318679906315083e-15,1.887379141862766e-15,1.9984014443252818e-15,2.1094237467877974e-15,1.9984014443252818e-15,2.3314683517128287e-15,2.220446049250313e-15,2.4424906541753444e-15,2.4424906541753444e-15,2.55351295663786e-15,2.7755575615628914e-15,2.886579864025407e-15,3.1086244689504383e-15,3.219646771412954e-15,3.3306690738754696e-15,3.3306690738754696e-15,3.3306690738754696e-15,3.774758283725532e-15,3.9968028886505635e-15,3.6637359812630166e-15,3.6637359812630166e-15,3.9968028886505635e-15,3.774758283725532e-15,4.3298697960381105e-15,3.885780586188048e-15,3.4416913763379853e-15,4.218847493575595e-15,4.3298697960381105e-15,4.218847493575595e-15,3.774758283725532e-15,4.218847493575595e-15,4.551914400963142e-15,4.3298697960381105e-15,4.9960036108132044e-15,4.218847493575595e-15,4.440892098500626e-15,5.10702591327572e-15,5.10702591327572e-15,4.884981308350689e-15,5.773159728050814e-15,5.329070518200751e-15,5.329070518200751e-15,5.10702591327572e-15,5.329070518200751e-15,5.329070518200751e-15,5.10702591327572e-15,5.10702591327572e-15,5.10702591327572e-15,5.10702591327572e-15,5.329070518200751e-15,5.329070518200751e-15,4.884981308350689e-15,5.551115123125783e-15,5.773159728050814e-15,5.10702591327572e-15,5.329070518200751e-15,5.773159728050814e-15,5.551115123125783e-15,4.6629367034256575e-15,4.6629367034256575e-15,4.884981308350689e-15,4.6629367034256575e-15,4.6629367034256575e-15,3.9968028886505635e-15,4.440892098500626e-15,3.774758283725532e-15,2.6645352591003757e-15,3.1086244689504383e-15,1.9984014443252818e-15,1.9984014443252818e-15,8.881784197001252e-16,4.440892098500626e-16,1.3322676295501878e-15,0.0,-4.440892098500626e-16,-8.881784197001252e-16,-1.3322676295501878e-15,-1.3322676295501878e-15,-1.3322676295501878e-15,-8.881784197001252e-16,-2.220446049250313e-15,-2.220446049250313e-15,-2.220446049250313e-15,-3.1086244689504383e-15,-3.552713678800501e-15,-4.440892098500626e-15,-1.7763568394002505e-15,0.0
-1.1102230246251565e-16,0.0,5.551115123125783e-17,2.220446049250313e-16,2.7755575615628914e-16,4.440892098500626e-16,4.440892098500626e-16,7.771561172376096e-16,1.1657341758564144e-15,9.43689570931383e-16,1.0547118733938987e-15,1.1657341758564144e-15,1.8318679906315083e-15,1.887379141862766e-15,1.6653345369377348e-15,1.6653345369377348e-15,2.220446049250313e-15,1.9984014443252818e-15,2.220446049250313e-15,2.1094237467877974e-15,2.1094237467877974e-15,2.220446049250313e-15,2.220446049250313e-15,2.55351295663786e-15,2.55351295663786e-15,2.7755575615628914e-15,3.1086244689504383e-15,2.9976021664879227e-15,3.219646771412954e-15,3.552713678800501e-15,3.6637359812630166e-15,3.552713678800501e-15,3.4416913763379853e-15,3.774758283725532e-15,3.885780586188048e-15,3.6637359812630166e-15,3.552713678800501e-15,3.885780586188048e-15,3.3306690738754696e-15,3.885780586188048e-15,3.9968028886505635e-15,3.6637359812630166e-15,3.885780586188048e-15,4.218847493575595e-15,3.885780586188048e-15,3.9968028886505635e-15,4.440892098500626e-15,4.440892098500626e-15,4.218847493575595e-15,4.6629367034256575e-15,5.551115123125783e-15,4.6629367034256575e-15,5.10702591327572e-15,4.884981308350689e-15,5.551115123125783e-15,5.551115123125783e-15,5.10702591327572e-15,5.329070518200751e-15,4.884981308350689e-15,4.884981308350689e-15,5.551115123125783e-15,4.884981308350689e-15,5.329070518200751e-15,4.884981308350689e-15,4.6629367034256575e-15,5.551115123125783e-15,4.884981308350689e-15,4.6629367034256575e-15,5.10702591327572e-15,4.884981308350689e-15,4.6629367034256575e-15,4.440892098500626e-15,4.6629367034256575e-15,4.218847493575595e-15,4.440892098500626e-15,4.6629367034256575e-15,3.552713678800501e-15,3.9968028886505635e-15,3.1086244689504383e-15,2.4424906541753444e-15,1.7763568394002505e-15,2.4424906541753444e-15,1.7763568394002505e-15,8.881784197001252e-16,4.440892098500626e-16,0.0,-8.881784197001252e-16,-1.3322676295501878e-15,-2.220446049250313e-15,-1.3322676295501878e-15,-1.7763568394002505e-15,-1.7763568394002505e-15,-8.881784197001252e-16,-1.7763568394002505e-15,-2.220446049250313e-15,-3.552713678800501e-15,-3.9968028886505635e-15,-3.1086244689504383e-15,-4.440892098500626e-15,-3.1086244689504383e-15,-4.440892098500626e-16
1.6653345369377348e-16,1.1102230246251565e-16,1.6653345369377348e-16,4.996003610813204e-16,3.3306690738754696e-16,4.996003610813204e-16,7.771561172376096e-16,9.992007221626409e-16,1.1102230246251565e-15,1.3877787807814457e-15,1.5543122344752192e-15,1.7208456881689926e-15,1.887379141862766e-15,1.9984014443252818e-15,2.1094237467877974e-15,2.220446049250313e-15,2.3314683517128287e-15,1.887379141862766e-15,2.4424906541753444e-15,2.220446049250313e-15,2.55351295663786e-15,2.4424906541753444e-15,2.7755575615628914e-15,2.55351295663786e-15,2.6645352591003757e-15,3.219646771412954e-15,3.4416913763379853e-15,3.4416913763379853e-15,3.4416913763379853e-15,3.552713678800501e-15,3.774758283725532e-15,3.9968028886505635e-15,4.107825191113079e-15,3.885780586188048e-15,3.9968028886505635e-15,3.885780586188048e-15,4.218847493575595e-15,4.107825191113079e-15,3.774758283725532e-15,4.218847493575595e-15,4.440892098500626e-15,3.9968028886505635e-15,3.885780586188048e-15,4.107825191113079e-15,4.884981308350689e-15,4.218847493575595e-15,5.329070518200751e-15,5.10702591327572e-15,5.10702591327572e-15,5.773159728050814e-15,5.773159728050814e-15,5.551115123125783e-15,5.995204332975845e-15,5.329070518200751e-15,5.773159728050814e-15,6.217248937900877e-15,6.439293542825908e-15,6.217248937900877e-15,5.995204332975845e-15,5.773159728050814e-15,5.995204332975845e-15,6.217248937900877e-15,5.773159728050814e-15,5.995204332975845e-15,5.773159728050814e-15,6.217248937900877e-15,5.995204332975845e-15,5.329070518200751e-15,5.551115123125783e-15,5.329070518200751e-15,5.10702591327572e-15,5.551115123125783e-15,5.10702591327572e-15,5.10702591327572e-15,5.10702591327572e-15,5.10702591327572e-15,5.10702591327572e-15,4.440892098500626e-15,4.6629367034256575e-15,3.1086244689504383e-15,3.1086244689504383e-15,3.9968028886505635e-15,3.1086244689504383e-15,8.881784197001252e-16,4.440892098500626e-16,1.3322676295501878e-15,0.0,-8.881784197001252e-16,-1.3322676295501878e-15,-4.440892098500626e-16,-8.881784197001252e-16,0.0,-8.881784197001252e-16,-8.881784197001252e-16,-1.3322676295501878e-15,-4.440892098500626e-16,-2.220446049250313e-15,-2.6645352591003757e-15,-4.440892098500626e-15,-1.7763568394002505e-15,0.0
5.551115123125783e-17,0.0,1.6653345369377348e-16,2.220446049250313e-16,2.7755575615628914e-16,5.551115123125783e-16,4.440892098500626e-16,8.326672684688674e-16,1.1102230246251565e-15,1.4432899320127035e-15,1.5543122344752192e-15,1.6653345369377348e-15,1.9984014443252818e-15,1.9984014443252818e-15,1.9984014443252818e-15,1.9984014443252818e-15,2.3314683517128287e-15,2.220446049250313e-15,2.220446049250313e-15,2.220446049250313e-15,2.3314683517128287e-15,2.4424906541753444e-15,2.4424906541753444e-15,2.6645352591003757e-15,2.7755575615628914e-15,2.9976021664879227e-15,3.219646771412954e-15,3.552713678800501e-15,3.219646771412954e-15,3.552713678800501e-15,3.885780586188048e-15,4.107825191113079e-15,3.9968028886505635e-15,3.885780586188048e-15,4.107825191113079e-15,3.885780586188048e-15,3.774758283725532e-15,3.885780586188048e-15,3.6637359812630166e-15,3.9968028886505635e-15,4.440892098500626e-15,3.552713678800501e-15,3.6637359812630166e-15,4.551914400963142e-15,4.440892098500626e-15,4.884981308350689e-15,5.10702591327572e-15,4.884981308350689e-15,5.329070518200751e-15,5.995204332975845e-15,5.551115123125783e-15,5.551115123125783e-15,6.661338147750939e-15,6.217248937900877e-15,6.217248937900877e-15,5.773159728050814e-15,6.439293542825908e-15,6.217248937900877e-15,5.773159728050814e-15,5.773159728050814e-15,5.995204332975845e-15,5.329070518200751e-15,6.217248937900877e-15,5.551115123125783e-15,5.995204332975845e-15,5.773159728050814e-15,5.329070518200751e-15,4.884981308350689e-15,5.773159728050814e-15,5.329070518200751e-15,4.884981308350689e-15,5.329070518200751e-15,4.884981308350689e-15,5.329070518200751e-15,5.329070518200751e-15,5.995204332975845e-15,5.10702591327572e-15,5.329070518200751e-15,3.9968028886505635e-15,3.1086244689504383e-15,2.6645352591003757e-15,2.6645352591003757e-15,3.1086244689504383e-15,4.440892098500626e-16,4.440892098500626e-16,8.881784197001252e-16,-1.3322676295501878e-15,-8.881784197001252e-16,-1.7763568394002505e-15,0.0,-8.881784197001252e-16,-4.440892098500626e-16,0.0,-1.7763568394002505e-15,-1.7763568394002505e-15,-1.7763568394002505e-15,-2.220446049250313e-15,-2.6645352591003757e-15,-3.9968028886505635e-15,-2.6645352591003757e-15,0.0
1.1102230246251565e-16,-5.551115123125783e-17,5.551115123125783e-17,2.220446049250313e-16,3.3306690738754696e-16,6.106226635438361e-16,4.996003610813204e-16,7.771561172376096e-16,1.27675647831893e-15,1.3877787807814457e-15,1.6653345369377348e-15,1.6653345369377348e-15,2.1094237467877974e-15,2.1094237467877974e-15,2.1094237467877974e-15,2.3314683517128287e-15,2.4424906541753444e-15,2.1094237467877974e-15,2.3314683517128287e-15,2.1094237467877974e-15,2.3314683517128287e-15,2.6645352591003757e-15,2.7755575615628914e-15,2.6645352591003757e-15,2.7755575615628914e-15,3.1086244689504383e-15,3.3306690738754696e-15,3.885780586188048e-15,3.3306690738754696e-15,3.6637359812630166e-15,4.218847493575595e-15,4.107825191113079e-15,3.885780586188048e-15,3.885780586188048e-15,4.3298697960381105e-15,3.885780586188048e-15,3.885780586188048e-15,3.774758283725532e-15,3.552713678800501e-15,4.3298697960381105e-15,4.3298697960381105e-15,3.9968028886505635e-15,3.6637359812630166e-15,4.6629367034256575e-15,4.6629367034256575e-15,4.6629367034256575e-15,5.329070518200751e-15,5.329070518200751e-15,5.551115123125783e-15,6.217248937900877e-15,6.439293542825908e-15,6.439293542825908e-15,6.661338147750939e-15,7.105427357601002e-15,6.661338147750939e-15,6.661338147750939e-15,6.439293542825908e-15,7.105427357601002e-15,6.8833827526759706e-15,6.661338147750939e-15,6.439293542825908e-15,6.217248937900877e-15,6.8833827526759706e-15,5.995204332975845e-15,6.439293542825908e-15,5.995204332975845e-15,5.995204332975845e-15,5.329070518200751e-15,6.217248937900877e-15,5.551115123125783e-15,5.551115123125783e-15,6.217248937900877e-15,5.329070518200751e-15,5.329070518200751e-15,5.995204332975845e-15,5.995204332975845e-15,4.884981308350689e-15,5.10702591327572e-15,4.218847493575595e-15,3.1086244689504383e-15,2.220446049250313e-15,3.552713678800501e-15,3.1086244689504383e-15,4.440892098500626e-16,8.881784197001252e-16,8.881784197001252e-16,4.440892098500626e-16,-4.440892098500626e-16,-1.3322676295501878e-15,-4.440892098500626e-16,-8.881784197001252e-16,0.0,0.0,-8.881784197001252e-16,-8.881784197001252e-16,-8.881784197001252e-16,-2.6645352591003757e-15,-2.220446049250313e-15,-3.9968028886505635e-15,-8.881784197001252e-16,-1.3322676295501878e-15
5.551115123125783e-17,-1.6653345369377348e-16,1.1102230246251565e-16,2.7755575615628914e-16,2.7755575615628914e-16,3.885780586188048e-16,6.106226635438361e-16,7.771561172376096e-16,1.3322676295501878e-15,1.3322676295501878e-15,1.7763568394002505e-15,1.887379141862766e-15,2.1094237467877974e-15,2.220446049250313e-15,2.220446049250313e-15,2.4424906541753444e-15,2.55351295663786e-15,2.3314683517128287e-15,2.55351295663786e-15,2.4424906541753444e-15,2.4424906541753444e-15,2.6645352591003757e-15,2.4424906541753444e-15,2.55351295663786e-15,2.886579864025407e-15,3.219646771412954e-15,3.219646771412954e-15,3.4416913763379853e-15,3.4416913763379853e-15,3.885780586188048e-15,4.107825191113079e-15,4.218847493575595e-15,4.107825191113079e-15,3.774758283725532e-15,4.551914400963142e-15,3.9968028886505635e-15,3.774758283725532e-15,3.9968028886505635e-15,3.6637359812630166e-15,4.440892098500626e-15,4.3298697960381105e-15,3.9968028886505635e-15,3.9968028886505635e-15,4.218847493575595e-15,4.440892098500626e-15,4.440892098500626e-15,5.551115123125783e-15,5.551115123125783e-15,6.217248937900877e-15,6.439293542825908e-15,6.217248937900877e-15,6.8833827526759706e-15,7.327471962526033e-15,7.327471962526033e-15,7.105427357601002e-15,6.8833827526759706e-15,6.8833827526759706e-15,7.105427357601002e-15,7.105427357601002e-15,6.661338147750939e-15,6.8833827526759706e-15,6.439293542825908e-15,6.661338147750939e-15,5.773159728050814e-15,6.439293542825908e-15,6.661338147750939e-15,5.773159728050814e-15,5.10702591327572e-15,6.217248937900877e-15,5.995204332975845e-15,5.773159728050814e-15,6.217248937900877e-15,5.773159728050814e-15,5.773159728050814e-15,5.551115123125783e-15,6.439293542825908e-15,5.329070518200751e-15,5.551115123125783e-15,4.884981308350689e-15,3.9968028886505635e-15,2.6645352591003757e-15,3.552713678800501e-15,3.552713678800501e-15,4.440892098500626e-16,8.881784197001252e-16,1.3322676295501878e-15,0.0,0.0,-8.881784197001252e-16,-4.440892098500626e-16,-4.440892098500626e-16,8.881784197001252e-16,8.881784197001252e-16,0.0,4.440892098500626e-16,-2.6645352591003757e-15,0.0,-4.440892098500626e-16,-2.220446049250313e-15,-4.440892098500626e-16,1.7763568394002505e-15
0.0,-2.220446049250313e-16,5.551115123125783e-17,1.6653345369377348e-16,1.6653345369377348e-16,3.885780586188048e-16,4.996003610813204e-16,7.771561172376096e-16,1.2212453270876722e-15,1.4432899320127035e-15,1.6653345369377348e-15,1.887379141862766e-15,1.9984014443252818e-15,2.3314683517128287e-15,2.3314683517128287e-15,2.1094237467877974e-15,2.4424906541753444e-15,2.4424906541753444e-15,2.55351295663786e-15,2.4424906541753444e-15,2.1094237467877974e-15,2.55351295663786e-15,2.6645352591003757e-15,2.55351295663786e-15,2.7755575615628914e-15,2.886579864025407e-15,3.219646771412954e-15,3.4416913763379853e-15,3.6637359812630166e-15,3.6637359812630166e-15,4.107825191113079e-15,4.440892098500626e-15,3.9968028886505635e-15,3.774758283725532e-15,4.440892098500626e-15,3.6637359812630166e-15,3.774758283725532e-15,3.6637359812630166e-15,3.6637359812630166e-15,3.885780586188048e-15,4.107825191113079e-15,3.774758283725532e-15,3.9968028886505635e-15,4.218847493575595e-15,5.10702591327572e-15,4.6629367034256575e-15,5.10702591327572e-15,5.329070518200751e-15,5.995204332975845e-15,6.439293542825908e-15,6.661338147750939e-15,6.8833827526759706e-15,7.105427357601002e-15,7.549516567451064e-15,7.549516567451064e-15,6.8833827526759706e-15,6.8833827526759706e-15,7.105427357601002e-15,7.105427357601002e-15,7.105427357601002e-15,6.8833827526759706e-15,5.773159728050814e-15,6.8833827526759706e-15,6.439293542825908e-15,5.995204332975845e-15,6.217248937900877e-15,5.773159728050814e-15,5.551115123125783e-15,5.995204332975845e-15,5.995204332975845e-15,5.329070518200751e-15,6.439293542825908e-15,5.551115123125783e-15,5.773159728050814e-15,5.773159728050814e-15,5.995204332975845e-15,5.329070518200751e-15,4.884981308350689e-15,3.9968028886505635e-15,3.9968028886505635e-15,2.220446049250313e-15,3.1086244689504383e-15,2.220446049250313e-15,4.440892098500626e-16,8.881784197001252e-16,4.440892098500626e-16,0.0,-8.881784197001252e-16,-1.3322676295501878e-15,4.440892098500626e-16,-1.3322676295501878e-15,4.440892098500626e-16,0.0,-4.440892098500626e-16,-4.440892098500626e-16,-8.881784197001252e-16,-8.881784197001252e-16,0.0,-2.220446049250313e-15,-4.440892098500626e-16,8.881784197001252e-16
-5.551115123125783e-17,-2.7755575615628914e-16,-1.6653345369377348e-16,1.6653345369377348e-16,1.1102230246251565e-16,2.220446049250313e-16,2.220446049250313e-16,5.551115123125783e-16,9.992007221626409e-16,1.2212453270876722e-15,1.4432899320127035e-15,1.887379141862766e-15,2.1094237467877974e-15,2.220446049250313e-15,2.1094237467877974e-15,2.220446049250313e-15,2.220446049250313e-15,2.220446049250313e-15,2.4424906541753444e-15,1.9984014443252818e-15,2.220446049250313e-15,2.4424906541753444e-15,2.3314683517128287e-15,2.3314683517128287e-15,2.6645352591003757e-15,2.7755575615628914e-15,3.1086244689504383e-15,3.219646771412954e-15,3.552713678800501e-15,3.4416913763379853e-15,3.6637359812630166e-15,4.107825191113079e-15,3.885780586188048e-15,3.552713678800501e-15,4.218847493575595e-15,3.6637359812630166e-15,3.552713678800501e-15,3.552713678800501e-15,3.552713678800501e-15,3.6637359812630166e-15,3.9968028886505635e-15,3.774758283725532e-15,3.774758283725532e-15,3.774758283725532e-15,4.440892098500626e-15,4.440892098500626e-15,5.10702591327572e-15,4.884981308350689e-15,5.551115123125783e-15,5.773159728050814e-15,6.439293542825908e-15,6.439293542825908e-15,6.661338147750939e-15,6.661338147750939e-15,6.8833827526759706e-15,6.661338147750939e-15,6.8833827526759706e-15,6.439293542825908e-15,7.105427357601002e-15,7.327471962526033e-15,6.8833827526759706e-15,6.217248937900877e-15,6.661338147750939e-15,6.439293542825908e-15,5.995204332975845e-15,5.329070518200751e-15,4.884981308350689e-15,4.440892098500626e-15,5.10702591327572e-15,5.329070518200751e-15,5.10702591327572e-15,5.773159728050814e-15,4.6629367034256575e-15,4.884981308350689e-15,5.10702591327572e-15,5.551115123125783e-15,5.329070518200751e-15,4.440892098500626e-15,3.9968028886505635e-15,3.552713678800501e-15,1.3322676295501878e-15,2.6645352591003757e-15,1.7763568394002505e-15,4.440892098500626e-16,1.3322676295501878e-15,1.3322676295501878e-15,-4.440892098500626e-16,0.0,-1.3322676295501878e-15,-8.881784197001252e-16,4.440892098500626e-16,4.440892098500626e-16,0.0,-1.3322676295501878e-15,-1.3322676295501878e-15,-2.220446049250313e-15,0.0,0.0,-2.6645352591003757e-15,-1.3322676295501878e-15,-8.881784197001252e-16
0.0,-2.220446049250313e-16,-5.551115123125783e-17,0.0,5.551115123125783e-17,2.7755575615628914e-16,5.551115123125783e-16,7.771561172376096e-16,1.3322676295501878e-15,1.2212453270876722e-15,1.6653345369377348e-15,1.887379141862766e-15,2.3314683517128287e-15,2.55351295663786e-15,2.3314683517128287e-15,2.6645352591003757e-15,2.55351295663786e-15,2.220446049250313e-15,2.4424906541753444e-15,2.55351295663786e-15,2.220446049250313e-15,2.4424906541753444e-15,2.55351295663786e-15,2.7755575615628914e-15,2.7755575615628914e-15,2.7755575615628914e-15,3.1086244689504383e-15,3.3306690738754696e-15,2.9976021664879227e-15,3.6637359812630166e-15,3.885780586188048e-15,3.9968028886505635e-15,4.107825191113079e-15,3.4416913763379853e-15,3.885780586188048e-15,3.885780586188048e-15,3.552713678800501e-15,3.6637359812630166e-15,3.3306690738754696e-15,3.9968028886505635e-15,4.218847493575595e-15,3.9968028886505635e-15,3.774758283725532e-15,3.774758283725532e-15,5.10702591327572e-15,4.6629367034256575e-15,4.884981308350689e-15,4.884981308350689e-15,5.551115123125783e-15,6.8833827526759706e-15,6.661338147750939e-15,7.105427357601002e-15,7.549516567451064e-15,7.549516567451064e-15,7.771561172376096e-15,7.327471962526033e-15,7.327471962526033e-15,6.8833827526759706e-15,7.327471962526033e-15,7.327471962526033e-15,6.8833827526759706e-15,5.995204332975845e-15,7.327471962526033e-15,6.439293542825908e-15,5.995204332975845e-15,5.995204332975845e-15,5.773159728050814e-15,5.551115123125783e-15,5.773159728050814e-15,5.773159728050814e-15,5.773159728050814e-15,6.217248937900877e-15,4.884981308350689e-15,4.6629367034256575e-15,5.773159728050814e-15,5.329070518200751e-15,5.773159728050814e-15,5.329070518200751e-15,4.440892098500626e-15,3.552713678800501e-15,2.220446049250313e-15,3.1086244689504383e-15,2.6645352591003757e-15,1.3322676295501878e-15,2.220446049250313e-15,8.881784197001252e-16,0.0,8.881784197001252e-16,0.0,4.440892098500626e-16,4.440892098500626e-16,4.440892098500626e-16,4.440892098500626e-16,1.3322676295501878e-15,4.440892098500626e-16,-4.440892098500626e-16,8.881784197001252e-16,2.220446049250313e-15,-1.7763568394002505e-15,-8.881784197001252e-16,1.3322676295501878e-15
1.1102230246251565e-16,-1.1102230246251565e-16,-5.551115123125783e-17,1.1102230246251565e-16,2.7755575615628914e-16,4.440892098500626e-16,6.661338147750939e-16,7.771561172376096e-16,1.3322676295501878e-15,1.5543122344752192e-15,1.6653345369377348e-15,2.1094237467877974e-15,2.3314683517128287e-15,2.3314683517128287e-15,2.4424906541753444e-15,2.55351295663786e-15,2.4424906541753444e-15,2.3314683517128287e-15,2.4424906541753444e-15,2.6645352591003757e-15,2.1094237467877974e-15,2.6645352591003757e-15,2.3314683517128287e-15,2.4424906541753444e-15,2.7755575615628914e-15,2.886579864025407e-15,3.4416913763379853e-15,3.219646771412954e-15,3.4416913763379853e-15,3.774758283725532e-15,3.774758283725532e-15,3.885780586188048e-15,3.9968028886505635e-15,3.6637359812630166e-15,4.107825191113079e-15,3.774758283725532e-15,3.6637359812630166e-15,3.885780586188048e-15,3.774758283725532e-15,3.9968028886505635e-15,4.218847493575595e-15,3.774758283725532e-15,3.552713678800501e-15,3.9968028886505635e-15,4.884981308350689e-15,4.6629367034256575e-15,5.329070518200751e-15,5.10702591327572e-15,6.217248937900877e-15,6.8833827526759706e-15,6.439293542825908e-15,6.8833827526759706e-15,7.105427357601002e-15,7.549516567451064e-15,7.771561172376096e-15,7.771561172376096e-15,8.215650382226158e-15,7.327471962526033e-15,7.993605777301127e-15,7.327471962526033e-15,7.549516567451064e-15,6.439293542825908e-15,6.661338147750939e-15,6.439293542825908e-15,6.439293542825908e-15,5.995204332975845e-15,5.773159728050814e-15,4.884981308350689e-15,5.995204332975845e-15,6.217248937900877e-15,5.773159728050814e-15,5.329070518200751e-15,5.329070518200751e-15,5.10702591327572e-15,6.217248937900877e-15,6.217248937900877e-15,5.773159728050814e-15,4.884981308350689e-15,4.440892098500626e-15,4.440892098500626e-15,2.6645352591003757e-15,3.1086244689504383e-15,3.552713678800501e-15,2.6645352591003757e-15,2.220446049250313e-15,2.220446049250313e-15,8.881784197001252e-16,8.881784197001252e-16,-4.440892098500626e-16,8.881784197001252e-16,8.881784197001252e-16,1.3322676295501878e-15,8.881784197001252e-16,8.881784197001252e-16,8.881784197001252e-16,8.881784197001252e-16,1.7763568394002505e-15,4.440892098500626e-16,0.0,4.440892098500626e-16,8.881784197001252e-16
-1.6653345369377348e-16,-3.3306690738754696e-16,-2.220446049250313e-16,0.0,3.3306690738754696e-16,2.220446049250313e-16,2.220446049250313e-16,8.881784197001252e-16,9.992007221626409e-16,1.1102230246251565e-15,1.6653345369377348e-15,1.887379141862766e-15,2.220446049250313e-15,2.3314683517128287e-15,2.3314683517128287e-15,2.3314683517128287e-15,2.6645352591003757e-15,2.3314683517128287e-15,2.55351295663786e-15,2.55351295663786e-15,2.220446049250313e-15,2.4424906541753444e-15,2.3314683517128287e-15,2.1094237467877974e-15,2.220446049250313e-15,2.55351295663786e-15,2.6645352591003757e-15,3.1086244689504383e-15,3.219646771412954e-15,3.219646771412954e-15,3.4416913763379853e-15,3.774758283725532e-15,3.774758283725532e-15,3.885780586188048e-15,3.774758283725532e-15,3.219646771412954e-15,3.3306690738754696e-15,3.885780586188048e-15,2.886579864025407e-15,3.9968028886505635e-15,3.552713678800501e-15,3.774758283725532e-15,3.3306690738754696e-15,3.774758283725532e-15,4.6629367034256575e-15,4.440892098500626e-15,4.440892098500626e-15,5.329070518200751e-15,5.773159728050814e-15,6.661338147750939e-15,5.995204332975845e-15,6.8833827526759706e-15,6.439293542825908e-15,7.327471962526033e-15,6.8833827526759706e-15,7.105427357601002e-15,7.771561172376096e-15,6.8833827526759706e-15,7.549516567451064e-15,7.105427357601002e-15,7.105427357601002e-15,5.773159728050814e-15,6.661338147750939e-15,6.217248937900877e-15,5.773159728050814e-15,5.773159728050814e-15,5.773159728050814e-15,4.440892098500626e-15,5.773159728050814e-15,5.773159728050814e-15,5.329070518200751e-15,5.551115123125783e-15,4.6629367034256575e-15,4.440892098500626e-15,5.773159728050814e-15,6.217248937900877e-15,4.884981308350689e-15,4.440892098500626e-15,3.9968028886505635e-15,2.6645352591003757e-15,2.220446049250313e-15,2.6645352591003757e-15,3.1086244689504383e-15,4.440892098500626e-16,1.7763568394002505e-15,1.7763568394002505e-15,0.0,1.3322676295501878e-15,-4.440892098500626e-16,0.0,-1.3322676295501878e-15,4.440892098500626e-16,0.0,0.0,8.881784197001252e-16,-1.3322676295501878e-15,1.7763568394002505e-15,4.440892098500626e-16,-4.440892098500626e-16,0.0,4.440892098500626e-16
0.0,-1.1102230246251565e-16,-5.551115123125783e-17,0.0,4.440892098500626e-16,4.440892098500626e-16,5.551115123125783e-16,8.881784197001252e-16,1.2212453270876722e-15,1.6653345369377348e-15,1.887379141862766e-15,2.3314683517128287e-15,2.3314683517128287e-15,2.4424906541753444e-15,2.4424906541753444e-15,2.55351295663786e-15,2.6645352591003757e-15,2.6645352591003757e-15,2.55351295663786e-15,2.7755575615628914e-15,2.3314683517128287e-15,2.6645352591003757e-15,2.220446049250313e-15,2.4424906541753444e-15,2.4424906541753444e-15,3.1086244689504383e-15,2.7755575615628914e-15,2.9976021664879227e-15,3.3306690738754696e-15,3.4416913763379853e-15,3.6637359812630166e-15,4.107825191113079e-15,3.552713678800501e-15,4.218847493575595e-15,4.218847493575595e-15,3.6637359812630166e-15,3.4416913763379853e-15,4.218847493575595e-15,3.9968028886505635e-15,4.440892098500626e-15,3.9968028886505635e-15,4.440892098500626e-15,4.218847493575595e-15,4.218847493575595e-15,4.6629367034256575e-15,4.884981308350689e-15,5.329070518200751e-15,5.10702591327572e-15,5.773159728050814e-15,6.661338147750939e-15,6.439293542825908e-15,7.549516567451064e-15,7.105427357601002e-15,7.327471962526033e-15,7.105427357601002e-15,7.549516567451064e-15,8.215650382226158e-15,7.327471962526033e-15,7.771561172376096e-15,7.549516567451064e-15,7.549516567451064e-15,6.661338147750939e-15,7.105427357601002e-15,6.8833827526759706e-15,6.217248937900877e-15,6.217248937900877e-15,6.439293542825908e-15,5.551115123125783e-15,6.661338147750939e-15,6.439293542825908e-15,5.10702591327572e-15,5.773159728050814e-15,5.773159728050814e-15,5.329070518200751e-15,6.217248937900877e-15,5.773159728050814e-15,5.329070518200751e-15,4.440892098500626e-15,4.884981308350689e-15,3.9968028886505635e-15,3.9968028886505635e-15,3.552713678800501e-15,3.1086244689504383e-15,2.6645352591003757e-15,2.6645352591003757e-15,2.220446049250313e-15,1.3322676295501878e-15,1.7763568394002505e-15,1.3322676295501878e-15,4.440892098500626e-16,4.440892098500626e-16,1.3322676295501878e-15,1.7763568394002505e-15,4.440892098500626e-16,1.7763568394002505e-15,1.3322676295501878e-15,1.3322676295501878e-15,8.881784197001252e-16,4.440892098500626e-16,-4.440892098500626e-16,0.0
-5.551115123125783e-17,-2.7755575615628914e-16,-2.220446049250313e-16,-1.1102230246251565e-16,2.220446049250313e-16,4.440892098500626e-16,6.661338147750939e-16,9.992007221626409e-16,1.3322676295501878e-15,1.4432899320127035e-15,1.4432899320127035e-15,1.887379141862766e-15,2.220446049250313e-15,2.4424906541753444e-15,2.3314683517128287e-15,2.3314683517128287e-15,2.4424906541753444e-15,2.6645352591003757e-15,2.4424906541753444e-15,2.3314683517128287e-15,2.3314683517128287e-15,2.55351295663786e-15,2.220446049250313e-15,2.3314683517128287e-15,2.3314683517128287e-15,2.7755575615628914e-15,2.6645352591003757e-15,2.886579864025407e-15,3.219646771412954e-15,3.1086244689504383e-15,3.552713678800501e-15,3.4416913763379853e-15,3.219646771412954e-15,3.6637359812630166e-15,3.9968028886505635e-15,3.1086244689504383e-15,3.3306690738754696e-15,4.218847493575595e-15,3.552713678800501e-15,4.218847493575595e-15,4.218847493575595e-15,3.9968028886505635e-15,3.9968028886505635e-15,3.774758283725532e-15,4.6629367034256575e-15,5.10702591327572e-15,4.440892098500626e-15,4.884981308350689e-15,6.217248937900877e-15,6.439293542825908e-15,6.8833827526759706e-15,6.439293542825908e-15,7.105427357601002e-15,7.327471962526033e-15,6.8833827526759706e-15,7.327471962526033e-15,7.549516567451064e-15,6.439293542825908e-15,7.549516567451064e-15,7.327471962526033e-15,7.105427357601002e-15,5.773159728050814e-15,6.661338147750939e-15,6.8833827526759706e-15,6.217248937900877e-15,6.661338147750939e-15,5.773159728050814e-15,5.329070518200751e-15,5.773159728050814e-15,6.439293542825908e-15,5.773159728050814e-15,5.329070518200751e-15,6.217248937900877e-15,5.773159728050814e-15,5.329070518200751e-15,5.773159728050814e-15,4.884981308350689e-15,4.884981308350689e-15,3.9968028886505635e-15,3.9968028886505635e-15,2.6645352591003757e-15,2.6645352591003757e-15,1.7763568394002505e-15,2.6645352591003757e-15,3.1086244689504383e-15,2.220446049250313e-15,1.3322676295501878e-15,1.3322676295501878e-15,1.3322676295501878e-15,-4.440892098500626e-16,-4.440892098500626e-16,8.881784197001252e-16,0.0,4.440892098500626e-16,2.220446049250313e-15,0.0,1.3322676295501878e-15,8.881784197001252e-16,0.0,0.0,-4.440892098500626e-16
2.7755575615628914e-16,-3.3306690738754696e-16,-3.3306690738754696e-16,0.0,3.3306690738754696e-16,2.220446049250313e-16,7.771561172376096e-16,9.992007221626409e-16,1.3322676295501878e-15,1.4432899320127035e-15,1.7763568394002505e-15,1.9984014443252818e-15,2.1094237467877974e-15,2.1094237467877974e-15,2.4424906541753444e-15,2.3314683517128287e-15,2.55351295663786e-15,2.4424906541753444e-15,2.55351295663786e-15,2.886579864025407e-15,2.55351295663786e-15,2.1094237467877974e-15,1.887379141862766e-15,1.9984014443252818e-15,1.9984014443252818e-15,2.6645352591003757e-15,2.886579864025407e-15,2.4424906541753444e-15,2.886579864025407e-15,2.7755575615628914e-15,3.1086244689504383e-15,3.219646771412954e-15,3.3306690738754696e-15,3.3306690738754696e-15,3.774758283725532e-15,3.1086244689504383e-15,3.3306690738754696e-15,3.9968028886505635e-15,3.552713678800501e-15,3.9968028886505635e-15,3.9968028886505635e-15,4.440892098500626e-15,4.218847493575595e-15,3.9968028886505635e-15,4.884981308350689e-15,4.884981308350689e-15,5.329070518200751e-15,4.884981308350689e-15,5.551115123125783e-15,6.217248937900877e-15,5.773159728050814e-15,6.217248937900877e-15,6.8833827526759706e-15,6.8833827526759706e-15,6.439293542825908e-15,6.439293542825908e-15,7.549516567451064e-15,6.661338147750939e-15,7.549516567451064e-15,7.549516567451064e-15,6.439293542825908e-15,6.217248937900877e-15,5.995204332975845e-15,5.773159728050814e-15,6.217248937900877e-15,6.661338147750939e-15,5.995204332975845e-15,5.551115123125783e-15,6.217248937900877e-15,5.995204332975845e-15,5.329070518200751e-15,5.329070518200751e-15,7.105427357601002e-15,5.773159728050814e-15,5.773159728050814e-15,5.773159728050814e-15,4.440892098500626e-15,3.9968028886505635e-15,4.440892098500626e-15,3.9968028886505635e-15,3.552713678800501e-15,3.1086244689504383e-15,2.6645352591003757e-15,2.6645352591003757e-15,2.6645352591003757e-15,1.7763568394002505e-15,1.3322676295501878e-15,1.3322676295501878e-15,-1.3322676295501878e-15,-4.440892098500626e-16,8.881784197001252e-16,1.3322676295501878e-15,8.881784197001252e-16,8.881784197001252e-16,8.881784197001252e-16,8.881784197001252e-16,8.881784197001252e-16,0.0,4.440892098500626e-16,-4.440892098500626e-16,-1.7763568394002505e-15
0.0,-3.3306690738754696e-16,-1.1102230246251565e-16,2.220446049250313e-16,6.661338147750939e-16,7.771561172376096e-16,9.992007221626409e-16,1.3322676295501878e-15,1.5543122344752192e-15,1.6653345369377348e-15,1.7763568394002505e-15,2.220446049250313e-15,2.220446049250313e-15,2.55351295663786e-15,2.4424906541753444e-15,2.4424906541753444e-15,2.886579864025407e-15,2.7755575615628914e-15,2.7755575615628914e-15,2.7755575615628914e-15,2.55351295663786e-15,2.6645352591003757e-15,2.3314683517128287e-15,2.55351295663786e-15,2.3314683517128287e-15,2.6645352591003757e-15,2.886579864025407e-15,2.7755575615628914e-15,2.9976021664879227e-15,3.219646771412954e-15,3.552713678800501e-15,3.4416913763379853e-15,3.6637359812630166e-15,3.219646771412954e-15,3.774758283725532e-15,3.552713678800501e-15,3.9968028886505635e-15,3.9968028886505635e-15,3.552713678800501e-15,4.218847493575595e-15,5.10702591327572e-15,5.329070518200751e-15,4.884981308350689e-15,4.6629367034256575e-15,5.10702591327572e-15,5.10702591327572e-15,5.773159728050814e-15,5.773159728050814e-15,6.439293542825908e-15,6.217248937900877e-15,6.217248937900877e-15,6.217248937900877e-15,6.8833827526759706e-15,6.661338147750939e-15,6.439293542825908e-15,6.661338147750939e-15,7.993605777301127e-15,6.8833827526759706e-15,7.993605777301127e-15,7.105427357601002e-15,7.327471962526033e-15,6.8833827526759706e-15,6.661338147750939e-15,7.549516567451064e-15,7.105427357601002e-15,7.105427357601002e-15,7.327471962526033e-15,6.8833827526759706e-15,7.327471962526033e-15,6.661338147750939e-15,6.217248937900877e-15,6.217248937900877e-15,7.549516567451064e-15,6.217248937900877e-15,5.773159728050814e-15,6.661338147750939e-15,5.329070518200751e-15,5.329070518200751e-15,5.329070518200751e-15,5.329070518200751e-15,3.1086244689504383e-15,3.1086244689504383e-15,3.552713678800501e-15,3.9968028886505635e-15,4.884981308350689e-15,2.6645352591003757e-15,1.7763568394002505e-15,1.7763568394002505e-15,1.7763568394002505e-15,1.3322676295501878e-15,4.440892098500626e-16,2.220446049250313e-15,2.220446049250313e-15,2.220446049250313e-15,3.552713678800501e-15,2.6645352591003757e-15,1.7763568394002505e-15,1.7763568394002505e-15,4.440892098500626e-16,1.3322676295501878e-15,4.440892098500626e-16
0.0,-3.3306690738754696e-16,-1.1102230246251565e-16,1.1102230246251565e-16,3.3306690738754696e-16,8.881784197001252e-16,9.992007221626409e-16,1.2212453270876722e-15,1.5543122344752192e-15,1.5543122344752192e-15,1.7763568394002505e-15,1.7763568394002505e-15,1.7763568394002505e-15,2.1094237467877974e-15,2.1094237467877974e-15,2.4424906541753444e-15,2.55351295663786e-15,2.4424906541753444e-15,2.3314683517128287e-15,2.4424906541753444e-15,2.3314683517128287e-15,2.1094237467877974e-15,2.1094237467877974e-15,2.3314683517128287e-15,2.220446049250313e-15,2.3314683517128287e-15,2.4424906541753444e-15,2.4424906541753444e-15,2.4424906541753444e-15,2.6645352591003757e-15,2.4424906541753444e-15,2.9976021664879227e-15,3.1086244689504383e-15,2.886579864025407e-15,3.3306690738754696e-15,3.3306690738754696e-15,3.552713678800501e-15,3.774758283725532e-15,3.3306690738754696e-15,4.218847493575595e-15,4.884981308350689e-15,4.6629367034256575e-15,4.440892098500626e-15,3.9968028886505635e-15,5.329070518200751e-15,4.884981308350689e-15,5.551115123125783e-15,4.884981308350689e-15,5.329070518200751e-15,5.773159728050814e-15,6.217248937900877e-15,5.773159728050814e-15,6.439293542825908e-15,6.439293542825908e-15,6.217248937900877e-15,6.217248937900877e-15,7.327471962526033e-15,6.217248937900877e-15,7.327471962526033e-15,6.8833827526759706e-15,6.439293542825908e-15,6.217248937900877e-15,6.439293542825908e-15,6.661338147750939e-15,5.995204332975845e-15,6.8833827526759706e-15,6.217248937900877e-15,6.217248937900877e-15,6.217248937900877e-15,6.217248937900877e-15,7.105427357601002e-15,5.773159728050814e-15,6.217248937900877e-15,4.884981308350689e-15,4.440892098500626e-15,6.217248937900877e-15,4.884981308350689e-15,4.884981308350689e-15,4.884981308350689e-15,5.329070518200751e-15,3.9968028886505635e-15,2.6645352591003757e-15,2.6645352591003757e-15,3.1086244689504383e-15,2.6645352591003757e-15,4.440892098500626e-16,8.881784197001252e-16,2.220446049250313e-15,0.0,-8.881784197001252e-16,0.0,1.3322676295501878e-15,2.220446049250313e-15,8.881784197001252e-16,1.3322676295501878e-15,8.881784197001252e-16,1.3322676295501878e-15,4.440892098500626e-16,-1.3322676295501878e-15,1.3322676295501878e-15,-4.440892098500626e-16
-1.1102230246251565e-16,-3.3306690738754696e-16,0.0,2.220446049250313e-16,5.551115123125783e-16,7.771561172376096e-16,9.992007221626409e-16,1.1102230246251565e-15,1.5543122344752192e-15,1.5543122344752192e-15,1.6653345369377348e-15,2.1094237467877974e-15,1.7763568394002505e-15,2.1094237467877974e-15,2.1094237467877974e-15,2.4424906541753444e-15,2.4424906541753444e-15,2.4424906541753444e-15,2.3314683517128287e-15,2.4424906541753444e-15,2.220446049250313e-15,2.220446049250313e-15,2.1094237467877974e-15,2.55351295663786e-15,1.6653345369377348e-15,1.9984014443252818e-15,2.3314683517128287e-15,1.9984014443252818e-15,2.220446049250313e-15,2.4424906541753444e-15,2.55351295663786e-15,2.886579864025407e-15,2.6645352591003757e-15,2.6645352591003757e-15,3.1086244689504383e-15,3.3306690738754696e-15,3.3306690738754696e-15,3.3306690738754696e-15,3.552713678800501e-15,3.9968028886505635e-15,4.6629367034256575e-15,4.6629367034256575e-15,4.6629367034256575e-15,4.218847493575595e-15,4.884981308350689e-15,4.440892098500626e-15,5.551115123125783e-15,5.329070518200751e-15,5.10702591327572e-15,5.773159728050814e-15,5.773159728050814e-15,5.551115123125783e-15,5.551115123125783e-15,5.773159728050814e-15,5.551115123125783e-15,5.773159728050814e-15,6.661338147750939e-15,5.773159728050814e-15,7.327471962526033e-15,5.995204332975845e-15,6.439293542825908e-15,5.995204332975845e-15,5.995204332975845e-15,7.105427357601002e-15,5.551115123125783e-15,7.327471962526033e-15,5.995204332975845e-15,6.217248937900877e-15,6.217248937900877e-15,7.105427357601002e-15,6.217248937900877e-15,5.329070518200751e-15,6.217248937900877e-15,5.773159728050814e-15,4.884981308350689e-15,5.329070518200751e-15,3.9968028886505635e-15,3.552713678800501e-15,3.9968028886505635e-15,3.9968028886505635e-15,3.552713678800501e-15,3.552713678800501e-15,2.220446049250313e-15,2.6645352591003757e-15,2.220446049250313e-15,1.3322676295501878e-15,-4.440892098500626e-16,8.881784197001252e-16,4.440892098500626e-16,0.0,8.881784197001252e-16,8.881784197001252e-16,1.7763568394002505e-15,0.0,1.7763568394002505e-15,2.220446049250313e-15,0.0,-1.3322676295501878e-15,1.3322676295501878e-15,4.440892098500626e-16,0.0
0.0,-4.440892098500626e-16,0.0,2.220446049250313e-16,4.440892098500626e-16,8.881784197001252e-16,9.992007221626409e-16,1.2212453270876722e-15,1.3322676295501878e-15,1.5543122344752192e-15,1.4432899320127035e-15,1.7763568394002505e-15,1.4432899320127035e-15,2.220446049250313e-15,1.9984014443252818e-15,1.887379141862766e-15,2.55351295663786e-15,2.220446049250313e-15,2.1094237467877974e-15,2.3314683517128287e-15,2.3314683517128287e-15,1.887379141862766e-15,1.9984014443252818e-15,1.7763568394002505e-15,1.5543122344752192e-15,1.9984014443252818e-15,1.887379141862766e-15,2.1094237467877974e-15,1.6653345369377348e-15,2.1094237467877974e-15,1.9984014443252818e-15,2.886579864025407e-15,2.886579864025407e-15,2.4424906541753444e-15,3.1086244689504383e-15,2.886579864025407e-15,3.1086244689504383e-15,3.552713678800501e-15,3.1086244689504383e-15,3.9968028886505635e-15,4.440892098500626e-15,4.218847493575595e-15,4.6629367034256575e-15,3.9968028886505635e-15,4.884981308350689e-15,4.440892098500626e-15,5.10702591327572e-15,4.440892098500626e-15,5.329070518200751e-15,5.773159728050814e-15,4.884981308350689e-15,5.10702591327572e-15,5.995204332975845e-15,5.551115123125783e-15,5.329070518200751e-15,5.10702591327572e-15,5.551115123125783e-15,5.10702591327572e-15,5.995204332975845e-15,5.773159728050814e-15,5.551115123125783e-15,4.884981308350689e-15,5.329070518200751e-15,6.8833827526759706e-15,5.995204332975845e-15,6.661338147750939e-15,5.773159728050814e-15,5.773159728050814e-15,6.661338147750939e-15,6.217248937900877e-15,7.105427357601002e-15,5.329070518200751e-15,5.773159728050814e-15,5.773159728050814e-15,4.884981308350689e-15,4.440892098500626e-15,3.552713678800501e-15,2.6645352591003757e-15,3.9968028886505635e-15,3.9968028886505635e-15,1.7763568394002505e-15,3.1086244689504383e-15,1.3322676295501878e-15,8.881784197001252e-16,1.7763568394002505e-15,0.0,0.0,0.0,-1.3322676295501878e-15,-1.7763568394002505e-15,4.440892098500626e-16,0.0,8.881784197001252e-16,0.0,-8.881784197001252e-16,1.7763568394002505e-15,-1.3322676295501878e-15,-4.440892098500626e-16,1.7763568394002505e-15,4.440892098500626e-16,0.0
-2.220446049250313e-16,-4.440892098500626e-16,0.0,4.440892098500626e-16,5.551115123125783e-16,8.881784197001252e-16,1.2212453270876722e-15,1.3322676295501878e-15,1.2212453270876722e-15,1.3322676295501878e-15,1.1102230246251565e-15,1.5543122344752192e-15,1.6653345369377348e-15,1.887379141862766e-15,1.9984014443252818e-15,2.1094237467877974e-15,2.3314683517128287e-15,2.220446049250313e-15,2.1094237467877974e-15,1.887379141862766e-15,2.1094237467877974e-15,1.4432899320127035e-15,1.887379141862766e-15,1.5543122344752192e-15,1.6653345369377348e-15,1.6653345369377348e-15,1.2212453270876722e-15,1.5543122344752192e-15,2.220446049250313e-15,1.887379141862766e-15,1.5543122344752192e-15,2.220446049250313e-15,2.6645352591003757e-15,2.220446049250313e-15,2.6645352591003757e-15,3.1086244689504383e-15,3.1086244689504383e-15,3.3306690738754696e-15,3.3306690738754696e-15,3.552713678800501e-15,4.6629367034256575e-15,3.9968028886505635e-15,4.218847493575595e-15,3.9968028886505635e-15,4.440892098500626e-15,4.218847493575595e-15,4.884981308350689e-15,4.884981308350689e-15,4.884981308350689e-15,4.6629367034256575e-15,4.884981308350689e-15,4.218847493575595e-15,5.329070518200751e-15,4.6629367034256575e-15,4.884981308350689e-15,4.218847493575595e-15,4.884981308350689e-15,4.6629367034256575e-15,5.551115123125783e-15,4.884981308350689e-15,5.10702591327572e-15,3.9968028886505635e-15,3.9968028886505635e-15,5.773159728050814e-15,4.884981308350689e-15,6.661338147750939e-15,6.661338147750939e-15,6.217248937900877e-15,6.217248937900877e-15,5.773159728050814e-15,7.105427357601002e-15,5.329070518200751e-15,5.773159728050814e-15,5.329070518200751e-15,3.9968028886505635e-15,4.440892098500626e-15,3.9968028886505635e-15,2.6645352591003757e-15,3.9968028886505635e-15,3.1086244689504383e-15,2.220446049250313e-15,1.3322676295501878e-15,1.3322676295501878e-15,4.440892098500626e-16,1.3322676295501878e-15,0.0,-1.3322676295501878e-15,-8.881784197001252e-16,4.440892098500626e-16,-1.7763568394002505e-15,0.0,-8.881784197001252e-16,1.3322676295501878e-15,-1.3322676295501878e-15,0.0,-4.440892098500626e-16,-2.220446049250313e-15,-4.440892098500626e-16,-4.440892098500626e-16,4.440892098500626e-16,0.0
2.220446049250313e-16,0.0,4.440892098500626e-16,7.771561172376096e-16,8.881784197001252e-16,1.2212453270876722e-15,1.3322676295501878e-15,1.7763568394002505e-15,1.7763568394002505e-15,1.7763568394002505e-15,2.1094237467877974e-15,2.1094237467877974e-15,2.1094237467877974e-15,2.3314683517128287e-15,2.55351295663786e-15,2.3314683517128287e-15,2.6645352591003757e-15,2.9976021664879227e-15,2.55351295663786e-15,2.3314683517128287e-15,2.7755575615628914e-15,2.55351295663786e-15,2.3314683517128287e-15,2.3314683517128287e-15,2.3314683517128287e-15,2.220446049250313e-15,1.9984014443252818e-15,2.1094237467877974e-15,2.4424906541753444e-15,2.6645352591003757e-15,2.4424906541753444e-15,2.6645352591003757e-15,2.6645352591003757e-15,2.886579864025407e-15,3.1086244689504383e-15,3.552713678800501e-15,3.552713678800501e-15,3.9968028886505635e-15,3.552713678800501e-15,4.218847493575595e-15,5.10702591327572e-15,4.6629367034256575e-15,4.6629367034256575e-15,4.440892098500626e-15,4.6629367034256575e-15,5.551115123125783e-15,5.329070518200751e-15,5.551115123125783e-15,5.773159728050814e-15,6.217248937900877e-15,5.773159728050814e-15,4.884981308350689e-15,6.439293542825908e-15,5.773159728050814e-15,5.995204332975845e-15,5.329070518200751e-15,5.773159728050814e-15,5.329070518200751e-15,6.217248937900877e-15,5.995204332975845e-15,5.551115123125783e-15,5.329070518200751e-15,5.551115123125783e-15,7.105427357601002e-15,6.661338147750939e-15,7.993605777301127e-15,7.105427357601002e-15,7.549516567451064e-15,7.993605777301127e-15,6.661338147750939e-15,7.549516567451064e-15,6.661338147750939e-15,7.993605777301127e-15,7.993605777301127e-15,6.217248937900877e-15,7.549516567451064e-15,5.329070518200751e-15,4.884981308350689e-15,5.329070518200751e-15,3.552713678800501e-15,3.9968028886505635e-15,3.552713678800501e-15,1.7763568394002505e-15,1.3322676295501878e-15,2.6645352591003757e-15,1.7763568394002505e-15,1.3322676295501878e-15,2.220446049250313e-15,3.1086244689504383e-15,1.7763568394002505e-15,3.9968028886505635e-15,8.881784197001252e-16,1.7763568394002505e-15,1.7763568394002505e-15,2.6645352591003757e-15,3.552713678800501e-15,-4.440892098500626e-16,1.7763568394002505e-15,2.6645352591003757e-15,2.6645352591003757e-15,2.6645352591003757e-15
2.220446049250313e-16,0.0,2.220446049250313e-16,5.551115123125783e-16,8.881784197001252e-16,1.2212453270876722e-15,9.992007221626409e-16,1.4432899320127035e-15,1.7763568394002505e-15,1.3322676295501878e-15,1.6653345369377348e-15,1.887379141862766e-15,1.7763568394002505e-15,2.1094237467877974e-15,2.1094237467877974e-15,2.3314683517128287e-15,2.220446049250313e-15,2.220446049250313e-15,2.4424906541753444e-15,2.1094237467877974e-15,2.220446049250313e-15,1.7763568394002505e-15,2.1094237467877974e-15,1.6653345369377348e-15,1.4432899320127035e-15,1.4432899320127035e-15,1.7763568394002505e-15,1.5543122344752192e-15,1.5543122344752192e-15,1.9984014443252818e-15,1.5543122344752192e-15,2.220446049250313e-15,2.4424906541753444e-15,1.7763568394002505e-15,2.6645352591003757e-15,2.886579864025407e-15,2.886579864025407e-15,3.1086244689504383e-15,3.1086244689504383e-15,3.1086244689504383e-15,4.218847493575595e-15,3.774758283725532e-15,4.440892098500626e-15,3.774758283725532e-15,4.440892098500626e-15,3.9968028886505635e-15,5.10702591327572e-15,5.329070518200751e-15,4.440892098500626e-15,5.10702591327572e-15,4.6629367034256575e-15,4.440892098500626e-15,4.884981308350689e-15,4.440892098500626e-15,5.10702591327572e-15,5.10702591327572e-15,4.884981308350689e-15,4.440892098500626e-15,5.995204332975845e-15,5.10702591327572e-15,4.884981308350689e-15,5.10702591327572e-15,5.10702591327572e-15,5.773159728050814e-15,5.329070518200751e-15,7.105427357601002e-15,6.217248937900877e-15,6.661338147750939e-15,6.661338147750939e-15,6.217248937900877e-15,7.549516567451064e-15,5.773159728050814e-15,7.549516567451064e-15,6.217248937900877e-15,5.329070518200751e-15,6.661338147750939e-15,4.884981308350689e-15,3.552713678800501e-15,4.440892098500626e-15,3.1086244689504383e-15,1.3322676295501878e-15,1.7763568394002505e-15,-8.881784197001252e-16,0.0,8.881784197001252e-16,4.440892098500626e-16,0.0,-4.440892098500626e-16,4.440892098500626e-16,-4.440892098500626e-16,1.7763568394002505e-15,-8.881784197001252e-16,4.440892098500626e-16,-4.440892098500626e-16,4.440892098500626e-16,8.881784197001252e-16,-1.3322676295501878e-15,-8.881784197001252e-16,0.0,2.6645352591003757e-15,8.881784197001252e-16
0.0,0.0,2.220446049250313e-16,5.551115123125783e-16,7.771561172376096e-16,1.2212453270876722e-15,1.2212453270876722e-15,1.3322676295501878e-15,1.5543122344752192e-15,1.5543122344752192e-15,1.7763568394002505e-15,1.7763568394002505e-15,1.9984014443252818e-15,2.220446049250313e-15,2.1094237467877974e-15,2.4424906541753444e-15,2.55351295663786e-15,2.3314683517128287e-15,2.1094237467877974e-15,1.7763568394002505e-15,1.887379141862766e-15,1.5543122344752192e-15,1.6653345369377348e-15,1.6653345369377348e-15,1.4432899320127035e-15,1.4432899320127035e-15,1.2212453270876722e-15,8.881784197001252e-16,1.7763568394002505e-15,1.7763568394002505e-15,8.881784197001252e-16,1.1102230246251565e-15,2.220446049250313e-15,1.9984014443252818e-15,2.220446049250313e-15,2.886579864025407e-15,2.886579864025407e-15,3.1086244689504383e-15,2.6645352591003757e-15,3.3306690738754696e-15,3.774758283725532e-15,3.9968028886505635e-15,3.9968028886505635e-15,3.552713678800501e-15,4.884981308350689e-15,3.9968028886505635e-15,4.440892098500626e-15,4.884981308350689e-15,3.552713678800501e-15,5.329070518200751e-15,4.218847493575595e-15,3.774758283725532e-15,5.10702591327572e-15,4.440892098500626e-15,4.440892098500626e-15,4.218847493575595e-15,4.218847493575595e-15,4.440892098500626e-15,4.6629367034256575e-15,5.10702591327572e-15,3.552713678800501e-15,4.440892098500626e-15,3.9968028886505635e-15,5.773159728050814e-15,5.773159728050814e-15,5.773159728050814e-15,6.217248937900877e-15,5.329070518200751e-15,7.105427357601002e-15,5.329070518200751e-15,6.661338147750939e-15,7.105427357601002e-15,5.329070518200751e-15,6.661338147750939e-15,4.440892098500626e-15,5.329070518200751e-15,4.884981308350689e-15,3.1086244689504383e-15,3.9968028886505635e-15,2.220446049250313e-15,4.440892098500626e-16,8.881784197001252e-16,-4.440892098500626e-16,-4.440892098500626e-16,0.0,8.881784197001252e-16,-4.440892098500626e-16,4.440892098500626e-16,0.0,-8.881784197001252e-16,4.440892098500626e-16,-1.3322676295501878e-15,-4.440892098500626e-16,-1.3322676295501878e-15,0.0,-4.440892098500626e-16,-3.552713678800501e-15,0.0,8.881784197001252e-16,2.6645352591003757e-15,8.881784197001252e-16
0.0,-1.1102230246251565e-16,1.1102230246251565e-16,6.661338147750939e-16,7.771561172376096e-16,9.992007221626409e-16,9.992007221626409e-16,1.4432899320127035e-15,1.4432899320127035e-15,1.6653345369377348e-15,1.7763568394002505e-15,2.1094237467877974e-15,2.1094237467877974e-15,2.55351295663786e-15,2.220446049250313e-15,2.3314683517128287e-15,2.55351295663786e-15,2.1094237467877974e-15,1.9984014443252818e-15,1.5543122344752192e-15,1.6653345369377348e-15,1.5543122344752192e-15,1.5543122344752192e-15,1.4432899320127035e-15,1.1102230246251565e-15,1.2212453270876722e-15,1.3322676295501878e-15,8.881784197001252e-16,1.5543122344752192e-15,1.1102230246251565e-15,8.881784197001252e-16,1.7763568394002505e-15,1.7763568394002505e-15,2.220446049250313e-15,1.7763568394002505e-15,2.6645352591003757e-15,2.6645352591003757e-15,2.220446049250313e-15,1.5543122344752192e-15,2.6645352591003757e-15,3.552713678800501e-15,3.1086244689504383e-15,3.1086244689504383e-15,2.886579864025407e-15,3.774758283725532e-15,3.552713678800501e-15,4.218847493575595e-15,4.218847493575595e-15,3.774758283725532e-15,4.440892098500626e-15,3.3306690738754696e-15,3.3306690738754696e-15,4.6629367034256575e-15,3.552713678800501e-15,4.6629367034256575e-15,3.552713678800501e-15,3.9968028886505635e-15,3.9968028886505635e-15,3.552713678800501e-15,4.440892098500626e-15,3.9968028886505635e-15,3.552713678800501e-15,4.440892098500626e-15,6.661338147750939e-15,4.440892098500626e-15,5.773159728050814e-15,5.329070518200751e-15,4.440892098500626e-15,6.217248937900877e-15,5.329070518200751e-15,6.661338147750939e-15,6.661338147750939e-15,5.329070518200751e-15,6.217248937900877e-15,4.440892098500626e-15,5.329070518200751e-15,3.9968028886505635e-15,3.552713678800501e-15,3.1086244689504383e-15,1.3322676295501878e-15,8.881784197001252e-16,4.440892098500626e-16,4.440892098500626e-16,-2.220446049250313e-15,-1.3322676295501878e-15,-4.440892098500626e-16,-4.440892098500626e-16,-4.440892098500626e-16,0.0,-2.220446049250313e-15,0.0,-8.881784197001252e-16,8.881784197001252e-16,-8.881784197001252e-16,-2.6645352591003757e-15,4.440892098500626e-16,-1.7763568394002505e-15,0.0,0.0,0.0,-8.881784197001252e-16
0.0,0.0,4.440892098500626e-16,6.661338147750939e-16,7.771561172376096e-16,8.881784197001252e-16,8.881784197001252e-16,1.5543122344752192e-15,1.2212453270876722e-15,1.6653345369377348e-15,1.4432899320127035e-15,1.887379141862766e-15,2.1094237467877974e-15,2.6645352591003757e-15,2.3314683517128287e-15,1.887379141862766e-15,2.4424906541753444e-15,2.1094237467877974e-15,1.9984014443252818e-15,1.9984014443252818e-15,1.7763568394002505e-15,1.3322676295501878e-15,1.2212453270876722e-15,1.2212453270876722e-15,8.881784197001252e-16,6.661338147750939e-16,8.881784197001252e-16,8.881784197001252e-16,1.5543122344752192e-15,1.1102230246251565e-15,1.3322676295501878e-15,1.5543122344752192e-15,1.5543122344752192e-15,1.9984014443252818e-15,2.4424906541753444e-15,2.4424906541753444e-15,2.886579864025407e-15,1.9984014443252818e-15,1.7763568394002505e-15,2.4424906541753444e-15,2.6645352591003757e-15,2.4424906541753444e-15,2.4424906541753444e-15,2.886579864025407e-15,3.1086244689504383e-15,2.886579864025407e-15,3.3306690738754696e-15,4.218847493575595e-15,3.1086244689504383e-15,3.9968028886505635e-15,3.552713678800501e-15,3.774758283725532e-15,4.440892098500626e-15,3.1086244689504383e-15,3.9968028886505635e-15,4.218847493575595e-15,4.440892098500626e-15,4.218847493575595e-15,3.3306690738754696e-15,5.551115123125783e-15,3.552713678800501e-15,2.220446049250313e-15,3.9968028886505635e-15,5.329070518200751e-15,4.440892098500626e-15,4.884981308350689e-15,4.440892098500626e-15,3.9968028886505635e-15,6.217248937900877e-15,5.329070518200751e-15,5.773159728050814e-15,5.773159728050814e-15,6.217248937900877e-15,5.773159728050814e-15,4.440892098500626e-15,5.773159728050814e-15,4.884981308350689e-15,2.6645352591003757e-15,2.6645352591003757e-15,1.3322676295501878e-15,4.440892098500626e-16,0.0,0.0,-8.881784197001252e-16,0.0,0.0,-1.3322676295501878e-15,-8.881784197001252e-16,-8.881784197001252e-16,-2.220446049250313e-15,-4.440892098500626e-16,-2.220446049250313e-15,4.440892098500626e-16,-1.3322676295501878e-15,-1.3322676295501878e-15,-8.881784197001252e-16,-1.7763568394002505e-15,-8.881784197001252e-16,8.881784197001252e-16,8.881784197001252e-16,8.881784197001252e-16
-2.220446049250313e-16,-2.220446049250313e-16,1.1102230246251565e-16,3.3306690738754696e-16,4.440892098500626e-16,5.551115123125783e-16,5.551115123125783e-16,8.881784197001252e-16,9.992007221626409e-16,1.5543122344752192e-15,1.4432899320127035e-15,1.7763568394002505e-15,1.9984014443252818e-15,2.220446049250313e-15,2.220446049250313e-15,1.9984014443252818e-15,1.887379141862766e-15,1.887379141862766e-15,1.5543122344752192e-15,1.3322676295501878e-15,7.771561172376096e-16,9.992007221626409e-16,6.661338147750939e-16,1.1102230246251565e-16,2.220446049250313e-16,8.881784197001252e-16,6.661338147750939e-16,0.0,8.881784197001252e-16,6.661338147750939e-16,4.440892098500626e-16,1.7763568394002505e-15,1.1102230246251565e-15,1.7763568394002505e-15,1.7763568394002505e-15,1.9984014443252818e-15,1.9984014443252818e-15,1.9984014443252818e-15,8.881784197001252e-16,1.5543122344752192e-15,1.9984014443252818e-15,1.5543122344752192e-15,1.5543122344752192e-15,1.3322676295501878e-15,2.220446049250313e-15,1.7763568394002505e-15,2.220446049250313e-15,2.4424906541753444e-15,2.220446049250313e-15,3.774758283725532e-15,2.220446049250313e-15,2.4424906541753444e-15,3.552713678800501e-15,2.220446049250313e-15,2.6645352591003757e-15,3.1086244689504383e-15,2.6645352591003757e-15,2.886579864025407e-15,2.886579864025407e-15,3.552713678800501e-15,3.9968028886505635e-15,2.6645352591003757e-15,3.1086244689504383e-15,3.552713678800501e-15,2.6645352591003757e-15,3.1086244689504383e-15,3.1086244689504383e-15,2.6645352591003757e-15,4.884981308350689e-15,3.1086244689504383e-15,4.440892098500626e-15,4.440892098500626e-15,4.440892098500626e-15,5.329070518200751e-15,2.6645352591003757e-15,3.9968028886505635e-15,1.7763568394002505e-15,1.3322676295501878e-15,1.3322676295501878e-15,-4.440892098500626e-16,-1.3322676295501878e-15,-1.3322676295501878e-15,-1.3322676295501878e-15,-3.9968028886505635e-15,-3.1086244689504383e-15,-1.3322676295501878e-15,-1.7763568394002505e-15,-2.220446049250313e-15,-3.9968028886505635e-15,-4.440892098500626e-15,-2.220446049250313e-15,-3.552713678800501e-15,-3.1086244689504383e-15,-3.9968028886505635e-15,-5.329070518200751e-15,-4.440892098500626e-15,-2.6645352591003757e-15,-1.7763568394002505e-15,-8.881784197001252e-16,8.881784197001252e-16,0.0
-1.1102230246251565e-16,-3.3306690738754696e-16,0.0,5.551115123125783e-16,6.661338147750939e-16,6.661338147750939e-16,5.551115123125783e-16,8.881784197001252e-16,1.1102230246251565e-15,1.4432899320127035e-15,1.6653345369377348e-15,2.1094237467877974e-15,2.6645352591003757e-15,2.6645352591003757e-15,2.1094237467877974e-15,1.887379141862766e-15,2.3314683517128287e-15,2.220446049250313e-15,1.7763568394002505e-15,1.3322676295501878e-15,8.881784197001252e-16,9.992007221626409e-16,6.661338147750939e-16,6.661338147750939e-16,6.661338147750939e-16,2.220446049250313e-16,4.440892098500626e-16,2.220446049250313e-16,8.881784197001252e-16,1.1102230246251565e-15,8.881784197001252e-16,1.1102230246251565e-15,1.1102230246251565e-15,1.9984014443252818e-15,2.220446049250313e-15,1.9984014443252818e-15,2.4424906541753444e-15,2.4424906541753444e-15,1.5543122344752192e-15,1.7763568394002505e-15,2.220446049250313e-15,1.5543122344752192e-15,1.5543122344752192e-15,1.5543122344752192e-15,2.220446049250313e-15,1.7763568394002505e-15,2.220446049250313e-15,2.4424906541753444e-15,1.7763568394002505e-15,3.3306690738754696e-15,2.220446049250313e-15,2.886579864025407e-15,3.552713678800501e-15,2.4424906541753444e-15,3.3306690738754696e-15,3.3306690738754696e-15,3.3306690738754696e-15,3.1086244689504383e-15,3.1086244689504383e-15,3.552713678800501e-15,3.552713678800501e-15,2.6645352591003757e-15,5.329070518200751e-15,4.440892098500626e-15,2.6645352591003757e-15,3.552713678800501e-15,4.440892098500626e-15,3.1086244689504383e-15,5.329070518200751e-15,4.440892098500626e-15,5.773159728050814e-15,5.329070518200751e-15,4.884981308350689e-15,4.440892098500626e-15,3.552713678800501e-15,3.552713678800501e-15,3.552713678800501e-15,8.881784197001252e-16,1.7763568394002505e-15,4.440892098500626e-16,-1.3322676295501878e-15,-8.881784197001252e-16,-4.440892098500626e-16,-3.552713678800501e-15,-2.220446049250313e-15,-1.3322676295501878e-15,-3.552713678800501e-15,-2.220446049250313e-15,-2.6645352591003757e-15,-2.6645352591003757e-15,-2.220446049250313e-15,-1.3322676295501878e-15,-3.1086244689504383e-15,-4.440892098500626e-15,-3.552713678800501e-15,-2.6645352591003757e-15,-3.552713678800501e-15,-8.881784197001252e-16,8.881784197001252e-16,1.7763568394002505e-15,8.881784197001252e-16
-1.1102230246251565e-16,0.0,2.220446049250313e-16,6.661338147750939e-16,7.771561172376096e-16,2.220446049250313e-16,5.551115123125783e-16,1.1102230246251565e-15,1.3322676295501878e-15,1.3322676295501878e-15,1.7763568394002505e-15,2.220446049250313e-15,2.4424906541753444e-15,2.6645352591003757e-15,2.220446049250313e-15,2.4424906541753444e-15,2.55351295663786e-15,1.887379141862766e-15,1.6653345369377348e-15,1.4432899320127035e-15,8.881784197001252e-16,1.2212453270876722e-15,6.661338147750939e-16,8.881784197001252e-16,2.220446049250313e-16,4.440892098500626e-16,4.440892098500626e-16,0.0,1.3322676295501878e-15,1.1102230246251565e-15,8.881784197001252e-16,1.5543122344752192e-15,1.3322676295501878e-15,1.9984014443252818e-15,1.5543122344752192e-15,2.6645352591003757e-15,2.220446049250313e-15,1.7763568394002505e-15,1.3322676295501878e-15,1.7763568394002505e-15,2.220446049250313e-15,1.9984014443252818e-15,1.7763568394002505e-15,1.3322676295501878e-15,2.6645352591003757e-15,1.9984014443252818e-15,2.220446049250313e-15,2.220446049250313e-15,1.9984014443252818e-15,3.552713678800501e-15,2.4424906541753444e-15,3.1086244689504383e-15,3.552713678800501e-15,2.886579864025407e-15,2.886579864025407e-15,3.1086244689504383e-15,3.3306690738754696e-15,3.552713678800501e-15,3.1086244689504383e-15,4.440892098500626e-15,3.9968028886505635e-15,1.7763568394002505e-15,4.884981308350689e-15,4.440892098500626e-15,4.440892098500626e-15,3.9968028886505635e-15,4.440892098500626e-15,3.9968028886505635e-15,5.329070518200751e-15,3.9968028886505635e-15,5.329070518200751e-15,4.440892098500626e-15,4.884981308350689e-15,5.773159728050814e-15,2.6645352591003757e-15,4.440892098500626e-15,3.1086244689504383e-15,8.881784197001252e-16,1.7763568394002505e-15,8.881784197001252e-16,1.3322676295501878e-15,-4.440892098500626e-16,0.0,-1.7763568394002505e-15,-2.220446049250313e-15,-8.881784197001252e-16,-8.881784197001252e-16,-2.6645352591003757e-15,-2.220446049250313e-15,-3.552713678800501e-15,-2.6645352591003757e-15,-2.6645352591003757e-15,-3.552713678800501e-15,-2.6645352591003757e-15,-2.6645352591003757e-15,-3.552713678800501e-15,-3.552713678800501e-15,0.0,2.6645352591003757e-15,8.881784197001252e-16,8.881784197001252e-16
1.1102230246251565e-16,2.220446049250313e-16,2.220446049250313e-16,6.661338147750939e-16,4.440892098500626e-16,7.771561172376096e-16,5.551115123125783e-16,7.771561172376096e-16,1.1102230246251565e-15,1.5543122344752192e-15,2.1094237467877974e-15,1.9984014443252818e-15,2.7755575615628914e-15,2.7755575615628914e-15,2.6645352591003757e-15,2.3314683517128287e-15,2.220446049250313e-15,1.887379141862766e-15,2.1094237467877974e-15,1.1102230246251565e-15,1.2212453270876722e-15,8.881784197001252e-16,6.661338147750939e-16,8.881784197001252e-16,6.661338147750939e-16,6.661338147750939e-16,8.881784197001252e-16,4.440892098500626e-16,1.1102230246251565e-15,8.881784197001252e-16,8.881784197001252e-16,1.5543122344752192e-15,1.3322676295501878e-15,2.220446049250313e-15,1.9984014443252818e-15,2.220446049250313e-15,2.4424906541753444e-15,2.886579864025407e-15,1.3322676295501878e-15,1.9984014443252818e-15,2.6645352591003757e-15,1.5543122344752192e-15,1.5543122344752192e-15,1.5543122344752192e-15,2.886579864025407e-15,1.7763568394002505e-15,2.6645352591003757e-15,2.4424906541753444e-15,2.220446049250313e-15,2.4424906541753444e-15,2.220446049250313e-15,3.1086244689504383e-15,3.1086244689504383e-15,2.886579864025407e-15,2.6645352591003757e-15,2.6645352591003757e-15,2.6645352591003757e-15,3.9968028886505635e-15,3.1086244689504383e-15,3.9968028886505635e-15,3.1086244689504383e-15,2.220446049250313e-15,4.440892098500626e-15,3.9968028886505635e-15,3.9968028886505635e-15,3.552713678800501e-15,4.884981308350689e-15,3.1086244689504383e-15,5.329070518200751e-15,3.9968028886505635e-15,4.440892098500626e-15,3.552713678800501e-15,3.9968028886505635e-15,3.9968028886505635e-15,3.1086244689504383e-15,3.9968028886505635e-15,3.1086244689504383e-15,2.220446049250313e-15,2.220446049250313e-15,1.7763568394002505e-15,8.881784197001252e-16,1.3322676295501878e-15,0.0,-1.7763568394002505e-15,-8.881784197001252e-16,-1.3322676295501878e-15,-1.3322676295501878e-15,-2.220446049250313e-15,-1.7763568394002505e-15,-3.1086244689504383e-15,-2.6645352591003757e-15,-3.552713678800501e-15,-3.552713678800501e-15,-4.440892098500626e-15,-5.329070518200751e-15,-3.552713678800501e-15,-1.7763568394002505e-15,0.0,-8.881784197001252e-16,8.881784197001252e-16,0.0
-3.3306690738754696e-16,-1.1102230246251565e-16,3.3306690738754696e-16,3.3306690738754696e-16,4.440892098500626e-16,4.440892098500626e-16,5.551115123125783e-16,1.3322676295501878e-15,1.3322676295501878e-15,1.5543122344752192e-15,2.220446049250313e-15,2.3314683517128287e-15,2.9976021664879227e-15,2.886579864025407e-15,2.6645352591003757e-15,2.1094237467877974e-15,2.55351295663786e-15,2.1094237467877974e-15,2.220446049250313e-15,1.5543122344752192e-15,1.5543122344752192e-15,1.1102230246251565e-15,6.661338147750939e-16,2.220446049250313e-16,4.440892098500626e-16,6.661338147750939e-16,8.881784197001252e-16,6.661338147750939e-16,6.661338147750939e-16,1.1102230246251565e-15,1.1102230246251565e-15,1.3322676295501878e-15,1.5543122344752192e-15,2.220446049250313e-15,1.7763568394002505e-15,2.6645352591003757e-15,2.4424906541753444e-15,2.4424906541753444e-15,1.9984014443252818e-15,2.6645352591003757e-15,2.6645352591003757e-15,2.886579864025407e-15,1.7763568394002505e-15,1.3322676295501878e-15,2.6645352591003757e-15,1.9984014443252818e-15,2.4424906541753444e-15,1.7763568394002505e-15,1.9984014443252818e-15,2.886579864025407e-15,2.6645352591003757e-15,3.1086244689504383e-15,3.1086244689504383e-15,2.886579864025407e-15,2.886579864025407e-15,3.552713678800501e-15,3.552713678800501e-15,3.1086244689504383e-15,4.884981308350689e-15,3.9968028886505635e-15,3.552713678800501e-15,3.1086244689504383e-15,6.217248937900877e-15,3.552713678800501e-15,3.552713678800501e-15,3.552713678800501e-15,4.884981308350689e-15,3.1086244689504383e-15,3.9968028886505635e-15,3.9968028886505635e-15,3.1086244689504383e-15,4.440892098500626e-15,3.9968028886505635e-15,5.329070518200751e-15,1.7763568394002505e-15,3.1086244689504383e-15,3.1086244689504383e-15,2.220446049250313e-15,3.1086244689504383e-15,2.6645352591003757e-15,0.0,1.7763568394002505e-15,4.440892098500626e-16,-1.3322676295501878e-15,-1.3322676295501878e-15,-8.881784197001252e-16,-8.881784197001252e-16,-2.220446049250313e-15,-3.552713678800501e-15,-3.552713678800501e-15,-3.552713678800501e-15,-3.552713678800501e-15,-2.6645352591003757e-15,-5.329070518200751e-15,-4.440892098500626e-15,-2.6645352591003757e-15,-2.6645352591003757e-15,-8.881784197001252e-16,-3.552713678800501e-15,-8.881784197001252e-16,0.0
-1.1102230246251565e-16,1.1102230246251565e-16,2.220446049250313e-16,3.3306690738754696e-16,5.551115123125783e-16,4.440892098500626e-16,6.661338147750939e-16,8.881784197001252e-16,1.4432899320127035e-15,1.5543122344752192e-15,1.9984014443252818e-15,2.220446049250313e-15,2.6645352591003757e-15,2.55351295663786e-15,2.6645352591003757e-15,2.55351295663786e-15,2.4424906541753444e-15,2.1094237467877974e-15,1.7763568394002505e-15,1.3322676295501878e-15,1.3322676295501878e-15,1.1102230246251565e-15,8.881784197001252e-16,6.661338147750939e-16,2.220446049250313e-16,4.440892098500626e-16,4.440892098500626e-16,6.661338147750939e-16,1.3322676295501878e-15,1.3322676295501878e-15,1.1102230246251565e-15,2.220446049250313e-15,1.3322676295501878e-15,1.9984014443252818e-15,2.220446049250313e-15,2.4424906541753444e-15,2.886579864025407e-15,2.6645352591003757e-15,2.6645352591003757e-15,2.6645352591003757e-15,3.3306690738754696e-15,2.886579864025407e-15,2.220446049250313e-15,1.9984014443252818e-15,2.6645352591003757e-15,2.4424906541753444e-15,3.552713678800501e-15,1.9984014443252818e-15,2.220446049250313e-15,3.552713678800501e-15,1.7763568394002505e-15,2.886579864025407e-15,3.1086244689504383e-15,3.3306690738754696e-15,2.6645352591003757e-15,2.6645352591003757e-15,3.552713678800501e-15,3.9968028886505635e-15,3.9968028886505635e-15,4.440892098500626e-15,4.440892098500626e-15,2.6645352591003757e-15,5.773159728050814e-15,4.440892098500626e-15,3.9968028886505635e-15,5.329070518200751e-15,4.884981308350689e-15,4.440892098500626e-15,4.884981308350689e-15,4.884981308350689e-15,3.1086244689504383e-15,3.1086244689504383e-15,3.552713678800501e-15,4.884981308350689e-15,1.7763568394002505e-15,3.9968028886505635e-15,2.220446049250313e-15,3.1086244689504383e-15,3.1086244689504383e-15,2.6645352591003757e-15,8.881784197001252e-16,2.220446049250313e-15,0.0,-8.881784197001252e-16,-2.220446049250313e-15,-2.220446049250313e-15,-2.220446049250313e-15,-2.220446049250313e-15,-2.6645352591003757e-15,-3.552713678800501e-15,-4.440892098500626e-15,-4.440892098500626e-15,-4.440892098500626e-15,-5.329070518200751e-15,-4.440892098500626e-15,-4.440892098500626e-15,-2.6645352591003757e-15,-8.881784197001252e-16,-1.7763568394002505e-15,1.7763568394002505e-15,0.0
0.0,2.220446049250313e-16,5.551115123125783e-16,5.551115123125783e-16,3.3306690738754696e-16,6.661338147750939e-16,7.771561172376096e-16,1.5543122344752192e-15,1.887379141862766e-15,1.7763568394002505e-15,2.55351295663786e-15,2.4424906541753444e-15,2.886579864025407e-15,2.7755575615628914e-15,2.9976021664879227e-15,2.55351295663786e-15,2.6645352591003757e-15,2.55351295663786e-15,2.4424906541753444e-15,1.9984014443252818e-15,1.5543122344752192e-15,1.5543122344752192e-15,1.3322676295501878e-15,4.440892098500626e-16,8.881784197001252e-16,8.881784197001252e-16,1.1102230246251565e-15,8.881784197001252e-16,1.5543122344752192e-15,8.881784197001252e-16,1.7763568394002505e-15,2.220446049250313e-15,1.9984014443252818e-15,1.9984014443252818e-15,2.220446049250313e-15,2.6645352591003757e-15,3.3306690738754696e-15,3.1086244689504383e-15,2.886579864025407e-15,3.1086244689504383e-15,4.440892098500626e-15,4.218847493575595e-15,3.3306690738754696e-15,2.220446049250313e-15,3.774758283725532e-15,3.774758283725532e-15,3.3306690738754696e-15,2.886579864025407e-15,3.1086244689504383e-15,3.552713678800501e-15,3.1086244689504383e-15,3.552713678800501e-15,3.552713678800501e-15,3.1086244689504383e-15,3.552713678800501e-15,3.9968028886505635e-15,4.440892098500626e-15,4.440892098500626e-15,4.440892098500626e-15,5.329070518200751e-15,3.9968028886505635e-15,3.9968028886505635e-15,6.661338147750939e-15,4.884981308350689e-15,5.329070518200751e-15,4.884981308350689e-15,5.329070518200751e-15,4.884981308350689e-15,5.329070518200751e-15,5.773159728050814e-15,4.440892098500626e-15,3.1086244689504383e-15,2.6645352591003757e-15,5.329070518200751e-15,2.6645352591003757e-15,4.440892098500626e-15,2.220446049250313e-15,2.6645352591003757e-15,3.552713678800501e-15,5.773159728050814e-15,3.552713678800501e-15,1.3322676295501878e-15,1.3322676295501878e-15,0.0,0.0,4.440892098500626e-16,-8.881784197001252e-16,-1.3322676295501878e-15,-2.6645352591003757e-15,-2.6645352591003757e-15,-4.440892098500626e-15,-5.329070518200751e-15,-2.6645352591003757e-15,-4.440892098500626e-15,-4.440892098500626e-15,-2.6645352591003757e-15,-2.6645352591003757e-15,-1.7763568394002505e-15,-2.6645352591003757e-15,0.0,0.0
-4.440892098500626e-16,0.0,0.0,-1.1102230246251565e-16,-3.3306690738754696e-16,1.1102230246251565e-16,1.1102230246251565e-16,4.440892098500626e-16,1.6653345369377348e-15,1.3322676295501878e-15,1.4432899320127035e-15,1.887379141862766e-15,2.1094237467877974e-15,2.220446049250313e-15,1.7763568394002505e-15,1.7763568394002505e-15,1.7763568394002505e-15,2.220446049250313e-15,1.3322676295501878e-15,1.1102230246251565e-15,8.881784197001252e-16,4.440892098500626e-16,2.220446049250313e-16,-4.440892098500626e-16,-4.440892098500626e-16,4.440892098500626e-16,2.220446049250313e-16,0.0,4.440892098500626e-16,2.220446049250313e-16,4.440892098500626e-16,1.3322676295501878e-15,1.1102230246251565e-15,1.3322676295501878e-15,1.7763568394002505e-15,1.5543122344752192e-15,2.220446049250313e-15,2.4424906541753444e-15,1.9984014443252818e-15,1.9984014443252818e-15,3.1086244689504383e-15,2.6645352591003757e-15,2.6645352591003757e-15,2.4424906541753444e-15,2.886579864025407e-15,3.1086244689504383e-15,2.220446049250313e-15,1.5543122344752192e-15,2.220446049250313e-15,2.220446049250313e-15,1.5543122344752192e-15,2.220446049250313e-15,2.220446049250313e-15,2.6645352591003757e-15,3.1086244689504383e-15,2.6645352591003757e-15,3.1086244689504383e-15,2.6645352591003757e-15,3.552713678800501e-15,2.6645352591003757e-15,2.220446049250313e-15,2.220446049250313e-15,3.1086244689504383e-15,2.6645352591003757e-15,3.1086244689504383e-15,2.220446049250313e-15,3.552713678800501e-15,3.552713678800501e-15,3.1086244689504383e-15,2.6645352591003757e-15,8.881784197001252e-16,4.440892098500626e-16,-4.440892098500626e-16,1.7763568394002505e-15,-1.3322676295501878e-15,2.220446049250313e-15,1.3322676295501878e-15,4.440892098500626e-16,8.881784197001252e-16,1.3322676295501878e-15,-2.220446049250313e-15,-8.881784197001252e-16,-1.7763568394002505e-15,-4.440892098500626e-15,-3.552713678800501e-15,-3.1086244689504383e-15,-4.884981308350689e-15,-4.440892098500626e-15,-5.329070518200751e-15,-4.440892098500626e-15,-7.105427357601002e-15,-7.993605777301127e-15,-7.105427357601002e-15,-8.881784197001252e-15,-4.440892098500626e-15,-6.217248937900877e-15,-7.105427357601002e-15,-3.552713678800501e-15,-6.217248937900877e-15,-5.329070518200751e-15,-4.440892098500626e-15
1.1102230246251565e-16,1.1102230246251565e-16,0.0,1.1102230246251565e-16,1.1102230246251565e-16,9.992007221626409e-16,1.1102230246251565e-15,1.2212453270876722e-15,1.3322676295501878e-15,1.887379141862766e-15,2.1094237467877974e-15,2.1094237467877974e-15,2.4424906541753444e-15,2.6645352591003757e-15,2.55351295663786e-15,2.4424906541753444e-15,2.220446049250313e-15,2.220446049250313e-15,1.7763568394002505e-15,1.1102230246251565e-15,1.5543122344752192e-15,6.661338147750939e-16,4.440892098500626e-16,0.0,2.220446049250313e-16,6.661338147750939e-16,4.440892098500626e-16,2.220446049250313e-16,4.440892098500626e-16,4.440892098500626e-16,1.3322676295501878e-15,1.9984014443252818e-15,1.3322676295501878e-15,1.9984014443252818e-15,1.7763568394002505e-15,1.7763568394002505e-15,2.6645352591003757e-15,2.220446049250313e-15,3.3306690738754696e-15,3.3306690738754696e-15,4.218847493575595e-15,3.3306690738754696e-15,3.774758283725532e-15,3.774758283725532e-15,3.552713678800501e-15,3.552713678800501e-15,3.774758283725532e-15,3.1086244689504383e-15,3.3306690738754696e-15,3.3306690738754696e-15,3.1086244689504383e-15,3.1086244689504383e-15,3.552713678800501e-15,3.1086244689504383e-15,4.440892098500626e-15,3.552713678800501e-15,3.552713678800501e-15,4.440892098500626e-15,3.9968028886505635e-15,3.9968028886505635e-15,4.440892098500626e-15,3.1086244689504383e-15,5.329070518200751e-15,3.552713678800501e-15,3.9968028886505635e-15,3.9968028886505635e-15,4.884981308350689e-15,3.9968028886505635e-15,3.1086244689504383e-15,3.552713678800501e-15,2.220446049250313e-15,2.6645352591003757e-15,2.220446049250313e-15,3.1086244689504383e-15,4.440892098500626e-16,1.7763568394002505e-15,1.7763568394002505e-15,4.440892098500626e-16,4.440892098500626e-16,3.1086244689504383e-15,-4.440892098500626e-16,8.881784197001252e-16,0.0,-1.3322676295501878e-15,-2.220446049250313e-15,-2.220446049250313e-15,-3.552713678800501e-15,-1.7763568394002505e-15,-4.440892098500626e-15,-5.329070518200751e-15,-5.329070518200751e-15,-7.993605777301127e-15,-2.6645352591003757e-15,-4.440892098500626e-15,-5.329070518200751e-15,-1.7763568394002505e-15,-5.329070518200751e-15,-3.552713678800501e-15,-3.552713678800501e-15,-3.552713678800501e-15,-8.881784197001252e-16
-2.220446049250313e-16,-2.220446049250313e-16,1.1102230246251565e-16,2.220446049250313e-16,5.551115123125783e-16,5.551115123125783e-16,8.881784197001252e-16,9.992007221626409e-16,1.5543122344752192e-15,1.7763568394002505e-15,1.887379141862766e-15,1.7763568394002505e-15,2.4424906541753444e-15,2.4424906541753444e-15,2.220446049250313e-15,2.220446049250313e-15,1.7763568394002505e-15,1.7763568394002505e-15,1.3322676295501878e-15,1.5543122344752192e-15,8.881784197001252e-16,8.881784197001252e-16,1.1102230246251565e-15,2.220446049250313e-16,6.661338147750939e-16,6.661338147750939e-16,2.220446049250313e-16,4.440892098500626e-16,0.0,2.220446049250313e-16,8.881784197001252e-16,1.3322676295501878e-15,8.881784197001252e-16,1.1102230246251565e-15,1.9984014443252818e-15,1.7763568394002505e-15,2.6645352591003757e-15,2.220446049250313e-15,2.4424906541753444e-15,3.1086244689504383e-15,3.9968028886505635e-15,3.3306690738754696e-15,4.218847493575595e-15,3.774758283725532e-15,3.552713678800501e-15,2.886579864025407e-15,3.774758283725532e-15,2.6645352591003757e-15,3.9968028886505635e-15,3.552713678800501e-15,3.552713678800501e-15,3.1086244689504383e-15,3.552713678800501e-15,3.552713678800501e-15,3.9968028886505635e-15,3.9968028886505635e-15,4.440892098500626e-15,3.9968028886505635e-15,3.9968028886505635e-15,4.884981308350689e-15,4.884981308350689e-15,2.6645352591003757e-15,4.440892098500626e-15,3.552713678800501e-15,4.440892098500626e-15,3.1086244689504383e-15,4.440892098500626e-15,2.6645352591003757e-15,2.220446049250313e-15,1.3322676295501878e-15,1.7763568394002505e-15,4.440892098500626e-16,1.3322676295501878e-15,1.7763568394002505e-15,-8.881784197001252e-16,2.220446049250313e-15,-4.440892098500626e-16,-1.3322676295501878e-15,0.0,2.6645352591003757e-15,-1.7763568394002505e-15,-8.881784197001252e-16,-1.3322676295501878e-15,-4.440892098500626e-16,-2.6645352591003757e-15,-3.552713678800501e-15,-4.440892098500626e-15,-4.440892098500626e-15,-5.329070518200751e-15,-7.105427357601002e-15,-7.105427357601002e-15,-6.217248937900877e-15,-5.329070518200751e-15,-8.881784197001252e-15,-6.217248937900877e-15,-5.329070518200751e-15,-6.217248937900877e-15,-5.329070518200751e-15,-7.993605777301127e-15,-5.329070518200751e-15,-1.7763568394002505e-15
4.440892098500626e-16,2.220446049250313e-16,6.661338147750939e-16,6.661338147750939e-16,7.771561172376096e-16,1.1102230246251565e-15,1.6653345369377348e-15,1.887379141862766e-15,2.220446049250313e-15,2.3314683517128287e-15,2.3314683517128287e-15,2.4424906541753444e-15,2.7755575615628914e-15,2.886579864025407e-15,2.4424906541753444e-15,2.6645352591003757e-15,1.7763568394002505e-15,2.220446049250313e-15,2.4424906541753444e-15,1.7763568394002505e-15,1.3322676295501878e-15,1.7763568394002505e-15,1.7763568394002505e-15,4.440892098500626e-16,6.661338147750939e-16,8.881784197001252e-16,8.881784197001252e-16,6.661338147750939e-16,1.1102230246251565e-15,4.440892098500626e-16,1.5543122344752192e-15,1.5543122344752192e-15,1.9984014443252818e-15,1.1102230246251565e-15,1.9984014443252818e-15,1.7763568394002505e-15,2.886579864025407e-15,2.886579864025407e-15,2.6645352591003757e-15,4.218847493575595e-15,5.551115123125783e-15,4.440892098500626e-15,4.884981308350689e-15,4.6629367034256575e-15,5.551115123125783e-15,5.10702591327572e-15,4.884981308350689e-15,4.884981308350689e-15,4.884981308350689e-15,4.884981308350689e-15,4.440892098500626e-15,4.884981308350689e-15,5.329070518200751e-15,4.884981308350689e-15,4.884981308350689e-15,5.329070518200751e-15,4.884981308350689e-15,5.329070518200751e-15,5.773159728050814e-15,5.329070518200751e-15,5.329070518200751e-15,3.9968028886505635e-15,5.329070518200751e-15,5.329070518200751e-15,4.440892098500626e-15,3.9968028886505635e-15,4.884981308350689e-15,3.1086244689504383e-15,4.884981308350689e-15,3.9968028886505635e-15,2.220446049250313e-15,2.6645352591003757e-15,2.6645352591003757e-15,3.1086244689504383e-15,8.881784197001252e-16,2.220446049250313e-15,4.440892098500626e-16,1.7763568394002505e-15,4.440892098500626e-16,3.552713678800501e-15,0.0,-4.440892098500626e-16,4.440892098500626e-16,-2.6645352591003757e-15,-1.7763568394002505e-15,-1.7763568394002505e-15,-3.552713678800501e-15,-2.6645352591003757e-15,-2.6645352591003757e-15,-2.6645352591003757e-15,-5.329070518200751e-15,-3.552713678800501e-15,-4.440892098500626e-15,-5.329070518200751e-15,-2.6645352591003757e-15,-3.552713678800501e-15,-6.217248937900877e-15,-2.6645352591003757e-15,-5.329070518200751e-15,-1.7763568394002505e-15,1.7763568394002505e-15
-3.3306690738754696e-16,-3.3306690738754696e-16,-3.3306690738754696e-16,2.220446049250313e-16,1.1102230246251565e-16,6.661338147750939e-16,8.881784197001252e-16,1.3322676295501878e-15,1.2212453270876722e-15,1.5543122344752192e-15,1.5543122344752192e-15,1.6653345369377348e-15,1.9984014443252818e-15,2.220446049250313e-15,1.9984014443252818e-15,1.5543122344752192e-15,1.1102230246251565e-15,1.1102230246251565e-15,1.1102230246251565e-15,8.881784197001252e-16,-2.220446049250313e-16,4.440892098500626e-16,1.1102230246251565e-15,-4.440892098500626e-16,-6.661338147750939e-16,-2.220446049250313e-16,-8.881784197001252e-16,0.0,0.0,-4.440892098500626e-16,-2.220446049250313e-16,1.1102230246251565e-15,8.881784197001252e-16,4.440892098500626e-16,1.9984014443252818e-15,4.440892098500626e-16,2.220446049250313e-15,1.1102230246251565e-15,1.5543122344752192e-15,2.220446049250313e-15,3.774758283725532e-15,2.6645352591003757e-15,3.1086244689504383e-15,3.9968028886505635e-15,3.552713678800501e-15,3.3306690738754696e-15,3.9968028886505635e-15,3.552713678800501e-15,4.440892098500626e-15,4.440892098500626e-15,3.9968028886505635e-15,3.552713678800501e-15,3.9968028886505635e-15,2.6645352591003757e-15,3.1086244689504383e-15,3.1086244689504383e-15,3.552713678800501e-15,3.1086244689504383e-15,3.552713678800501e-15,3.1086244689504383e-15,3.9968028886505635e-15,1.7763568394002505e-15,3.552713678800501e-15,2.6645352591003757e-15,2.6645352591003757e-15,8.881784197001252e-16,8.881784197001252e-16,-4.440892098500626e-16,8.881784197001252e-16,1.7763568394002505e-15,-4.440892098500626e-16,-1.3322676295501878e-15,0.0,8.881784197001252e-16,-3.552713678800501e-15,-4.440892098500626e-16,-1.7763568394002505e-15,-2.6645352591003757e-15,-3.9968028886505635e-15,-1.3322676295501878e-15,-6.217248937900877e-15,-3.552713678800501e-15,-4.440892098500626e-15,-5.329070518200751e-15,-4.440892098500626e-15,-6.217248937900877e-15,-8.881784197001252e-15,-6.217248937900877e-15,-7.993605777301127e-15,-7.993605777301127e-15,-7.105427357601002e-15,-7.105427357601002e-15,-9.769962616701378e-15,-8.881784197001252e-15,-7.993605777301127e-15,-8.881784197001252e-15,-1.0658141036401503e-14,-7.993605777301127e-15,-7.993605777301127e-15,-4.440892098500626e-15,-2.6645352591003757e-15
1.1102230246251565e-16,4.440892098500626e-16,7.771561172376096e-16,7.771561172376096e-16,1.4432899320127035e-15,1.5543122344752192e-15,1.887379141862766e-15,1.9984014443252818e-15,1.9984014443252818e-15,2.55351295663786e-15,2.3314683517128287e-15,2.55351295663786e-15,2.886579864025407e-15,2.886579864025407e-15,2.4424906541753444e-15,2.220446049250313e-15,1.9984014443252818e-15,1.7763568394002505e-15,1.7763568394002505e-15,1.3322676295501878e-15,8.881784197001252e-16,1.5543122344752192e-15,8.881784197001252e-16,0.0,2.220446049250313e-16,4.440892098500626e-16,4.440892098500626e-16,0.0,1.1102230246251565e-15,1.3322676295501878e-15,6.661338147750939e-16,1.9984014443252818e-15,1.1102230246251565e-15,1.1102230246251565e-15,1.9984014443252818e-15,1.1102230246251565e-15,2.6645352591003757e-15,2.4424906541753444e-15,2.4424906541753444e-15,3.552713678800501e-15,3.9968028886505635e-15,3.774758283725532e-15,4.6629367034256575e-15,4.6629367034256575e-15,4.884981308350689e-15,5.10702591327572e-15,5.329070518200751e-15,4.884981308350689e-15,5.329070518200751e-15,7.105427357601002e-15,5.773159728050814e-15,5.773159728050814e-15,5.329070518200751e-15,5.329070518200751e-15,5.773159728050814e-15,4.884981308350689e-15,6.217248937900877e-15,4.884981308350689e-15,3.9968028886505635e-15,5.329070518200751e-15,4.440892098500626e-15,2.220446049250313e-15,3.9968028886505635e-15,4.440892098500626e-15,1.7763568394002505e-15,3.552713678800501e-15,3.1086244689504383e-15,1.7763568394002505e-15,1.7763568394002505e-15,3.1086244689504383e-15,2.6645352591003757e-15,8.881784197001252e-16,1.7763568394002505e-15,1.3322676295501878e-15,1.3322676295501878e-15,-8.881784197001252e-16,-4.440892098500626e-16,-1.7763568394002505e-15,-1.3322676295501878e-15,8.881784197001252e-16,-3.552713678800501e-15,-3.1086244689504383e-15,0.0,-1.7763568394002505e-15,0.0,-2.6645352591003757e-15,-4.440892098500626e-15,-1.7763568394002505e-15,-5.329070518200751e-15,-4.440892098500626e-15,-6.217248937900877e-15,-3.552713678800501e-15,-4.440892098500626e-15,-6.217248937900877e-15,-5.329070518200751e-15,-4.440892098500626e-15,-6.217248937900877e-15,-6.217248937900877e-15,-2.6645352591003757e-15,-8.881784197001252e-16,1.7763568394002505e-15
-2.220446049250313e-16,-1.1102230246251565e-16,5.551115123125783e-16,7.771561172376096e-16,9.992007221626409e-16,1.4432899320127035e-15,1.5543122344752192e-15,1.9984014443252818e-15,2.220446049250313e-15,2.3314683517128287e-15,1.9984014443252818e-15,2.220446049250313e-15,2.220446049250313e-15,2.4424906541753444e-15,1.7763568394002505e-15,1.5543122344752192e-15,8.881784197001252e-16,8.881784197001252e-16,1.1102230246251565e-15,4.440892098500626e-16,2.220446049250313e-16,4.440892098500626e-16,4.440892098500626e-16,-6.661338147750939e-16,-2.220446049250313e-16,2.220446049250313e-16,0.0,-4.440892098500626e-16,8.881784197001252e-16,-2.220446049250313e-16,0.0,2.220446049250313e-16,2.220446049250313e-16,-2.220446049250313e-16,1.1102230246251565e-15,4.440892098500626e-16,1.9984014443252818e-15,1.1102230246251565e-15,1.5543122344752192e-15,2.220446049250313e-15,2.886579864025407e-15,1.7763568394002505e-15,3.3306690738754696e-15,3.552713678800501e-15,3.552713678800501e-15,3.9968028886505635e-15,4.440892098500626e-15,3.9968028886505635e-15,3.9968028886505635e-15,5.773159728050814e-15,4.440892098500626e-15,3.552713678800501e-15,5.329070518200751e-15,4.440892098500626e-15,5.329070518200751e-15,3.552713678800501e-15,3.552713678800501e-15,2.220446049250313e-15,3.552713678800501e-15,3.1086244689504383e-15,3.552713678800501e-15,1.7763568394002505e-15,2.220446049250313e-15,3.552713678800501e-15,1.7763568394002505e-15,4.440892098500626e-16,1.7763568394002505e-15,4.440892098500626e-16,1.3322676295501878e-15,1.7763568394002505e-15,8.881784197001252e-16,-4.440892098500626e-16,-4.440892098500626e-16,-4.440892098500626e-16,-2.220446049250313e-15,-2.220446049250313e-15,-1.7763568394002505e-15,-3.552713678800501e-15,-2.6645352591003757e-15,-3.1086244689504383e-15,-4.884981308350689e-15,-5.329070518200751e-15,-3.552713678800501e-15,-2.6645352591003757e-15,-3.552713678800501e-15,-4.440892098500626e-15,-5.329070518200751e-15,-4.440892098500626e-15,-5.329070518200751e-15,-7.105427357601002e-15,-7.105427357601002e-15,-5.329070518200751e-15,-6.217248937900877e-15,-8.881784197001252e-15,-7.993605777301127e-15,-7.993605777301127e-15,-7.105427357601002e-15,-7.993605777301127e-15,-4.440892098500626e-15,-3.552713678800501e-15,0.0
-3.3306690738754696e-16,1.1102230246251565e-16,7.771561172376096e-16,1.3322676295501878e-15,1.1102230246251565e-15,1.6653345369377348e-15,1.887379141862766e-15,2.55351295663786e-15,1.9984014443252818e-15,2.1094237467877974e-15,1.9984014443252818e-15,2.220446049250313e-15,2.220446049250313e-15,2.220446049250313e-15,1.7763568394002505e-15,1.5543122344752192e-15,1.5543122344752192e-15,6.661338147750939e-16,1.1102230246251565e-15,6.661338147750939e-16,2.220446049250313e-16,4.440892098500626e-16,4.440892098500626e-16,-2.220446049250313e-16,-2.220446049250313e-16,0.0,-2.220446049250313e-16,2.220446049250313e-16,2.220446049250313e-16,-4.440892098500626e-16,6.661338147750939e-16,6.661338147750939e-16,-4.440892098500626e-16,2.220446049250313e-16,8.881784197001252e-16,1.3322676295501878e-15,1.3322676295501878e-15,1.7763568394002505e-15,6.661338147750939e-16,2.886579864025407e-15,2.4424906541753444e-15,2.6645352591003757e-15,3.774758283725532e-15,3.1086244689504383e-15,3.774758283725532e-15,4.440892098500626e-15,3.552713678800501e-15,5.329070518200751e-15,4.440892098500626e-15,5.773159728050814e-15,5.329070518200751e-15,3.552713678800501e-15,5.773159728050814e-15,4.440892098500626e-15,4.884981308350689e-15,3.1086244689504383e-15,3.552713678800501e-15,2.6645352591003757e-15,2.220446049250313e-15,3.9968028886505635e-15,3.1086244689504383e-15,8.881784197001252e-16,2.220446049250313e-15,2.220446049250313e-15,-4.440892098500626e-16,8.881784197001252e-16,1.7763568394002505e-15,4.440892098500626e-16,8.881784197001252e-16,2.6645352591003757e-15,8.881784197001252e-16,-1.3322676295501878e-15,1.3322676295501878e-15,1.3322676295501878e-15,-8.881784197001252e-16,4.440892098500626e-16,-4.440892098500626e-16,-1.7763568394002505e-15,-2.6645352591003757e-15,-8.881784197001252e-16,-5.329070518200751e-15,-3.552713678800501e-15,-2.6645352591003757e-15,-4.440892098500626e-15,-3.552713678800501e-15,-4.440892098500626e-15,-2.6645352591003757e-15,-1.7763568394002505e-15,-5.329070518200751e-15,-5.329070518200751e-15,-4.440892098500626e-15,-4.440892098500626e-15,-4.440892098500626e-15,-7.105427357601002e-15,-6.217248937900877e-15,-8.881784197001252e-15,-6.217248937900877e-15,-5.329070518200751e-15,-4.440892098500626e-15,-1.7763568394002505e-15,0.0
4.440892098500626e-16,2.220446049250313e-16,1.4432899320127035e-15,1.4432899320127035e-15,2.1094237467877974e-15,2.4424906541753444e-15,2.220446049250313e-15,3.1086244689504383e-15,2.9976021664879227e-15,2.886579864025407e-15,2.6645352591003757e-15,3.1086244689504383e-15,3.1086244689504383e-15,3.1086244689504383e-15,2.220446049250313e-15,2.4424906541753444e-15,1.7763568394002505e-15,1.5543122344752192e-15,1.3322676295501878e-15,1.1102230246251565e-15,6.661338147750939e-16,6.661338147750939e-16,8.881784197001252e-16,2.220446049250313e-16,0.0,8.881784197001252e-16,2.220446049250313e-16,8.881784197001252e-16,8.881784197001252e-16,8.881784197001252e-16,1.3322676295501878e-15,1.3322676295501878e-15,1.3322676295501878e-15,1.5543122344752192e-15,2.220446049250313e-15,1.7763568394002505e-15,2.886579864025407e-15,3.3306690738754696e-15,2.886579864025407e-15,3.552713678800501e-15,4.6629367034256575e-15,3.552713678800501e-15,3.9968028886505635e-15,4.884981308350689e-15,3.9968028886505635e-15,6.217248937900877e-15,6.217248937900877e-15,5.329070518200751e-15,5.773159728050814e-15,7.105427357601002e-15,5.329070518200751e-15,5.773159728050814e-15,6.661338147750939e-15,5.773159728050814e-15,4.884981308350689e-15,5.329070518200751e-15,5.773159728050814e-15,4.440892098500626e-15,4.440892098500626e-15,3.9968028886505635e-15,3.9968028886505635e-15,2.220446049250313e-15,3.552713678800501e-15,4.884981308350689e-15,2.6645352591003757e-15,3.552713678800501e-15,3.552713678800501e-15,3.9968028886505635e-15,3.1086244689504383e-15,5.329070518200751e-15,3.552713678800501e-15,4.884981308350689e-15,3.552713678800501e-15,2.6645352591003757e-15,2.220446049250313e-15,3.9968028886505635e-15,1.7763568394002505e-15,1.3322676295501878e-15,4.440892098500626e-16,0.0,-3.552713678800501e-15,0.0,-8.881784197001252e-16,0.0,-8.881784197001252e-16,1.7763568394002505e-15,8.881784197001252e-16,8.881784197001252e-16,0.0,-1.7763568394002505e-15,-8.881784197001252e-16,0.0,-8.881784197001252e-16,-3.552713678800501e-15,-8.881784197001252e-16,-3.552713678800501e-15,-8.881784197001252e-16,-1.7763568394002505e-15,0.0,8.881784197001252e-16,1.7763568394002505e-15
-2.220446049250313e-16,3.3306690738754696e-16,1.4432899320127035e-15,1.6653345369377348e-15,2.220446049250313e-15,2.55351295663786e-15,2.4424906541753444e-15,3.3306690738754696e-15,2.886579864025407e-15,3.1086244689504383e-15,2.886579864025407e-15,2.220446049250313e-15,2.6645352591003757e-15,1.9984014443252818e-15,2.220446049250313e-15,1.9984014443252818e-15,1.5543122344752192e-15,6.661338147750939e-16,6.661338147750939e-16,4.440892098500626e-16,6.661338147750939e-16,4.440892098500626e-16,4.440892098500626e-16,0.0,-4.440892098500626e-16,-2.220446049250313e-16,2.220446049250313e-16,8.881784197001252e-16,1.1102230246251565e-15,8.881784197001252e-16,8.881784197001252e-16,1.1102230246251565e-15,1.1102230246251565e-15,1.5543122344752192e-15,1.9984014443252818e-15,1.7763568394002505e-15,3.1086244689504383e-15,3.1086244689504383e-15,1.7763568394002505e-15,3.3306690738754696e-15,4.440892098500626e-15,3.1086244689504383e-15,4.218847493575595e-15,3.1086244689504383e-15,3.9968028886505635e-15,5.329070518200751e-15,5.773159728050814e-15,5.329070518200751e-15,5.329070518200751e-15,6.661338147750939e-15,6.217248937900877e-15,4.884981308350689e-15,6.217248937900877e-15,5.329070518200751e-15,4.440892098500626e-15,3.552713678800501e-15,4.440892098500626e-15,3.552713678800501e-15,3.552713678800501e-15,4.884981308350689e-15,1.7763568394002505e-15,1.7763568394002505e-15,3.1086244689504383e-15,5.773159728050814e-15,2.6645352591003757e-15,3.1086244689504383e-15,4.440892098500626e-15,3.552713678800501e-15,2.6645352591003757e-15,4.440892098500626e-15,3.9968028886505635e-15,3.1086244689504383e-15,4.440892098500626e-15,2.220446049250313e-15,3.552713678800501e-15,4.440892098500626e-15,1.3322676295501878e-15,3.1086244689504383e-15,8.881784197001252e-16,-8.881784197001252e-16,-1.7763568394002505e-15,-1.7763568394002505e-15,-8.881784197001252e-16,1.7763568394002505e-15,1.7763568394002505e-15,8.881784197001252e-16,8.881784197001252e-16,2.6645352591003757e-15,0.0,-2.6645352591003757e-15,-2.6645352591003757e-15,-1.7763568394002505e-15,3.552713678800501e-15,-4.440892098500626e-15,-1.7763568394002505e-15,-3.552713678800501e-15,-4.440892098500626e-15,-2.6645352591003757e-15,0.0,8.881784197001252e-16,1.7763568394002505e-15
-2.220446049250313e-16,6.661338147750939e-16,1.1102230246251565e-15,1.4432899320127035e-15,2.220446049250313e-15,2.3314683517128287e-15,2.6645352591003757e-15,2.6645352591003757e-15,3.3306690738754696e-15,2.6645352591003757e-15,2.220446049250313e-15,2.220446049250313e-15,2.4424906541753444e-15,1.9984014443252818e-15,1.9984014443252818e-15,1.9984014443252818e-15,1.9984014443252818e-15,8.881784197001252e-16,1.1102230246251565e-15,8.881784197001252e-16,8.881784197001252e-16,1.1102230246251565e-15,4.440892098500626e-16,2.220446049250313e-16,-6.661338147750939e-16,6.661338147750939e-16,1.1102230246251565e-15,4.440892098500626e-16,1.1102230246251565e-15,1.3322676295501878e-15,6.661338147750939e-16,8.881784197001252e-16,1.3322676295501878e-15,1.1102230246251565e-15,2.220446049250313e-15,1.7763568394002505e-15,3.774758283725532e-15,3.774758283725532e-15,2.6645352591003757e-15,3.774758283725532e-15,4.218847493575595e-15,4.6629367034256575e-15,2.6645352591003757e-15,3.552713678800501e-15,4.884981308350689e-15,5.773159728050814e-15,5.773159728050814e-15,5.329070518200751e-15,4.884981308350689e-15,6.217248937900877e-15,5.773159728050814e-15,4.440892098500626e-15,3.9968028886505635e-15,4.884981308350689e-15,4.884981308350689e-15,3.9968028886505635e-15,4.440892098500626e-15,4.440892098500626e-15,4.440892098500626e-15,3.9968028886505635e-15,3.1086244689504383e-15,3.1086244689504383e-15,3.9968028886505635e-15,3.1086244689504383e-15,3.552713678800501e-15,3.9968028886505635e-15,4.440892098500626e-15,4.440892098500626e-15,3.9968028886505635e-15,3.9968028886505635e-15,4.440892098500626e-15,2.220446049250313e-15,4.440892098500626e-15,2.6645352591003757e-15,4.884981308350689e-15,4.884981308350689e-15,2.6645352591003757e-15,4.440892098500626e-15,3.552713678800501e-15,1.7763568394002505e-15,-1.7763568394002505e-15,1.7763568394002505e-15,2.6645352591003757e-15,2.6645352591003757e-15,1.7763568394002505e-15,8.881784197001252e-16,-8.881784197001252e-16,8.881784197001252e-16,8.881784197001252e-16,0.0,0.0,0.0,5.329070518200751e-15,0.0,8.881784197001252e-16,-2.6645352591003757e-15,-3.552713678800501e-15,-8.881784197001252e-16,-2.6645352591003757e-15,-1.7763568394002505e-15,-8.881784197001252e-16
-1.1102230246251565e-16,3.3306690738754696e-16,5.551115123125783e-16,1.2212453270876722e-15,1.5543122344752192e-15,1.887379141862766e-15,2.220446049250313e-15,2.220446049250313e-15,2.6645352591003757e-15,2.220446049250313e-15,2.6645352591003757e-15,1.9984014443252818e-15,1.9984014443252818e-15,1.3322676295501878e-15,1.7763568394002505e-15,1.5543122344752192e-15,1.5543122344752192e-15,6.661338147750939e-16,8.881784197001252e-16,0.0,2.220446049250313e-16,4.440892098500626e-16,4.440892098500626e-16,0.0,-6.661338147750939e-16,2.220446049250313e-16,4.440892098500626e-16,2.220446049250313e-16,8.881784197001252e-16,4.440892098500626e-16,2.220446049250313e-16,8.881784197001252e-16,6.661338147750939e-16,1.1102230246251565e-15,2.220446049250313e-15,1.5543122344752192e-15,3.3306690738754696e-15,3.3306690738754696e-15,1.5543122344752192e-15,3.9968028886505635e-15,3.552713678800501e-15,3.1086244689504383e-15,3.552713678800501e-15,3.552713678800501e-15,4.440892098500626e-15,4.884981308350689e-15,6.217248937900877e-15,4.440892098500626e-15,4.884981308350689e-15,4.440892098500626e-15,5.329070518200751e-15,4.440892098500626e-15,4.440892098500626e-15,3.9968028886505635e-15,3.1086244689504383e-15,3.552713678800501e-15,4.440892098500626e-15,3.552713678800501e-15,3.9968028886505635e-15,3.1086244689504383e-15,1.7763568394002505e-15,1.7763568394002505e-15,2.6645352591003757e-15,3.552713678800501e-15,3.552713678800501e-15,2.6645352591003757e-15,3.552713678800501e-15,2.6645352591003757e-15,3.1086244689504383e-15,4.440892098500626e-15,1.3322676295501878e-15,1.7763568394002505e-15,3.9968028886505635e-15,2.6645352591003757e-15,1.7763568394002505e-15,2.6645352591003757e-15,2.6645352591003757e-15,3.552713678800501e-15,3.552713678800501e-15,4.440892098500626e-15,-1.7763568394002505e-15,8.881784197001252e-16,8.881784197001252e-16,1.7763568394002505e-15,0.0,8.881784197001252e-16,1.7763568394002505e-15,8.881784197001252e-16,-1.7763568394002505e-15,-8.881784197001252e-16,0.0,-3.552713678800501e-15,4.440892098500626e-15,-2.6645352591003757e-15,0.0,-3.552713678800501e-15,-4.440892098500626e-15,8.881784197001252e-16,-2.6645352591003757e-15,-2.6645352591003757e-15,-8.881784197001252e-16
-1.1102230246251565e-16,0.0,4.440892098500626e-16,5.551115123125783e-16,7.771561172376096e-16,1.1102230246251565e-15,1.7763568394002505e-15,1.9984014443252818e-15,2.220446049250313e-15,1.9984014443252818e-15,1.3322676295501878e-15,1.3322676295501878e-15,1.9984014443252818e-15,1.3322676295501878e-15,1.3322676295501878e-15,1.1102230246251565e-15,8.881784197001252e-16,2.220446049250313e-16,4.440892098500626e-16,4.440892098500626e-16,4.440892098500626e-16,4.440892098500626e-16,4.440892098500626e-16,-4.440892098500626e-16,-8.881784197001252e-16,0.0,-2.220446049250313e-16,0.0,4.440892098500626e-16,0.0,0.0,1.3322676295501878e-15,4.440892098500626e-16,6.661338147750939e-16,2.886579864025407e-15,2.220446049250313e-15,2.886579864025407e-15,2.886579864025407e-15,1.3322676295501878e-15,2.6645352591003757e-15,3.1086244689504383e-15,3.552713678800501e-15,3.552713678800501e-15,3.1086244689504383e-15,3.9968028886505635e-15,3.1086244689504383e-15,5.329070518200751e-15,4.440892098500626e-15,4.440892098500626e-15,3.9968028886505635e-15,3.552713678800501e-15,3.1086244689504383e-15,3.9968028886505635e-15,3.552713678800501e-15,3.1086244689504383e-15,3.552713678800501e-15,4.884981308350689e-15,3.1086244689504383e-15,3.1086244689504383e-15,2.6645352591003757e-15,1.7763568394002505e-15,1.3322676295501878e-15,3.1086244689504383e-15,2.6645352591003757e-15,2.6645352591003757e-15,3.1086244689504383e-15,3.1086244689504383e-15,8.881784197001252e-16,1.3322676295501878e-15,2.220446049250313e-15,-4.440892098500626e-16,8.881784197001252e-16,4.440892098500626e-16,8.881784197001252e-16,8.881784197001252e-16,8.881784197001252e-16,8.881784197001252e-16,0.0,0.0,8.881784197001252e-16,-1.7763568394002505e-15,1.7763568394002505e-15,0.0,8.881784197001252e-16,-8.881784197001252e-16,8.881784197001252e-16,8.881784197001252e-16,-1.7763568394002505e-15,0.0,-1.7763568394002505e-15,0.0,-6.217248937900877e-15,3.552713678800501e-15,-7.105427357601002e-15,1.7763568394002505e-15,-4.440892098500626e-15,-2.6645352591003757e-15,-2.6645352591003757e-15,0.0,-5.329070518200751e-15,-1.7763568394002505e-15
-4.440892098500626e-16,-4.440892098500626e-16,-3.3306690738754696e-16,1.1102230246251565e-16,4.440892098500626e-16,8.881784197001252e-16,1.3322676295501878e-15,1.5543122344752192e-15,1.7763568394002505e-15,1.9984014443252818e-15,1.1102230246251565e-15,1.5543122344752192e-15,1.7763568394002505e-15,1.3322676295501878e-15,1.7763568394002505e-15,6.661338147750939e-16,0.0,0.0,-4.440892098500626e-16,-8.881784197001252e-16,-8.881784197001252e-16,0.0,-2.220446049250313e-16,-4.440892098500626e-16,-1.1102230246251565e-15,-4.440892098500626e-16,-1.1102230246251565e-15,-8.881784197001252e-16,0.0,-4.440892098500626e-16,-6.661338147750939e-16,4.440892098500626e-16,8.881784197001252e-16,8.881784197001252e-16,1.5543122344752192e-15,6.661338147750939e-16,3.3306690738754696e-15,1.3322676295501878e-15,1.1102230246251565e-15,2.220446049250313e-15,2.6645352591003757e-15,2.6645352591003757e-15,3.1086244689504383e-15,2.6645352591003757e-15,2.6645352591003757e-15,2.6645352591003757e-15,3.552713678800501e-15,3.1086244689504383e-15,2.6645352591003757e-15,2.6645352591003757e-15,3.1086244689504383e-15,3.1086244689504383e-15,2.6645352591003757e-15,3.9968028886505635e-15,2.6645352591003757e-15,2.220446049250313e-15,3.1086244689504383e-15,2.6645352591003757e-15,1.3322676295501878e-15,1.7763568394002505e-15,1.7763568394002505e-15,4.440892098500626e-16,1.7763568394002505e-15,8.881784197001252e-16,8.881784197001252e-16,1.7763568394002505e-15,2.6645352591003757e-15,-1.3322676295501878e-15,1.7763568394002505e-15,-4.440892098500626e-16,-2.220446049250313e-15,-2.6645352591003757e-15,-1.3322676295501878e-15,-1.3322676295501878e-15,0.0,0.0,-1.7763568394002505e-15,-3.552713678800501e-15,-1.7763568394002505e-15,-2.6645352591003757e-15,-8.881784197001252e-16,-3.552713678800501e-15,0.0,-2.6645352591003757e-15,0.0,1.7763568394002505e-15,1.7763568394002505e-15,-8.881784197001252e-16,-4.440892098500626e-15,-3.552713678800501e-15,-1.7763568394002505e-15,-4.440892098500626e-15,-8.881784197001252e-16,-5.329070518200751e-15,-2.6645352591003757e-15,-2.6645352591003757e-15,-2.6645352591003757e-15,-3.552713678800501e-15,-7.993605777301127e-15,0.0,8.881784197001252e-16
2.220446049250313e-16,-1.3322676295501878e-15,-9.992007221626409e-16,-5.551115123125783e-16,2.220446049250313e-16,2.220446049250313e-16,6.661338147750939e-16,1.5543122344752192e-15,1.7763568394002505e-15,1.7763568394002505e-15,1.5543122344752192e-15,1.7763568394002505e-15,1.7763568394002505e-15,1.7763568394002505e-15,1.1102230246251565e-15,1.1102230246251565e-15,2.220446049250313e-16,-6.661338147750939e-16,-2.220446049250313e-16,-4.440892098500626e-16,-1.1102230246251565e-15,-6.661338147750939e-16,-2.220446049250313e-16,-1.3322676295501878e-15,-8.881784197001252e-16,-6.661338147750939e-16,-8.881784197001252e-16,-6.661338147750939e-16,0.0,4.440892098500626e-16,0.0,0.0,4.440892098500626e-16,1.7763568394002505e-15,1.3322676295501878e-15,1.3322676295501878e-15,3.1086244689504383e-15,1.7763568394002505e-15,8.881784197001252e-16,2.6645352591003757e-15,3.552713678800501e-15,2.6645352591003757e-15,2.6645352591003757e-15,3.552713678800501e-15,2.6645352591003757e-15,2.220446049250313e-15,3.552713678800501e-15,2.6645352591003757e-15,2.220446049250313e-15,3.1086244689504383e-15,2.220446049250313e-15,3.552713678800501e-15,1.3322676295501878e-15,2.6645352591003757e-15,2.6645352591003757e-15,1.3322676295501878e-15,1.7763568394002505e-15,1.7763568394002505e-15,1.7763568394002505e-15,2.6645352591003757e-15,2.6645352591003757e-15,-4.440892098500626e-16,2.220446049250313e-15,1.3322676295501878e-15,4.440892098500626e-16,1.7763568394002505e-15,-4.440892098500626e-16,-2.220446049250313e-15,8.881784197001252e-16,-4.440892098500626e-16,4.440892098500626e-16,-2.220446049250313e-15,-1.7763568394002505e-15,-8.881784197001252e-16,-2.6645352591003757e-15,-3.552713678800501e-15,-3.552713678800501e-15,-5.329070518200751e-15,-5.329070518200751e-15,-3.552713678800501e-15,-2.6645352591003757e-15,-4.440892098500626e-15,-8.881784197001252e-16,-2.6645352591003757e-15,-1.7763568394002505e-15,0.0,8.881784197001252e-16,-8.881784197001252e-16,-3.552713678800501e-15,-2.6645352591003757e-15,0.0,-2.6645352591003757e-15,-1.7763568394002505e-15,-4.440892098500626e-15,-6.217248937900877e-15,-6.217248937900877e-15,-2.6645352591003757e-15,-3.552713678800501e-15,-2.6645352591003757e-15,8.881784197001252e-16,0.0
1.1102230246251565e-16,-9.992007221626409e-16,-1.5543122344752192e-15,-8.881784197001252e-16,0.0,2.220446049250313e-16,8.881784197001252e-16,1.5543122344752192e-15,1.9984014443252818e-15,1.7763568394002505e-15,1.9984014443252818e-15,1.7763568394002505e-15,1.7763568394002505e-15,1.7763568394002505e-15,8.881784197001252e-16,6.661338147750939e-16,0.0,-4.440892098500626e-16,-2.220446049250313e-16,-1.5543122344752192e-15,-1.3322676295501878e-15,-6.661338147750939e-16,-6.661338147750939e-16,-1.7763568394002505e-15,-1.5543122344752192e-15,-1.1102230246251565e-15,-1.1102230246251565e-15,-6.661338147750939e-16,0.0,8.881784197001252e-16,0.0,1.3322676295501878e-15,2.220446049250313e-16,1.3322676295501878e-15,2.220446049250313e-15,6.661338147750939e-16,2.220446049250313e-15,1.3322676295501878e-15,8.881784197001252e-16,2.6645352591003757e-15,3.552713678800501e-15,1.3322676295501878e-15,1.3322676295501878e-15,2.220446049250313e-15,3.1086244689504383e-15,1.7763568394002505e-15,3.552713678800501e-15,2.6645352591003757e-15,2.6645352591003757e-15,3.9968028886505635e-15,1.7763568394002505e-15,2.220446049250313e-15,2.220446049250313e-15,4.440892098500626e-16,2.220446049250313e-15,-4.440892098500626e-16,8.881784197001252e-16,0.0,1.7763568394002505e-15,1.7763568394002505e-15,8.881784197001252e-16,-1.3322676295501878e-15,2.220446049250313e-15,-1.3322676295501878e-15,-4.440892098500626e-16,1.3322676295501878e-15,-4.440892098500626e-16,-1.3322676295501878e-15,4.440892098500626e-16,2.6645352591003757e-15,2.220446049250313e-15,-3.552713678800501e-15,0.0,0.0,-2.6645352591003757e-15,-3.552713678800501e-15,-6.217248937900877e-15,-5.329070518200751e-15,-4.440892098500626e-15,-5.329070518200751e-15,-3.552713678800501e-15,-6.217248937900877e-15,-8.881784197001252e-16,-2.6645352591003757e-15,-2.6645352591003757e-15,0.0,-8.881784197001252e-16,1.7763568394002505e-15,0.0,-8.881784197001252e-16,8.881784197001252e-16,-3.552713678800501e-15,-4.440892098500626e-15,-1.1546319456101628e-14,-9.769962616701378e-15,-7.105427357601002e-15,-2.6645352591003757e-15,-8.881784197001252e-16,0.0,4.440892098500626e-15,8.881784197001252e-16
0.0,-1.3322676295501878e-15,-1.1102230246251565e-15,-2.220446049250313e-16,0.0,8.881784197001252e-16,8.881784197001252e-16,1.7763568394002505e-15,2.220446049250313e-15,2.220446049250313e-15,2.220446049250313e-15,1.5543122344752192e-15,1.7763568394002505e-15,8.881784197001252e-16,8.881784197001252e-16,8.881784197001252e-16,6.661338147750939e-16,-1.1102230246251565e-15,-2.220446049250313e-16,-2.220446049250313e-16,-6.661338147750939e-16,-4.440892098500626e-16,-1.1102230246251565e-15,-1.5543122344752192e-15,-8.881784197001252e-16,-4.440892098500626e-16,6.661338147750939e-16,6.661338147750939e-16,8.881784197001252e-16,6.661338147750939e-16,1.7763568394002505e-15,1.7763568394002505e-15,2.4424906541753444e-15,2.220446049250313e-15,1.9984014443252818e-15,1.3322676295501878e-15,1.7763568394002505e-15,1.7763568394002505e-15,2.6645352591003757e-15,3.1086244689504383e-15,3.552713678800501e-15,1.7763568394002505e-15,1.7763568394002505e-15,3.1086244689504383e-15,3.1086244689504383e-15,3.1086244689504383e-15,2.6645352591003757e-15,2.6645352591003757e-15,2.220446049250313e-15,2.220446049250313e-15,1.7763568394002505e-15,2.220446049250313e-15,2.6645352591003757e-15,4.440892098500626e-16,1.3322676295501878e-15,-4.440892098500626e-16,-8.881784197001252e-16,8.881784197001252e-16,1.3322676295501878e-15,-4.440892098500626e-16,-8.881784197001252e-16,-4.440892098500626e-16,1.7763568394002505e-15,2.6645352591003757e-15,1.7763568394002505e-15,2.6645352591003757e-15,1.3322676295501878e-15,2.6645352591003757e-15,1.7763568394002505e-15,5.329070518200751e-15,3.9968028886505635e-15,0.0,4.440892098500626e-15,1.7763568394002505e-15,-1.7763568394002505e-15,0.0,-8.881784197001252e-16,-8.881784197001252e-16,-8.881784197001252e-16,-3.552713678800501e-15,-2.6645352591003757e-15,-2.6645352591003757e-15,-8.881784197001252e-16,-2.6645352591003757e-15,1.7763568394002505e-15,1.7763568394002505e-15,8.881784197001252e-16,7.105427357601002e-15,0.0,2.6645352591003757e-15,1.7763568394002505e-15,0.0,-4.440892098500626e-15,-7.105427357601002e-15,-5.329070518200751e-15,-6.217248937900877e-15,-1.7763568394002505e-15,2.6645352591003757e-15,3.552713678800501e-15,7.105427357601002e-15,0.0
0.0,2.220446049250313e-16,0.0,0.0,2.220446049250313e-16,0.0,-2.220446049250313e-16,0.0,2.220446049250313e-16,0.0,0.0,2.220446049250313e-16,2.220446049250313e-16,0.0,-2.220446049250313e-16,-2.220446049250313e-16,2.220446049250313e-16,-2.220446049250313e-16,0.0,2.220446049250313e-16,0.0,4.440892098500626e-16,4.440892098500626e-16,-2.220446049250313e-16,-4.440892098500626e-16,2.220446049250313e-16,2.220446049250313e-16,-2.220446049250313e-16,-2.220446049250313e-16,4.440892098500626e-16,-2.220446049250313e-16,4.440892098500626e-16,-4.440892098500626e-16,2.220446049250313e-16,4.440892098500626e-16,0.0,0.0,0.0,-8.881784197001252e-16,0.0,0.0,-4.440892098500626e-16,4.440892098500626e-16,0.0,8.881784197001252e-16,0.0,4.440892098500626e-16,0.0,8.881784197001252e-16,8.881784197001252e-16,0.0,4.440892098500626e-16,-4.440892098500626e-16,-8.881784197001252e-16,8.881784197001252e-16,-4.440892098500626e-16,0.0,0.0,0.0,0.0,4.440892098500626e-16,-1.3322676295501878e-15,0.0,8.881784197001252e-16,-1.7763568394002505e-15,-4.440892098500626e-16,-4.440892098500626e-16,-1.7763568394002505e-15,4.440892098500626e-16,1.3322676295501878e-15,-8.881784197001252e-16,0.0,0.0,-8.881784197001252e-16,-1.7763568394002505e-15,0.0,8.881784197001252e-16,-2.6645352591003757e-15,0.0,-1.7763568394002505e-15,-2.6645352591003757e-15,-3.552713678800501e-15,-8.881784197001252e-16,-1.7763568394002505e-15,-1.7763568394002505e-15,0.0,-8.881784197001252e-16,-8.881784197001252e-16,-2.6645352591003757e-15,-8.881784197001252e-16,-8.881784197001252e-16,-8.881784197001252e-16,1.7763568394002505e-15,8.881784197001252e-16,0.0,0.0,-8.881784197001252e-16,8.881784197001252e-16,-1.7763568394002505e-15,0.0,0.0
